:020000040800F2
:1000000010410124E902000881000108C1E1000853
:100010007900010899050008916E010800000000B0
:10002000000000000000000000000000710C01084A
:10003000911400080000000099040108090D01084E
:100040000303000803030008030300080303000878
:100050000303000803030008030300080303000868
:10006000030300080303000803030008B1080008A5
:10007000C1080008D1080008E1080008F1080008DC
:10008000010900081109000803030008C114000851
:10009000D114000803030008030300080303000849
:1000A0000303000803030008030300080303000818
:1000B0000303000803030008210F010803030008DD
:1000C00003030008030300080303000803030008F8
:1000D00041080108993401080303000803030008DC
:1000E000991400080303000800000000030300083F
:1000F00003030008030300080303000821090008A4
:100100000303000803030008310F0108030300087C
:1001100003030008A11C01080303000803030008EF
:1001200031090008410900085109000803030008CB
:100130006109000803030008030300080303000823
:1001400000000000000000000000000000000000AF
:100150000303000803030008030300080303000867
:100160000303000803030008030300080303000857
:1001700003030008F9000108030300080000000061
:100180000303000803030008B11C0108C11C010897
:100190000303000803030008030300080303000827
:1001A0000303000803030008030300080000000025
:1001B0000303000803030008030300080303000807
:1001C0000303000803030008000000000000000013
:1001D0000000000000000000030300080000000011
:1001E000000000000000000000000000000000000F
:1001F00000000000000000000303000803030008E3
:1002000003030008030300080000000003030008C4
:1002100003030008030300080303000803030008A6
:1002200003030008000000000303000800000000B2
:100230000303000803030008000000000303000894
:100240000303000803030008030300080303000876
:100250000303000803030008030300080303000866
:100260000303000803030008030300080303000856
:100270000303000803030008030300080000000054
:100280000303000803030008030300080303000836
:100290000000000003030008030300080000000042
:1002A000000000000303000803030008D11C01083C
:1002B000893401080303000803030008E11400085F
:1002C000030300080303000803030008DFF814D049
:1002D00000F0E6F800F070F800480047F13102083D
:1002E00000F0FAF81041012406488047064800470C
:1002F000FEE7FEE7FEE7FEE7FEE7FEE7FEE7FEE7D6
:10030000FEE7FEE7E10D0108CD0200082DE9F05FF0
:100310000546002092469B46884606468146402474
:100320001BE0284641464746224600F06DF85346FA
:100330005A46C01A914110D311461846224600F081
:1003400054F82D1A67EB01084F4622460120002180
:1003500000F04BF817EB00094E41201EA4F10104F8
:10036000DFDC484631462A464346BDE8F09F40EA76
:1003700001039B0703D009E008C9121F08C0042A23
:10038000FAD203E011F8013B00F8013B521EF9D20A
:100390007047D2B201E000F8012B491EFBD2704732
:1003A0000022F6E710B513460A4604461946FFF741
:1003B000F0FF204610BD00007CB5074800900748BC
:1003C00001900546009C04E02046016808448047EF
:1003D000241DAC42F8D17CBDC8550208D055020896
:1003E0000B460146184600F01FB8202A04DB203ACD
:1003F00000FA02F1002070479140C2F1200320FA78
:1004000003F3194390407047202A04DB203A21FA75
:1004100002F00021704721FA02F3D040C2F120021D
:1004200091400843194670472DE9F04107461546AB
:100430000E46102024F0FAF9040013D06760C4E9D6
:1004400002650948AFF3008000F042F801682160BE
:1004500006490460002008600348AFF300800020D4
:10046000BDE8F0810120FBE791250208100000247F
:1004700070B521F0004303430CD0C1F30A550024AA
:10048000D5EB040564EB0403D617AD1AB34102DBC8
:100490000020014670BD201841EB025170BD0000E4
:1004A0001CB509480090094801900546009C06E0EB
:1004B000E06840F0010394E8070098471034AC422C
:1004C000F6D3FFF707FF0000A8550208C855020839
:1004D000004870470C0000242DE9F84306461548F3
:1004E000AFF30080FFF7F4FF81464D46E846124F18
:1004F00016E026B1E068B04201D0254610E0206841
:1005000028600C48C7F80080AFF30080D4E90101EF
:1005100088470848AFF300803968414500D04D4610
:100520002C68002CE5D1002038600248AFF3008031
:10053000BDE8F8839125020810000024704770B5CB
:100540008C1810F8015B15F0070301D110F8013B7E
:100550002A1106D110F8012B03E010F8016B01F805
:10056000016B5B1EF9D12B0705D40023521E0DD45D
:1005700001F8013BFAE710F8013BCB1A921C03E0AB
:1005800013F8015B01F8015B521EF9D5A142D8D3E3
:10059000002070BD00000000FFE7FEE70000000043
:1005A00080B594B013901291139800684AF200013C
:1005B000C4F20001884227D1FFE7139840F2982146
:1005C000C2F20041086012984863002008900A9027
:1005D0000B9002210C91012107910D910E900F902B
:1005E00045F2F040C2F2004009900AA904F008FC6C
:1005F0000799089A099804F0BFFA089A09984FF0E9
:10060000007104F0B9FA6DE0139800684AF20041F5
:10061000C4F20001884225D1FFE7139840F28831E7
:10062000C2F20041086012984863002005900A90C9
:100630000B9002210C910D910E900F9045F290506D
:10064000C2F2004006900AA904F0DAFB059A069867
:10065000102104F091FA059A06984FF0007104F009
:100660008BFA3EE0139800684DF20041C4F200019D
:10067000884235D1FFE7139840F2E031C2F20041E1
:10068000086012984863002003900A900B900221A2
:1006900001910C91012102910D910E900F9045F264
:1006A0003060C2F2004004900AA904F0A9FB019A4C
:1006B000029B049869460B60114604F02DFC029AD7
:1006C0000498114604F048FB0299039A049804F038
:1006D00053FA039A04984FF0007104F04DFAFFE7C3
:1006E000FFE7FFE7139805F0DBFC14B080BD0000C6
:1006F00080B58EB00D90ADF832100B92ADF82A3067
:10070000BDF832000190002002900390BDF82A004D
:10071000082804DCFFE7BDF82A000490FFE7BDF8D5
:100720002A000C2803D1FFE709200490FFE7BDF859
:100730002A00102803D1FFE70A200490FFE7BDF844
:100740002A00142803D1FFE70B200490FFE7BDF82F
:100750002A00182803D1FFE70C200490FFE7BDF81A
:100760002A00202803D1FFE70D200490FFE7BDF801
:100770002A00302803D1FFE70E200490FFE7BDF8E0
:100780002A00402803D1FFE70F200490FFE7002054
:10079000059006900790089009900D980B9A01A972
:1007A00004F06AFA0EB080BD84B08DF80F0002919B
:1007B000ADF806209DF80F000146009123281DD8B2
:1007C0000099DFE801F012131415161B1B1B1B1BED
:1007D0001B1B1B1B1B1B1B1B1B1B1B1B1B1B1B1B69
:1007E0001B1B1B1B1B1B1718191A08E007E006E050
:1007F00005E004E003E002E001E000E0FFE70020A4
:1008000004B07047000000000020704700000000A6
:1008100080B582B044F67440C2F20040009041F6C8
:10082000A471C2F200410022019213F0E5F9009890
:1008300041F2A471C2F2004113F0BEF9019802B076
:1008400080BD00000000000080B584B003900291DC
:10085000039944F67440C2F20040009013F0ACF9E2
:10086000009813F04DF903990298026840F2E840AD
:10087000C2F2004001903030FFF779FD01980299F3
:100880000968A0F86010426E0398029909689047C1
:10089000002004B080BD000083B0029001918DF86B
:1008A000032000208DF802009DF9020003B070477C
:1008B00080B545F24000C2F2004002F025F880BD4C
:1008C00080B544F6C870C2F2004002F01DF880BD49
:1008D00080B544F65070C2F2004002F015F880BDB9
:1008E00080B545F21030C2F2004002F00DF880BD34
:1008F00080B545F29820C2F2004002F005F880BDB4
:1009000080B545F2B800C2F2004001F0FDFF80BDA5
:1009100080B545F23010C2F2004001F0F5FF80BD15
:1009200080B545F2A810C2F2004001F0EDFF80BD95
:1009300080B545F22020C2F2004001F0E5FF80BD05
:1009400080B545F20040C2F2004001F0DDFF80BDFD
:1009500080B545F27840C2F2004001F0D5FF80BD7D
:1009600080B545F28830C2F2004001F0CDFF80BD75
:1009700083B002900298016801201022C4F20202A2
:100980009142009000F0A380FFE7029801680120E7
:100990002822C4F202029142009000F09880FFE702
:1009A0000298016801204022C4F2020291420090A4
:1009B00000F08D80FFE70298016801205822C4F200
:1009C00002029142009000F08280FFE702980168E5
:1009D00001207022C4F202029142009077D0FFE71A
:1009E0000298016801208822C4F20202914200901C
:1009F0006DD0FFE7029801680120A022C4F2020234
:100A00009142009063D0FFE7029801680120B8226C
:100A1000C4F202029142009059D0FFE702980168A7
:100A2000012040F21042C4F20202914200904ED0E6
:100A3000FFE702980168012040F22842C4F2020256
:100A40009142009043D0FFE702980168012040F2F4
:100A50004042C4F202029142009038D0FFE702986F
:100A60000168012040F25842C4F202029142009013
:100A70002DD0FFE702980168012040F27042C4F2D5
:100A800002029142009022D0FFE702980168012003
:100A900040F28842C4F202029142009017D0FFE770
:100AA00002980168012040F2A042C4F20202914281
:100AB00000900CD0FFE7029800684FF64831CBF663
:100AC000FD710844B0FA80F040090090FFE70098FB
:100AD000C00740B3FFE70298007810384AF6AB2110
:100AE000CAF6AA21A0FB011000090190019800F0AC
:100AF000070144F68C20C0F60200405C0299C865EC
:100B00000198042807D3FFE702990868042262F3DA
:100B10000900886506E00299086840F2FF329043B8
:100B20008865FFE705E00299086820F0FF00886506
:100B3000FFE70298806D03B07047000000000000DE
:100B400084B0039003980068019003980168012025
:100B500045F20842C5F60202914200904ED0FFE7EE
:100B600003980168012045F21C42C5F60202914239
:100B7000009043D0FFE703980168012045F230421E
:100B8000C5F602029142009038D0FFE70398016851
:100B9000012045F24442C5F60202914200902DD058
:100BA000FFE703980168012045F25842C5F60202AA
:100BB0009142009022D0FFE703980168012045F29E
:100BC0006C42C5F602029142009017D0FFE70398ED
:100BD0000168012045F28042C5F602029142009070
:100BE0000CD0FFE7039800684AF66C31CAF2FD7139
:100BF0000844B0FA80F040090090FFE70098C00771
:100C000010B3FFE70398007808384CF6CD41CCF6D6
:100C1000CC41A0FB011000090290029945F60000AA
:100C2000C5F6020000EB810003990866039945F6BA
:100C30008000C5F602004866029800F01F010120FE
:100C400088400399886635E00398007810384AF6A2
:100C5000AB21CAF6AA21A0FB01100009029001985D
:100C600040F2B841C4F2020188420CD8FFE7019873
:100C700040F21041C4F20201884204D3FFE7029817
:100C800008300290FFE7029940F60000C4F202002B
:100C900000EB810003990866039940F68000C4F2D6
:100CA00002004866029800F01F0101208840039965
:100CB0008866FFE704B0704783B00290029800791D
:100CC00001900198002800F08A80FFE70198082829
:100CD00000F28580FFE702980168012045F2084292
:100CE000C5F60202914200904ED0FFE702980168DB
:100CF000012045F21C42C5F602029142009043D009
:100D0000FFE702980168012045F23042C5F6020271
:100D10009142009038D0FFE702980168012045F227
:100D20004442C5F60202914200902DD0FFE702989E
:100D30000168012045F25842C5F602029142009036
:100D400022D0FFE702980168012045F26C42C5F607
:100D500002029142009017D0FFE70298016801203B
:100D600045F28042C5F60202914200900CD0FFE7A6
:100D7000029800684AF66C31CAF2FD710844B0FA74
:100D800080F040090090FFE70098C00780B1FFE7BE
:100D9000019945F6FC00C5F6020000EB81000299BE
:100DA000C866029945F64010C5F6020008670FE0D4
:100DB000019940F6FC00C4F2020000EB81000299A8
:100DC000C866029940F64010C4F202000867FFE7C7
:100DD0000198411E0120884002994867FFE703B04F
:100DE000704700000000000085B0049000208DF8DE
:100DF0000F000498806918BBFFE70498806A02908E
:100E000003281BD80299DFE801F0020D02180498AC
:100E100090F82F00C00720B1FFE701208DF80F00E8
:100E2000FFE70CE00498C06AB0F1C07F04D1FFE78F
:100E300001208DF80F00FFE701E000E0FFE747E049
:100E400004988069B0F5005F26D1FFE70498806AB6
:100E5000019003281ED80199DFE801F00206021173
:100E600001208DF80F0016E0049890F82F00C007BD
:100E700020B1FFE701208DF80F00FFE70BE0049899
:100E8000C06AB0F1C07F04D1FFE701208DF80F00E8
:100E9000FFE700E0FFE71AE00498806A009003286B
:100EA00004D3FFE70098032804D00EE001208DF85A
:100EB0000F000BE0049890F82F00C00720B1FFE767
:100EC00001208DF80F00FFE700E0FFE7FFE7FFE7F5
:100ED0009DF80F0005B0704789B008900791069201
:100EE00005930898806D04900898806D0390089889
:100EF000016801201022C4F202029142029000F027
:100F00000381FFE70898016801202822C4F2020249
:100F10009142029000F0F880FFE7089801680120F4
:100F20004022C4F202029142029000F0ED80FFE7FD
:100F30000898016801205822C4F2020291420290EE
:100F400000F0E280FFE70898016801207022C4F2F7
:100F500002029142029000F0D780FFE708980168F2
:100F600001208822C4F202029142029000F0CC805B
:100F7000FFE7089801680120A022C4F20202914212
:100F8000029000F0C180FFE7089801680120B822B4
:100F9000C4F202029142029000F0B680FFE7089886
:100FA0000168012040F21042C4F202029142029014
:100FB00000F0AA80FFE708980168012040F228426B
:100FC000C4F202029142029000F09E80FFE708986E
:100FD0000168012040F24042C4F2020291420290B4
:100FE00000F09280FFE708980168012040F2584223
:100FF000C4F202029142029000F08680FFE7089856
:101000000168012040F27042C4F202029142029053
:101010007AD0FFE708980168012040F28842C4F2C4
:101020000202914202906FD0FFE708980168012008
:1010300040F2A042C4F202029142029064D0FFE763
:1010400008980168012040F2B842C4F202029142BD
:10105000029059D0FFE708980168012045F2084244
:10106000C5F60202914202904ED0FFE7089801684F
:10107000012045F21C42C5F602029142029043D083
:10108000FFE708980168012045F23042C5F60202E8
:101090009142029038D0FFE708980168012045F29C
:1010A0004442C5F60202914202902DD0FFE7089813
:1010B0000168012045F25842C5F6020291420290B1
:1010C00022D0FFE708980168012045F26C42C5F67E
:1010D00002029142029017D0FFE7089801680120B0
:1010E00045F28042C5F60202914202900CD0FFE721
:1010F000089800684AF66C31CAF2FD710844B0FAEB
:1011000080F040090290FFE70298C00770B1FFE746
:101110000898416E806E48600898C06E28B1FFE75D
:101120000898016F406F4860FFE7FFE70898016883
:1011300001201022C4F202029142019000F0A3802B
:10114000FFE70898016801202822C4F202029142B8
:10115000019000F09880FFE7089801680120402284
:10116000C4F202029142019000F08D80FFE70898DE
:10117000016801205822C4F202029142019000F05D
:101180008280FFE70898016801207022C4F2020201
:101190009142019077D0FFE70898016801208822EA
:1011A000C4F20202914201906DD0FFE708980168F5
:1011B0000120A022C4F202029142019063D0FFE715
:1011C000089801680120B822C4F2020291420190FD
:1011D00059D0FFE708980168012040F21042C4F29C
:1011E0000202914201904ED0FFE708980168012069
:1011F00040F22842C4F202029142019043D0FFE73C
:1012000008980168012040F24042C4F20202914273
:10121000019038D0FFE708980168012040F2584259
:10122000C4F20202914201902DD0FFE708980168B4
:10123000012040F27042C4F202029142019022D099
:10124000FFE708980168012040F28842C4F20202D8
:101250009142019017D0FFE708980168012040F201
:10126000A042C4F20202914201900CD0FFE708981C
:1012700000684FF64831CBF6FD710844B0FA80F0B3
:1012800040090190FFE70198C00750B3FFE70898B5
:10129000C06D00F01F013F208840049988600898C5
:1012A0000168086820F4802008600598089909689A
:1012B000486008988068402809D1FFE70698089997
:1012C00009688860079808990968C86008E0079865
:1012D000089909688860069808990968C860FFE756
:1012E00082E008980168012045F20842C5F6020232
:1012F000914200904ED0FFE708980168012045F226
:101300001C42C5F602029142009043D0FFE70898C4
:101310000168012045F23042C5F602029142009078
:1013200038D0FFE708980168012045F24442C5F62D
:101330000202914200902DD0FFE708980168012039
:1013400045F25842C5F602029142009022D0FFE7D2
:1013500008980168012045F26C42C5F602029142EC
:10136000009017D0FFE708980168012045F28042FD
:10137000C5F60202914200900CD0FFE70898006881
:101380004AF66C31CAF2FD710844B0FA80F04009A7
:101390000090FFE70098C00720B3FFE70898C06DF2
:1013A00000F01F01012088400399486005980899C2
:1013B0000968486008988068402809D1FFE70698C6
:1013C000089909688860079808990968C86008E062
:1013D0000798089909688860069808990968C8609C
:1013E000FFE700E0FFE7FFE709B0704700000000FB
:1013F00081B000904EF6FC51CEF20001086840F03A
:101400008070086041F6B071CEF2000108684CF6B9
:101410005562CCF2AC521043086041F20401CEF2A6
:1014200000010020086041F20002CEF200021168C3
:1014300041F001011160009944F24022C0F20F0214
:101440004A4340F21841C2F200410A600A6844F679
:10145000D353C1F26203A2FB0332920940F21C4350
:10146000C2F200431A6009684DF68362C4F21B326F
:10147000A1FB0221890C40F22042C2F2004211601D
:1014800040F23441C2F20041086001B070470000F0
:10149000704700000000000080B54FF4806004F049
:1014A000EFFE4FF4805004F0EBFE80BD0000000022
:1014B00081B0EFF3108072B60090FFE7FEE7000006
:1014C00080B545F2F040C2F2004003F01DFF80BD40
:1014D00080B545F29050C2F2004003F015FF80BD88
:1014E00080B545F23060C2F2004003F00DFF80BDD0
:1014F00084B002900298406B009002980068D0F887
:1015000084004FF6FC718843009940EA81000299FB
:101510000968C1F8840002980068D0F8840020F4BB
:101520007F00029A1168926B40EA0240C1F8840081
:101530000298816B00980844009002980068D0F8E7
:1015400088006FF38F00009940EA810002990968D2
:10155000C1F8880002980068D0F8880020F4FE00E6
:10156000029A1168D26B40EA0240C1F888000298E2
:10157000C16B009800EB4100009002980068D0F821
:10158000A0006FF38F00009940EA8100029909687A
:10159000C1F8A00002980068D0F8A00020F4FE0076
:1015A000029A1168126C40EA0240C1F8A000029948
:1015B000086C496C009A00FB0120009002980068BA
:1015C000D0F8B0006FF38F00009940EA81000299D3
:1015D0000968C1F8B00002980068D0F8B00020F4A3
:1015E000FE00029A1168926C40EA0240C1F8B00015
:1015F0000299886CC96C009A00FB01200090029847
:101600000068D0F8AC006FF38F00009940EA8100C9
:1016100002990968C1F8AC000299086D496D009AF9
:1016200000FB0120009002980068D0F8F0006FF3F2
:101630008F00009940EA810002990968C1F8F00022
:1016400002980068D0F8F00020F47C10029A11682B
:10165000926D40EA0240C1F8F0000298816D009856
:1016600000EB4100009002980068D0F8C0006FF3D2
:101670008F00009940EA810002990968C1F8C00012
:1016800002980068D0F8C00020F47C10029A11681B
:10169000D26D40EA0240C1F8C00002980068D0F85C
:1016A000C00020F07C50029A1168126E40EA02607D
:1016B000C1F8C00002994A6B4AF60040C4F200002B
:1016C00000EB8200C86602998A6BC86E00EB82004C
:1016D00008670299CA6B086F00EBC200486702995D
:1016E0000A6C4B6C486F5A4300EB82008867029982
:1016F0008A6CCB6C886F5A4300EB8200C8670299F2
:101700000A6D4B6DC86F5A4300EB8200C1F8800030
:1017100002998A6DD1F8800000EBC200C1F8840004
:101720000299CA6D8B6ED1F884005A4300EB820097
:10173000C1F8880002990A6E8B6ED1F888005A436E
:1017400000EB8200C1F890000298D0F890004DF2B2
:10175000FD31C4F2000188420FD3FFE70299D1F8AE
:101760009C0040F02000C1F89C000299032081F801
:10177000980001208DF80F0017E00298C06E0190CC
:10178000FFE701980299D1F89010884208D2FFE74C
:10179000019900200860FFE7019804300190F0E70C
:1017A000FFE700208DF80F00FFE79DF80F0004B061
:1017B000704700000000000088B007900691059275
:1017C00004930698406848B9FFE706980168826864
:1017D0000069104340EA8140039009E006980168DF
:1017E000826800691043084340F080400390FFE79F
:1017F0000698D0F820C0C16842698369C06940EA90
:101800000C601843104340EA014002900798826E32
:10181000D0F884000499514300EB810001900398B3
:1018200001990860019804300190029801990860BC
:1018300001980430019000200090FFE7009806997D
:10184000CA6844F67C21C0F60201895C88420DD248
:10185000FFE7059800994058019908600198043005
:101860000190FFE7009804300090E7E708B0704768
:1018700080B584B04EF60000C1F6F17000680390A8
:101880004EF60400C1F6F170006802904EF60800B2
:10189000C1F6F17000680190019903980844039023
:1018A000039888B1FFE7039840F2A411C2F2004107
:1018B0000091023108220DF03BF800990298123194
:1018C00004220DF035F8FFE704B080BD00000000F1
:1018D00080B58AB0089004F0EFFE0490089828B90B
:1018E000FFE701208DF8270000F0AABC089890F8C7
:1018F000350002280ED0FFE7089980204865FFE7F1
:101900000899002081F83400FFE701208DF82700B6
:1019100000F096BC0898016801201022C4F202026F
:101920009142039000F0A380FFE70898016801202E
:101930002822C4F202029142039000F09880FFE74F
:101940000898016801204022C4F2020291420390EB
:1019500000F08D80FFE70898016801205822C4F24A
:1019600002029142039000F08280FFE7089801682C
:1019700001207022C4F202029142039077D0FFE767
:101980000898016801208822C4F202029142039063
:101990006DD0FFE7089801680120A022C4F202027E
:1019A0009142039063D0FFE7089801680120B822B4
:1019B000C4F202029142039059D0FFE708980168EF
:1019C000012040F21042C4F20202914203904ED034
:1019D000FFE708980168012040F22842C4F20202A1
:1019E0009142039043D0FFE708980168012040F23C
:1019F0004042C4F202029142039038D0FFE70898B7
:101A00000168012040F25842C4F202029142039060
:101A10002DD0FFE708980168012040F27042C4F21F
:101A200002029142039022D0FFE70898016801204A
:101A300040F28842C4F202029142039017D0FFE7BD
:101A400008980168012040F2A042C4F202029142CB
:101A500003900CD0FFE7089800684FF64831CBF6AA
:101A6000FD710844B0FA80F040090390FFE7039845
:101A7000C00780B1FFE708980168086820F01E00E1
:101A8000086008980168486920F08000486108985B
:101A90000068059009E008980168086820F00E00C9
:101AA0000860089800680590FFE708980168012021
:101AB0001022C4F202029142029000F00381FFE77B
:101AC0000898016801202822C4F202029142029083
:101AD00000F0F880FFE70898016801204022C4F276
:101AE00002029142029000F0ED80FFE70898016841
:101AF00001205822C4F202029142029000F0E280DA
:101B0000FFE70898016801207022C4F202029142A6
:101B1000029000F0D780FFE7089801680120882232
:101B2000C4F202029142029000F0CC80FFE70898D4
:101B300001680120A022C4F202029142029000F04A
:101B4000C180FFE7089801680120B822C4F20202B0
:101B50009142029000F0B680FFE7089801680120EA
:101B600040F21042C4F202029142029000F0AA80B8
:101B7000FFE708980168012040F22842C4F20202FF
:101B80009142029000F09E80FFE7089801680120D2
:101B900040F24042C4F202029142029000F0928070
:101BA000FFE708980168012040F25842C4F202029F
:101BB0009142029000F08680FFE7089801680120BA
:101BC00040F27042C4F20202914202907AD0FFE7E2
:101BD00008980168012040F28842C4F20202914252
:101BE00002906FD0FFE708980168012040F2A04200
:101BF000C4F202029142029064D0FFE708980168A3
:101C0000012040F2B842C4F202029142029059D03F
:101C1000FFE708980168012045F20842C5F6020274
:101C2000914202904ED0FFE708980168012045F2EA
:101C30001C42C5F602029142029043D0FFE7089889
:101C40000168012045F23042C5F60202914202903D
:101C500038D0FFE708980168012045F24442C5F6F4
:101C60000202914202902DD0FFE7089801680120FE
:101C700045F25842C5F602029142029022D0FFE797
:101C800008980168012045F26C42C5F602029142B3
:101C9000029017D0FFE708980168012045F28042C2
:101CA000C5F60202914202900CD0FFE70898006846
:101CB0004AF66C31CAF2FD710844B0FA80F040096E
:101CC0000290FFE70298C00738B1FFE70898016E5D
:101CD000086820F480700860FFE708980068102109
:101CE000C4F20201884200F08180FFE70898006892
:101CF0002821C4F20201884278D0FFE708980068E2
:101D00004021C4F20201884270D0FFE708980068C1
:101D10005821C4F20201884268D0FFE708980068A1
:101D20007021C4F20201884260D0FFE70898006881
:101D30008821C4F20201884258D0FFE70898006861
:101D4000A021C4F20201884250D0FFE70898006841
:101D5000B821C4F20201884248D0FFE70898006821
:101D600040F21041C4F2020188423FD0FFE70898D8
:101D7000006840F22841C4F20201884236D0FFE7F1
:101D80000898006840F24041C4F2020188422DD018
:101D9000FFE70898006840F25841C4F20201884207
:101DA00024D0FFE70898006840F27041C4F20201B5
:101DB00088421BD0FFE70898006840F28841C4F2CF
:101DC0000201884212D0FFE70898006840F2A04163
:101DD000C4F20201884209D0FFE70898006840F287
:101DE000B841C4F20201884207D1FFE708980168B0
:101DF000086820F00100086006E00898016808689B
:101E000020F001000860FFE7FFE705980068C007C1
:101E1000C8B1FFE704F050FC0499401A062811D31A
:101E2000FFE70899202048650899032081F83500CC
:101E3000FFE70899002081F83400FFE701208DF8C2
:101E40002700FDE1E1E70898016801201022C4F2B3
:101E500002029142019000F0A380FFE70898016818
:101E600001202822C4F202029142019000F09880E1
:101E7000FFE70898016801204022C4F20202914263
:101E8000019000F08D80FFE708980168012058223A
:101E9000C4F202029142019000F08280FFE70898AC
:101EA000016801207022C4F202029142019077D0B1
:101EB000FFE70898016801208822C4F202029142DB
:101EC00001906DD0FFE7089801680120A022C4F2BC
:101ED00002029142019063D0FFE708980168012057
:101EE000B822C4F202029142019059D0FFE708984B
:101EF0000168012040F21042C4F2020291420190B6
:101F00004ED0FFE708980168012040F22842C4F251
:101F100002029142019043D0FFE708980168012036
:101F200040F24042C4F202029142019038D0FFE7F1
:101F300008980168012040F25842C4F2020291421E
:101F400001902DD0FFE708980168012040F270420F
:101F5000C4F202029142019022D0FFE70898016882
:101F6000012040F28842C4F202029142019017D04F
:101F7000FFE708980168012040F2A042C4F2020283
:101F8000914201900CD0FFE7089800684FF6483165
:101F9000CBF6FD710844B0FA80F040090190FFE7EC
:101FA0000198C00760B1FFE70898806D0790089816
:101FB000C06D00F01F013F208840079988600BE04A
:101FC0000898806D06900898C06D00F01F010120F0
:101FD000884006994860FFE70898016801201022B0
:101FE000C4F202029142009000F00381FFE70898DA
:101FF000016801202822C4F202029142009000F000
:10200000F880FFE70898016801204022C4F202022C
:102010009142009000F0ED80FFE7089801680120F0
:102020005822C4F202029142009000F0E280FFE7E1
:102030000898016801207022C4F2020291420090C7
:1020400000F0D780FFE70898016801208822C4F2D9
:1020500002029142009000F0CC80FFE708980168EE
:102060000120A022C4F202029142009000F0C1803F
:10207000FFE7089801680120B822C4F202029142E9
:10208000009000F0B680FFE708980168012040F258
:102090001042C4F202029142009000F0AA80FFE7D1
:1020A00008980168012040F22842C4F202029142DD
:1020B000009000F09E80FFE708980168012040F240
:1020C0004042C4F202029142009000F09280FFE789
:1020D00008980168012040F25842C4F2020291427D
:1020E000009000F08680FFE708980168012040F228
:1020F0007042C4F20202914200907AD0FFE7089841
:102100000168012040F28842C4F20202914200902C
:102110006FD0FFE708980168012040F2A042C4F2A6
:1021200002029142009064D0FFE708980168012004
:1021300040F2B842C4F202029142009059D0FFE747
:1021400008980168012045F20842C5F60202914252
:1021500000904ED0FFE708980168012045F21C422C
:10216000C5F602029142009043D0FFE7089801684B
:10217000012045F23042C5F602029142009038D06B
:10218000FFE708980168012045F24442C5F60202C3
:10219000914200902DD0FFE708980168012045F298
:1021A0005842C5F602029142009022D0FFE70898FB
:1021B0000168012045F26C42C5F60202914200908E
:1021C00017D0FFE708980168012045F28042C5F664
:1021D0000202914200900CD0FFE7089800684AF68E
:1021E0006C31CAF2FD710844B0FA80F040090090E9
:1021F000FFE70098C007A0B1FFE70898416E806E26
:1022000048600898C06E58B1FFE70898C16E08682A
:1022100020F4807008600898016F406F4860FFE705
:10222000FFE70899012081F83500FFE708990020B1
:1022300081F83400FFE7FFE700208DF82700FFE773
:102240009DF827000AB080BD80B586B00490049840
:1022500020B9FFE701208DF8170046E3049890F8B5
:102260003500022807D0FFE7049980204865012047
:102270008DF8170039E30498016801201022C4F298
:1022800002029142029000F0A380FFE704980168E7
:1022900001202822C4F202029142029000F09880AC
:1022A000FFE70498016801204022C4F20202914233
:1022B000029000F08D80FFE7049801680120582209
:1022C000C4F202029142029000F08280FFE704987B
:1022D000016801207022C4F202029142029077D07C
:1022E000FFE70498016801208822C4F202029142AB
:1022F00002906DD0FFE7049801680120A022C4F28B
:1023000002029142029063D0FFE704980168012025
:10231000B822C4F202029142029059D0FFE7049819
:102320000168012040F21042C4F202029142029080
:102330004ED0FFE704980168012040F22842C4F221
:1023400002029142029043D0FFE704980168012005
:1023500040F24042C4F202029142029038D0FFE7BC
:1023600004980168012040F25842C4F202029142EE
:1023700002902DD0FFE704980168012040F27042DE
:10238000C4F202029142029022D0FFE70498016851
:10239000012040F28842C4F202029142029017D01A
:1023A000FFE704980168012040F2A042C4F2020253
:1023B000914202900CD0FFE7049800684FF6483134
:1023C000CBF6FD710844B0FA80F040090290FFE7B7
:1023D0000298C007002800F09D80FFE704990420C0
:1023E00081F83500049800681021C4F20201884287
:1023F00000F08180FFE7049800682821C4F2020100
:10240000884278D0FFE7049800684021C4F20201B6
:10241000884270D0FFE7049800685821C4F2020196
:10242000884268D0FFE7049800687021C4F2020176
:10243000884260D0FFE7049800688821C4F2020156
:10244000884258D0FFE704980068A021C4F2020136
:10245000884250D0FFE704980068B821C4F2020116
:10246000884248D0FFE70498006840F21041C4F267
:10247000020188423FD0FFE70498006840F22841FB
:10248000C4F20201884236D0FFE70498006840F2A7
:102490004041C4F2020188422DD0FFE70498006851
:1024A00040F25841C4F20201884224D0FFE7049868
:1024B000006840F27041C4F2020188421BD0FFE77D
:1024C0000498006840F28841C4F20201884212D0A8
:1024D000FFE70498006840F2A041C4F2020188427C
:1024E00009D0FFE70498006840F2B841C4F2020145
:1024F000884207D1FFE704980168086820F00100CE
:10250000086006E004980168086820F0010008608F
:10251000FFE7E5E104980168086820F00E00086014
:10252000049800681021C4F20201884200F0818002
:10253000FFE7049800682821C4F20201884278D09D
:10254000FFE7049800684021C4F20201884270D07D
:10255000FFE7049800685821C4F20201884268D05D
:10256000FFE7049800687021C4F20201884260D03D
:10257000FFE7049800688821C4F20201884258D01D
:10258000FFE704980068A021C4F20201884250D0FD
:10259000FFE704980068B821C4F20201884248D0DD
:1025A000FFE70498006840F21041C4F2020188423B
:1025B0003FD0FFE70498006840F22841C4F20201CE
:1025C000884236D0FFE70498006840F24041C4F2E8
:1025D000020188422DD0FFE70498006840F258417C
:1025E000C4F20201884224D0FFE70498006840F258
:1025F0007041C4F2020188421BD0FFE704980068D2
:1026000040F28841C4F20201884212D0FFE70498E8
:10261000006840F2A041C4F20201884209D0FFE7FD
:102620000498006840F2B841C4F20201884207D120
:10263000FFE704980168086820F00100086006E0E0
:1026400004980168086820F001000860FFE704981A
:10265000016801201022C4F202029142019000F0B0
:102660000381FFE70498016801202822C4F20202D6
:102670009142019000F0F880FFE704980168012082
:102680004022C4F202029142019000F0ED80FFE787
:102690000498016801205822C4F20202914201907C
:1026A00000F0E280FFE70498016801207022C4F284
:1026B00002029142019000F0D780FFE70498016880
:1026C00001208822C4F202029142019000F0CC80E5
:1026D000FFE7049801680120A022C4F2020291429F
:1026E000019000F0C180FFE7049801680120B82242
:1026F000C4F202029142019000F0B680FFE7049814
:102700000168012040F21042C4F20202914201909D
:1027100000F0AA80FFE704980168012040F22842F7
:10272000C4F202029142019000F09E80FFE70498FB
:102730000168012040F24042C4F20202914201903D
:1027400000F09280FFE704980168012040F25842AF
:10275000C4F202029142019000F08680FFE70498E3
:102760000168012040F27042C4F2020291420190DD
:102770007AD0FFE704980168012040F28842C4F251
:102780000202914201906FD0FFE704980168012096
:1027900040F2A042C4F202029142019064D0FFE7ED
:1027A00004980168012040F2B842C4F2020291424A
:1027B000019059D0FFE704980168012045F20842D2
:1027C000C5F60202914201904ED0FFE704980168DD
:1027D000012045F21C42C5F602029142019043D00D
:1027E000FFE704980168012045F23042C5F6020275
:1027F0009142019038D0FFE704980168012045F22A
:102800004442C5F60202914201902DD0FFE70498A0
:102810000168012045F25842C5F60202914201903A
:1028200022D0FFE704980168012045F26C42C5F60A
:1028300002029142019017D0FFE70498016801203D
:1028400045F28042C5F60202914201900CD0FFE7AA
:10285000049800684AF66C31CAF2FD710844B0FA77
:1028600080F040090190FFE70198C00728B3FFE717
:102870000498016E086820F4807008600498806DE8
:1028800003900498C06D00F01F0101208840039957
:1028900048600498416E806E48600498C06E58B1DC
:1028A000FFE70498C16E086820F4807008600498FF
:1028B000016F406F4860FFE7FFE70499012081F84E
:1028C0003500FFE70499002081F83400FFE7049801
:1028D000006D20B1FFE70498016D8847FFE7FFE72F
:1028E000FFE700208DF81700FFE79DF8170006B0FE
:1028F00080BD00000000000081B000900098406D95
:1029000001B070470000000080B590B00F9000202B
:102910000B9040F2E800C2F20040006848F2B511A6
:10292000C1F64E31A0FB0110800A0A900F98806D0D
:1029300009900F98806D0890099800680E9008988B
:1029400000680D900F98016801201022C4F2020265
:102950009142079000F0A380FFE70F9801680120E3
:102960002822C4F202029142079000F09880FFE70B
:102970000F98016801204022C4F2020291420790A0
:1029800000F08D80FFE70F98016801205822C4F203
:1029900002029142079000F08280FFE70F980168E1
:1029A00001207022C4F202029142079077D0FFE723
:1029B0000F98016801208822C4F202029142079018
:1029C0006DD0FFE70F9801680120A022C4F2020237
:1029D0009142079063D0FFE70F9801680120B82269
:1029E000C4F202029142079059D0FFE70F980168A4
:1029F000012040F21042C4F20202914207904ED0F0
:102A0000FFE70F980168012040F22842C4F2020259
:102A10009142079043D0FFE70F980168012040F2F0
:102A20004042C4F202029142079038D0FFE70F986B
:102A30000168012040F25842C4F20202914207901C
:102A40002DD0FFE70F980168012040F27042C4F2D8
:102A500002029142079022D0FFE70F9801680120FF
:102A600040F28842C4F202029142079017D0FFE779
:102A70000F980168012040F2A042C4F20202914284
:102A800007900CD0FFE70F9800684FF64831CBF65F
:102A9000FD710844B0FA80F040090790FFE70798FD
:102AA000C007002800F01385FFE70E980F99C96D45
:102AB00001F01F01C8400007002840F1B080FFE787
:102AC0000F9800681021C4F20201884200F0818052
:102AD000FFE70F9800682821C4F20201884278D0ED
:102AE000FFE70F9800684021C4F20201884270D0CD
:102AF000FFE70F9800685821C4F20201884268D0AD
:102B0000FFE70F9800687021C4F20201884260D08C
:102B1000FFE70F9800688821C4F20201884258D06C
:102B2000FFE70F980068A021C4F20201884250D04C
:102B3000FFE70F980068B821C4F20201884248D02C
:102B4000FFE70F98006840F21041C4F2020188428A
:102B50003FD0FFE70F98006840F22841C4F202011D
:102B6000884236D0FFE70F98006840F24041C4F237
:102B7000020188422DD0FFE70F98006840F25841CB
:102B8000C4F20201884224D0FFE70F98006840F2A7
:102B90007041C4F2020188421BD0FFE70F98006821
:102BA00040F28841C4F20201884212D0FFE70F9838
:102BB000006840F2A041C4F20201884209D0FFE758
:102BC0000F98006840F2B841C4F20201884207D170
:102BD000FFE70F980068006800F00400069006E028
:102BE0000F980068006800F008000690FFE706985C
:102BF000A0B1FFE70F980168086820F004000860A2
:102C00000F98C06D00F01F01082088400999886066
:102C10000F99486D40F001004865FFE7FFE70E9807
:102C20000F99C96D01F01F01C840C007002800F0CE
:102C3000A980FFE70F9800681021C4F202018842C2
:102C400000F08180FFE70F9800682821C4F202019C
:102C5000884278D0FFE70F9800684021C4F2020153
:102C6000884270D0FFE70F9800685821C4F2020133
:102C7000884268D0FFE70F9800687021C4F2020113
:102C8000884260D0FFE70F9800688821C4F20201F3
:102C9000884258D0FFE70F980068A021C4F20201D3
:102CA000884250D0FFE70F980068B821C4F20201B3
:102CB000884248D0FFE70F98006840F21041C4F204
:102CC000020188423FD0FFE70F98006840F2284198
:102CD000C4F20201884236D0FFE70F98006840F244
:102CE0004041C4F2020188422DD0FFE70F980068EE
:102CF00040F25841C4F20201884224D0FFE70F9805
:102D0000006840F27041C4F2020188421BD0FFE724
:102D10000F98006840F28841C4F20201884212D044
:102D2000FFE70F98006840F2A041C4F20201884218
:102D300009D0FFE70F98006840F2B841C4F20201E1
:102D4000884207D1FFE70F980068406900F08000D3
:102D5000059005E00F980068006800200590FFE7E7
:102D6000059870B1FFE70F98C06D00F01F010120BA
:102D70008840099988600F99486D40F002004865C5
:102D8000FFE7FFE70E980F99C96D01F01F01C840DA
:102D90004007002840F1A980FFE70F980068102144
:102DA000C4F20201884200F08180FFE70F980068BA
:102DB0002821C4F20201884278D0FFE70F9800680A
:102DC0004021C4F20201884270D0FFE70F980068EA
:102DD0005821C4F20201884268D0FFE70F980068CA
:102DE0007021C4F20201884260D0FFE70F980068AA
:102DF0008821C4F20201884258D0FFE70F9800688A
:102E0000A021C4F20201884250D0FFE70F98006869
:102E1000B821C4F20201884248D0FFE70F98006849
:102E200040F21041C4F2020188423FD0FFE70F9800
:102E3000006840F22841C4F20201884236D0FFE720
:102E40000F98006840F24041C4F2020188422DD040
:102E5000FFE70F98006840F25841C4F2020188422F
:102E600024D0FFE70F98006840F27041C4F20201DD
:102E700088421BD0FFE70F98006840F28841C4F2F7
:102E80000201884212D0FFE70F98006840F2A0418B
:102E9000C4F20201884209D0FFE70F98006840F2AF
:102EA000B841C4F20201884207D1FFE70F980068D9
:102EB000006800F00200049005E00F9800680068C8
:102EC00000200490FFE7049870B1FFE70F98C06DF1
:102ED00000F01F0104208840099988600F99486D0F
:102EE00040F004004865FFE7FFE70E980F99C96DB1
:102EF00001F01F01C840C006002840F1DE80FFE756
:102F00000F9800681021C4F20201884200F081800D
:102F1000FFE70F9800682821C4F20201884278D0A8
:102F2000FFE70F9800684021C4F20201884270D088
:102F3000FFE70F9800685821C4F20201884268D068
:102F4000FFE70F9800687021C4F20201884260D048
:102F5000FFE70F9800688821C4F20201884258D028
:102F6000FFE70F980068A021C4F20201884250D008
:102F7000FFE70F980068B821C4F20201884248D0E8
:102F8000FFE70F98006840F21041C4F20201884246
:102F90003FD0FFE70F98006840F22841C4F20201D9
:102FA000884236D0FFE70F98006840F24041C4F2F3
:102FB000020188422DD0FFE70F98006840F2584187
:102FC000C4F20201884224D0FFE70F98006840F263
:102FD0007041C4F2020188421BD0FFE70F980068DD
:102FE00040F28841C4F20201884212D0FFE70F98F4
:102FF000006840F2A041C4F20201884209D0FFE714
:103000000F98006840F2B841C4F20201884207D12B
:10301000FFE70F980068006800F00800039006E0E2
:103020000F980068006800F004000390FFE7039821
:10303000002841D0FFE70F98C06D00F01F0110205D
:103040008840099988600F9800680068400300284C
:103050001AD5FFE70F98006800680003002809D41C
:10306000FFE70F98006C20B1FFE70F98016C8847CD
:10307000FFE708E00F98806C20B1FFE70F98816CA4
:103080008847FFE7FFE716E00F9800680068C00573
:10309000002807D4FFE70F980168086820F00800AF
:1030A0000860FFE70F98006C20B1FFE70F98016CF4
:1030B0008847FFE7FFE7FFE7FFE70E980F99C96D25
:1030C00001F01F01C8408006002840F12681FFE77B
:1030D0000F9800681021C4F20201884200F081803C
:1030E000FFE70F9800682821C4F20201884278D0D7
:1030F000FFE70F9800684021C4F20201884270D0B7
:10310000FFE70F9800685821C4F20201884268D096
:10311000FFE70F9800687021C4F20201884260D076
:10312000FFE70F9800688821C4F20201884258D056
:10313000FFE70F980068A021C4F20201884250D036
:10314000FFE70F980068B821C4F20201884248D016
:10315000FFE70F98006840F21041C4F20201884274
:103160003FD0FFE70F98006840F22841C4F2020107
:10317000884236D0FFE70F98006840F24041C4F221
:10318000020188422DD0FFE70F98006840F25841B5
:10319000C4F20201884224D0FFE70F98006840F291
:1031A0007041C4F2020188421BD0FFE70F9800680B
:1031B00040F28841C4F20201884212D0FFE70F9822
:1031C000006840F2A041C4F20201884209D0FFE742
:1031D0000F98006840F2B841C4F20201884207D15A
:1031E000FFE70F980068006800F01000029006E00A
:1031F0000F980068006800F002000290FFE7029854
:10320000002800F08980FFE70F98C06D00F01F01D3
:1032100020208840099988600F9890F8350004288C
:1032200037D1FFE70F980168086820F016000860A2
:103230000F980168486920F0800048610F98006C81
:1032400020B9FFE70F98806C38B1FFE70F9801684D
:10325000086820F008000860FFE70F98C06D00F0D4
:103260001F013F208840099988600F99012081F84B
:103270003500FFE70F99002081F83400FFE70F9831
:10328000006D20B1FFE70F98016D8847FFE700F060
:1032900019BC0F9800680068400300281AD5FFE7A2
:1032A0000F98006800680003002809D4FFE70F9812
:1032B000406C20B1FFE70F98416C8847FFE708E0BA
:1032C0000F98C06B20B1FFE70F98C16B8847FFE7ED
:1032D000FFE720E00F9800680068C005002811D4BF
:1032E000FFE70F980168086820F0100008600F9948
:1032F000012081F83500FFE70F99002081F83400A4
:10330000FFE7FFE70F98C06B20B1FFE70F98C16B95
:103310008847FFE7FFE7FFE7FFE70F98406D0028CA
:1033200000F0D480FFE70F98406DC007002800F040
:10333000C480FFE70F99042081F835000F980068DA
:103340001021C4F20201884200F08180FFE70F984B
:1033500000682821C4F20201884278D0FFE70F9864
:1033600000684021C4F20201884270D0FFE70F9844
:1033700000685821C4F20201884268D0FFE70F9824
:1033800000687021C4F20201884260D0FFE70F9804
:1033900000688821C4F20201884258D0FFE70F98E4
:1033A0000068A021C4F20201884250D0FFE70F98C4
:1033B0000068B821C4F20201884248D0FFE70F98A4
:1033C000006840F21041C4F2020188423FD0FFE79A
:1033D0000F98006840F22841C4F20201884236D0BA
:1033E000FFE70F98006840F24041C4F202018842B2
:1033F0002DD0FFE70F98006840F25841C4F2020157
:10340000884224D0FFE70F98006840F27041C4F270
:10341000020188421BD0FFE70F98006840F2884104
:10342000C4F20201884212D0FFE70F98006840F210
:10343000A041C4F20201884209D0FFE70F9800685A
:1034400040F2B841C4F20201884207D1FFE70F9869
:103450000168086820F00100086006E00F98016824
:10346000086820F001000860FFE7FFE70B980130D3
:103470000B900A99884201D9FFE707E0FFE70F9810
:1034800000680068C0070028F0D1FFE70F980068C7
:103490000068C00728B1FFE70F99032081F83500C5
:1034A00004E00F99012081F83500FFE7FFE70F994D
:1034B000002081F83400FFE7FFE70F98C06C20B1CF
:1034C000FFE70F98C16C8847FFE7FFE7FAE20F9824
:1034D0000168012045F20842C5F6020291420190BE
:1034E0004ED0FFE70F980168012045F21C42C5F657
:1034F00002029142019043D0FFE70F98016801203A
:1035000045F23042C5F602029142019038D0FFE701
:103510000F980168012045F24442C5F6020291422B
:1035200001902DD0FFE70F980168012045F2584225
:10353000C5F602029142019022D0FFE70F98016880
:10354000012045F26C42C5F602029142019017D06B
:10355000FFE70F980168012045F28042C5F602029C
:10356000914201900CD0FFE70F9800684AF66C3149
:10357000CAF2FD710844B0FA80F040090190FFE7FB
:103580000198C007002800F09B82FFE70F980068B1
:1035900000680C900D980F99C96D01F01F01C8408B
:1035A0004007002840F1D780FFE79DF83000400732
:1035B000002840F1D080FFE70F98C06D00F01F0198
:1035C00004208840089948609DF8310000060028D2
:1035D00018D5FFE79DF83200C00748B9FFE70F98FC
:1035E000806C20B1FFE70F98816C8847FFE708E007
:1035F0000F98006C20B1FFE70F98016C8847FFE738
:10360000FFE7A7E09DF830008006002800F19980D0
:10361000FFE70F9800681021C4F20201884200F011
:103620008180FFE70F9800682821C4F202018842D8
:1036300078D0FFE70F9800684021C4F20201884269
:1036400070D0FFE70F9800685821C4F20201884249
:1036500068D0FFE70F9800687021C4F20201884229
:1036600060D0FFE70F9800688821C4F20201884209
:1036700058D0FFE70F980068A021C4F202018842E9
:1036800050D0FFE70F980068B821C4F202018842C9
:1036900048D0FFE70F98006840F21041C4F20201E1
:1036A00088423FD0FFE70F98006840F22841C4F2FB
:1036B0000201884236D0FFE70F98006840F240418F
:1036C000C4F2020188422DD0FFE70F98006840F253
:1036D0005841C4F20201884224D0FFE70F980068E5
:1036E00040F27041C4F2020188421BD0FFE70F98FC
:1036F000006840F28841C4F20201884212D0FFE71C
:103700000F98006840F2A041C4F20201884209D03B
:10371000FFE70F98006840F2B841C4F20201884206
:1037200007D1FFE70F980168086820F008000860DB
:1037300006E00F980168086820F004000860FFE7C1
:10374000FFE70F98006C20B1FFE70F98016C8847E6
:10375000FFE7FFE7B3E10D980F99C96D01F01F0175
:10376000C8408007002840F1E180FFE79DF8300065
:103770008007002840F1DA80FFE70F98C06D00F065
:103780001F0102208840089948609DF8310000061A
:10379000002818D5FFE79DF83200C00748B9FFE7B9
:1037A0000F98406C20B1FFE70F98416C8847FFE706
:1037B00008E00F98C06B20B1FFE70F98C16B8847F6
:1037C000FFE7FFE7B1E09DF830008006002800F138
:1037D000A380FFE70F9800681021C4F2020188421D
:1037E00000F08180FFE70F9800682821C4F20201F1
:1037F000884278D0FFE70F9800684021C4F20201A8
:10380000884270D0FFE70F9800685821C4F2020187
:10381000884268D0FFE70F9800687021C4F2020167
:10382000884260D0FFE70F9800688821C4F2020147
:10383000884258D0FFE70F980068A021C4F2020127
:10384000884250D0FFE70F980068B821C4F2020107
:10385000884248D0FFE70F98006840F21041C4F258
:10386000020188423FD0FFE70F98006840F22841EC
:10387000C4F20201884236D0FFE70F98006840F298
:103880004041C4F2020188422DD0FFE70F98006842
:1038900040F25841C4F20201884224D0FFE70F9859
:1038A000006840F27041C4F2020188421BD0FFE779
:1038B0000F98006840F28841C4F20201884212D099
:1038C000FFE70F98006840F2A041C4F2020188426D
:1038D00009D0FFE70F98006840F2B841C4F2020136
:1038E000884207D1FFE70F980168086820F01400AC
:1038F000086006E00F980168086820F00A00086078
:10390000FFE70F99012081F83500FFE70F990020AC
:1039100081F83400FFE7FFE70F98C06B20B1FFE7A5
:103920000F98C16B8847FFE7FFE7C7E00D980F9935
:10393000C96D01F01F01C8400007002840F1BC809C
:10394000FFE79DF830000007002840F1B580FFE751
:103950000F9800681021C4F20201884200F08180B3
:10396000FFE70F9800682821C4F20201884278D04E
:10397000FFE70F9800684021C4F20201884270D02E
:10398000FFE70F9800685821C4F20201884268D00E
:10399000FFE70F9800687021C4F20201884260D0EE
:1039A000FFE70F9800688821C4F20201884258D0CE
:1039B000FFE70F980068A021C4F20201884250D0AE
:1039C000FFE70F980068B821C4F20201884248D08E
:1039D000FFE70F98006840F21041C4F202018842EC
:1039E0003FD0FFE70F98006840F22841C4F202017F
:1039F000884236D0FFE70F98006840F24041C4F299
:103A0000020188422DD0FFE70F98006840F258412C
:103A1000C4F20201884224D0FFE70F98006840F208
:103A20007041C4F2020188421BD0FFE70F98006882
:103A300040F28841C4F20201884212D0FFE70F9899
:103A4000006840F2A041C4F20201884209D0FFE7B9
:103A50000F98006840F2B841C4F20201884207D1D1
:103A6000FFE70F980168086820F01C00086006E076
:103A70000F980168086820F00E000860FFE70F98B3
:103A8000C06D00F01F01012000FA01F1089A516099
:103A90000F9948650F9981F83500FFE70F990020CD
:103AA00081F83400FFE70F98C06C20B1FFE70F9852
:103AB000C16C8847FFE700E0FFE7FFE7FFE700E0B2
:103AC000FFE7FFE710B080BD10B58EB00C9002F09C
:103AD000F3FD0A900C9828B9FFE701208DF8370014
:103AE00000F09EBC0C98016801201022C4F2020272
:103AF0009142079000F0A380FFE70C980168012035
:103B00002822C4F202029142079000F09880FFE759
:103B10000C98016801204022C4F2020291420790F1
:103B200000F08D80FFE70C98016801205822C4F254
:103B300002029142079000F08280FFE70C98016832
:103B400001207022C4F202029142079077D0FFE771
:103B50000C98016801208822C4F202029142079069
:103B60006DD0FFE70C9801680120A022C4F2020288
:103B70009142079063D0FFE70C9801680120B822BA
:103B8000C4F202029142079059D0FFE70C980168F5
:103B9000012040F21042C4F20202914207904ED03E
:103BA000FFE70C980168012040F22842C4F20202AB
:103BB0009142079043D0FFE70C980168012040F242
:103BC0004042C4F202029142079038D0FFE70C98BD
:103BD0000168012040F25842C4F20202914207906B
:103BE0002DD0FFE70C980168012040F27042C4F22A
:103BF00002029142079022D0FFE70C980168012051
:103C000040F28842C4F202029142079017D0FFE7C7
:103C10000C980168012040F2A042C4F202029142D5
:103C200007900CD0FFE70C9800684FF64831CBF6B0
:103C3000FD710844B0FA80F040090790FFE707984B
:103C4000C007002800F07881FFE70C98406A08B1AF
:103C5000FFE7FFE70C99022081F83500FFE70C9998
:103C6000002081F83400FFE70C9800681021C4F2AE
:103C70000201884200F08180FFE70C98006828214B
:103C8000C4F20201884278D0FFE70C980068402116
:103C9000C4F20201884270D0FFE70C9800685821F6
:103CA000C4F20201884268D0FFE70C9800687021D6
:103CB000C4F20201884260D0FFE70C9800688821B6
:103CC000C4F20201884258D0FFE70C980068A02196
:103CD000C4F20201884250D0FFE70C980068B82176
:103CE000C4F20201884248D0FFE70C98006840F215
:103CF0001041C4F2020188423FD0FFE70C980068EF
:103D000040F22841C4F20201884236D0FFE70C9805
:103D1000006840F24041C4F2020188422DD0FFE722
:103D20000C98006840F25841C4F20201884224D045
:103D3000FFE70C98006840F27041C4F2020188422B
:103D40001BD0FFE70C98006840F28841C4F20201E2
:103D5000884212D0FFE70C98006840F2A041C4F2FC
:103D60000201884209D0FFE70C98006840F2B84190
:103D7000C4F20201884207D1FFE70C980168086885
:103D800020F00100086006E00C980168086820F047
:103D900001000860FFE7FFE70C9800680068C007B3
:103DA00098B1FFE702F088FC0A99401A06280BD365
:103DB000FFE70C99202048650C99032081F8350015
:103DC00001208DF837002BE3E6E70C9800680068C7
:103DD0000B900B9848F23F01CFF6106108400B9012
:103DE0000C998868D1F80CC00B694A6940EA0C004C
:103DF000184310438A691043CA691043096A014392
:103E00000B9808430B900C98406A042808D1FFE7F0
:103E10000C99C86A096B01430B9808430B90FFE7A4
:103E20000C984068292807D3FFE70C9841680120C7
:103E30002F29069036D3FFE70C9840683F2807D318
:103E4000FFE70C9841680120432906902AD3FFE739
:103E50000C984068472807D3FFE70C984168012079
:103E6000492906901ED3FFE70C9840684F2807D3D6
:103E7000FFE70C98416801205329069012D3FFE711
:103E80000C98416800207429059008D3FFE70C982E
:103E900041680020782938BF01200590FFE7059888
:103EA0000690FFE70698C00728B1FFE70B9840F49B
:103EB00080100B90FFE70B980C99096808600C982C
:103EC000006840690B900B9820F007000B900C984D
:103ED000416A0B9808430B900C98406A04281AD149
:103EE000FFE70C98816A0B9808430B900C98C06A06
:103EF00080B1FFE70C98FCF777FF50B1FFE70C9912
:103F0000402048650C99012081F835008DF8370074
:103F100086E2FFE7FFE70B980C99096848610C9867
:103F2000FCF726FD09900C98C06D00F01F013F20A2
:103F300088400999886026E10C980168012045F2C3
:103F40000842C5F60202914204904ED0FFE70C9859
:103F50000168012045F21C42C5F60202914204901C
:103F600043D0FFE70C980168012045F23042C5F6C6
:103F700002029142049038D0FFE70C9801680120BA
:103F800045F24442C5F60202914204902DD0FFE76B
:103F90000C980168012045F25842C5F60202914290
:103FA000049022D0FFE70C980168012045F26C4292
:103FB000C5F602029142049017D0FFE70C98016801
:103FC000012045F28042C5F60202914204900CD0D5
:103FD000FFE70C9800684AF66C31CAF2FD7108449C
:103FE000B0FA80F040090490FFE70498C007002869
:103FF00000F0BD80FFE70C980168012045F20842FF
:10400000C5F60202914203904ED0FFE70C9801687A
:10401000012045F21C42C5F602029142039043D0B2
:10402000FFE70C980168012045F23042C5F6020214
:104030009142039038D0FFE70C980168012045F2C7
:104040004442C5F60202914203902DD0FFE70C983E
:104050000168012045F25842C5F6020291420390E0
:1040600022D0FFE70C980168012045F26C42C5F6AA
:1040700002029142039017D0FFE70C9801680120DB
:1040800045F28042C5F60202914203900CD0FFE750
:104090000C9800684AF66C31CAF2FD710844B0FA17
:1040A00080F040090390FFE70398C00708B1FFE7DD
:1040B000FFE70C99022081F83500FFE70C990020FA
:1040C00081F83400FFE70C98006800680B900B98AB
:1040D0006FF310100B900C988068402803D1FFE715
:1040E0001020029008E00C9880688038B0FA80F0C8
:1040F000400980030290FFE702980C99CA680B6997
:10410000D1F814C0D1F818E0CC694EEA040E4CEA9C
:104110000E0C43EA0C031A4340EAD200096A40EA53
:1041200011110B9808430B900B980C9909680860C3
:104130000C9908684AF6F832CAF2FD7210444CF63F
:10414000CD42CCF6CC42A0FB02026FF0030000EAA5
:104150009200C8650C98FCF70BFC08900C98C06D99
:1041600000F01F0101208840089948600AE00C997E
:10417000402048650C99032081F8350001208DF816
:1041800037004DE1FFE70C98016801201022C4F2CE
:1041900002029142019000F00381FFE70C98016850
:1041A00001202822C4F202029142019000F0F8801E
:1041B000FFE70C98016801204022C4F202029142FC
:1041C000019000F0ED80FFE70C9801680120582273
:1041D000C4F202029142019000F0E280FFE70C98E5
:1041E000016801207022C4F202029142019000F0A5
:1041F000D780FFE70C98016801208822C4F20202F0
:104200009142019000F0CC80FFE70C9801680120FA
:10421000A022C4F202029142019000F0C180FFE7A7
:104220000C9801680120B822C4F202029142019068
:1042300000F0B680FFE70C980168012040F21042C0
:10424000C4F202029142019000F0AA80FFE70C98AC
:104250000168012040F22842C4F20202914201901A
:1042600000F09E80FFE70C980168012040F2404278
:10427000C4F202029142019000F09280FFE70C9894
:104280000168012040F25842C4F2020291420190BA
:1042900000F08680FFE70C980168012040F2704230
:1042A000C4F20202914201907AD0FFE70C980168B3
:1042B000012040F28842C4F20202914201906FD084
:1042C000FFE70C980168012040F2A042C4F202020C
:1042D0009142019064D0FFE70C980168012040F200
:1042E000B842C4F202029142019059D0FFE70C9803
:1042F0000168012045F20842C5F602029142019090
:104300004ED0FFE70C980168012045F21C42C5F62B
:1043100002029142019043D0FFE70C98016801200E
:1043200045F23042C5F602029142019038D0FFE7D3
:104330000C980168012045F24442C5F60202914200
:1043400001902DD0FFE70C980168012045F25842FA
:10435000C5F602029142019022D0FFE70C98016855
:10436000012045F26C42C5F602029142019017D03D
:10437000FFE70C980168012045F28042C5F6020271
:10438000914201900CD0FFE70C9800684AF66C311E
:10439000CAF2FD710844B0FA80F040090190FFE7CD
:1043A0000198C00790B3FFE70C98FCF7C9FB0C9885
:1043B0008068802804D1FFE70C9900204860FFE75F
:1043C0000C990879096E08600C98416E806E4860FF
:1043D0000C98406888B1FFE70C98406808280CD812
:1043E000FFE70C98FCF768FC0C98C16E0020086091
:1043F0000C98016F406F486007E00C990020C86678
:104400000C9908670C994867FFE7FFE70C990020B3
:1044100048650C9A012182F835108DF83700FFE7C6
:104420009DF837000EB010BD80B588B0069005919C
:104430000492039300208DF80B00069820B9FFE743
:1044400001208DF81F006CE3FFE7069890F8340018
:10445000012804D1FFE702208DF81F0061E30699CF
:10446000012081F83400FFE7FFE7069890F8350057
:10447000012840F04383FFE70699022081F83500C8
:10448000069900204865069800681021C4F20201D0
:10449000884200F08180FFE7069800682821C4F276
:1044A0000201884278D0FFE7069800684021C4F2F4
:1044B0000201884270D0FFE7069800685821C4F2D4
:1044C0000201884268D0FFE7069800687021C4F2B4
:1044D0000201884260D0FFE7069800688821C4F294
:1044E0000201884258D0FFE706980068A021C4F274
:1044F0000201884250D0FFE706980068B821C4F254
:104500000201884248D0FFE70698006840F2104157
:10451000C4F2020188423FD0FFE70698006840F2EB
:104520002841C4F20201884236D0FFE706980068AD
:1045300040F24041C4F2020188422DD0FFE70698C4
:10454000006840F25841C4F20201884224D0FFE7DB
:104550000698006840F27041C4F2020188421BD004
:10456000FFE70698006840F28841C4F202018842E1
:1045700012D0FFE70698006840F2A041C4F20201A1
:10458000884209D0FFE70698006840F2B841C4F2BB
:104590000201884207D1FFE706980168086820F009
:1045A0000100086006E006980168086820F0010034
:1045B0000860FFE706980599049A039BFCF78CFCBA
:1045C0000698016801201022C4F202029142019073
:1045D00000F0A380FFE70698016801202822C4F2BA
:1045E00002029142019000F09880FFE7069801686E
:1045F00001204022C4F202029142019000F08D801D
:10460000FFE70698016801205822C4F20202914295
:10461000019000F08280FFE7069801680120702277
:10462000C4F202029142019077D0FFE70698016838
:1046300001208822C4F20202914201906DD0FFE76E
:10464000069801680120A022C4F202029142019062
:1046500063D0FFE7069801680120B822C4F2020285
:104660009142019059D0FFE706980168012040F27D
:104670001042C4F20202914201904ED0FFE7069828
:104680000168012040F22842C4F2020291420190E6
:1046900043D0FFE706980168012040F24042C4F28F
:1046A00002029142019038D0FFE70698016801208C
:1046B00040F25842C4F20202914201902DD0FFE72D
:1046C00006980168012040F27042C4F20202914251
:1046D000019022D0FFE706980168012040F288424D
:1046E000C4F202029142019017D0FFE706980168D8
:1046F000012040F2A042C4F20202914201900CD08B
:10470000FFE7069800684FF64831CBF6FD71084484
:10471000B0FA80F040090190FFE70198C007A8B106
:10472000FFE70698006800680B2161F344000699D2
:10473000096808600698006C38B1FFE706980168C0
:10474000086840F008000860FFE714E00698006879
:104750000068052161F3430006990968086006981E
:10476000006C38B1FFE706980168086840F0040063
:104770000860FFE7FFE70698016801201022C4F2F5
:1047800002029142009000F00381FFE70698016861
:1047900001202822C4F202029142009000F0F88029
:1047A000FFE70698016801204022C4F2020291420C
:1047B000009000F0ED80FFE7069801680120582284
:1047C000C4F202029142009000F0E280FFE70698F6
:1047D000016801207022C4F202029142009000F0B0
:1047E000D780FFE70698016801208822C4F2020200
:1047F0009142009000F0CC80FFE70698016801200C
:10480000A022C4F202029142009000F0C180FFE7B2
:10481000069801680120B822C4F202029142009079
:1048200000F0B680FFE706980168012040F21042D0
:10483000C4F202029142009000F0AA80FFE70698BD
:104840000168012040F22842C4F202029142009025
:1048500000F09E80FFE706980168012040F2404288
:10486000C4F202029142009000F09280FFE70698A5
:104870000168012040F25842C4F2020291420090C5
:1048800000F08680FFE706980168012040F2704240
:10489000C4F20202914200907AD0FFE706980168C4
:1048A000012040F28842C4F20202914200906FD08F
:1048B000FFE706980168012040F2A042C4F202021C
:1048C0009142009064D0FFE706980168012040F211
:1048D000B842C4F202029142009059D0FFE7069814
:1048E0000168012045F20842C5F60202914200909B
:1048F0004ED0FFE706980168012045F21C42C5F63C
:1049000002029142009043D0FFE70698016801201F
:1049100045F23042C5F602029142009038D0FFE7DE
:1049200006980168012045F24442C5F60202914210
:1049300000902DD0FFE706980168012045F258420B
:10494000C5F602029142009022D0FFE70698016866
:10495000012045F26C42C5F602029142009017D048
:10496000FFE706980168012045F28042C5F6020281
:10497000914200900CD0FFE7069800684AF66C312F
:10498000CAF2FD710844B0FA80F040090090FFE7D8
:104990000098C007D0B1FFE70698006E0068C0031A
:1049A000002807D5FFE70698016E086840F480707C
:1049B0000860FFE70698C06E38B1FFE70698C16E41
:1049C000086840F480700860FFE7FFE70698006819
:1049D0001021C4F20201884200F08180FFE70698AE
:1049E00000682821C4F20201884278D0FFE70698C7
:1049F00000684021C4F20201884270D0FFE70698A7
:104A000000685821C4F20201884268D0FFE7069886
:104A100000687021C4F20201884260D0FFE7069866
:104A200000688821C4F20201884258D0FFE7069846
:104A30000068A021C4F20201884250D0FFE7069826
:104A40000068B821C4F20201884248D0FFE7069806
:104A5000006840F21041C4F2020188423FD0FFE7F3
:104A60000698006840F22841C4F20201884236D01C
:104A7000FFE70698006840F24041C4F20201884214
:104A80002DD0FFE70698006840F25841C4F20201B9
:104A9000884224D0FFE70698006840F27041C4F2D3
:104AA000020188421BD0FFE70698006840F2884167
:104AB000C4F20201884212D0FFE70698006840F273
:104AC000A041C4F20201884209D0FFE706980068BD
:104AD00040F2B841C4F20201884207D1FFE70698CC
:104AE0000168086840F00100086006E00698016867
:104AF000086840F001000860FFE70DE006994FF4F8
:104B000000604865FFE70699002081F83400FFE760
:104B100001208DF80B00FFE79DF80B008DF81F00BA
:104B2000FFE79DF81F0008B080BD000000000000F6
:104B300080B584B0039001F0BFFD0290039801900E
:104B40000198013048B1FFE740F2F410C2F2004092
:104B50000178019808440190FFE7FFE701F0ACFD00
:104B60000299401A0199884201D2FFE7F6E704B0A2
:104B700080BD00000000000085B00390029101920A
:104B8000039890F898008DF803009DF80300012821
:104B900005D0FFE79DF8030002285DD1FFE70298EA
:104BA00003990968896D084207D1FFE703980168F6
:104BB000C86D40F00100C86515E0029803990968C6
:104BC000896D08400299884207D1FFE70398016880
:104BD000C86D40F00200C86504E003980168032036
:104BE000C865FFE7FFE79DF809008007002809D5A1
:104BF000FFE7019A03980168D1F8E0001043C1F87B
:104C0000E000FFE79DF809004007002809D5FFE70D
:104C1000019A03980168D1F8E4001043C1F8E40058
:104C2000FFE7FFE702984FF6FF71C3F6CF7100EA86
:104C3000010203980168486D10434865029A4AF6DC
:104C40001401C4F20001086840EA92700860FFE7AE
:104C500000208DF813000AE00399D1F89C0040F081
:104C60000200C1F89C0001208DF81300FFE79DF8B9
:104C7000130005B07047000080B586B00490039122
:104C800002920398406808B9FFE700E0FFE7049844
:104C900090F89800022845D1FFE704980068D0F802
:104CA000C00010F07C5F0BD1FFE70499D1F89C00A5
:104CB00040F02000C1F89C0001208DF817003CE076
:104CC00004980068D0F8C400800200280BD5FFE7E4
:104CD0000499D1F89C0040F40070C1F89C000120B8
:104CE0008DF8170029E004980068D0F8C400C0F3DC
:104CF0000440019004980399029A019BFCF75CFD23
:104D00000199012000FA01F1049A1268C2F8D0104A
:104D1000019988400499C1F89400FFE700208DF8BC
:104D200017000AE00499D1F89C0040F00800C1F88F
:104D30009C0001208DF81700FFE79DF8170006B0D2
:104D400080BD00000000000082B00190009102B020
:104D5000704700000000000084B0029001910092B2
:104D6000019808B9FFE700E0FFE7029890F8980083
:104D7000012836D1FFE7019870B9FFE70298006873
:104D8000D0F8F00020F07C50009940EA01600299D0
:104D90000968C1F8F00020E0019801280ED1FFE772
:104DA00002980068D0F8A00020F0FE40009940EA88
:104DB000016002990968C1F8A0000DE0029800683E
:104DC000D0F8B00020F0FE40009940EA016002995E
:104DD0000968C1F8B000FFE7FFE700208DF80F0079
:104DE0000AE00299D1F89C0040F00400C1F89C0050
:104DF00001208DF80F00FFE79DF80F0004B0704709
:104E000087B005900491059890F898008DF80300FC
:104E10009DF80300012805D0FFE79DF80300022854
:104E20006AD1FFE70498C068072801D1FFE7FFE7D0
:104E30000498006878BBFFE70498C068072801D091
:104E4000FFE7FFE70498C06807280CD1FFE7049A42
:104E500010699169D269000440EA0220084340F0D9
:104E6000605003900CE004998868CB680A6949692E
:104E7000800740EAC36040EA024008430390FFE72E
:104E80000598C06E0499496800EB81000190039871
:104E9000019908602CE00498C068072801D0FFE75A
:104EA000FFE70498C168006940EA417003900498E4
:104EB000C068072804D1FFE704988069029006E0E3
:104EC00004988168406940EA81700290FFE7059884
:104ED000006F0499496800EBC100019003980199A3
:104EE0000860019804300190029801990860FFE77A
:104EF00000208DF81B000AE00599D1F89C0040F0D5
:104F00000200C1F89C0001208DF81B00FFE79DF80E
:104F10001B0007B07047000085B0DDF814C0039097
:104F2000029101920093039890F89800012812D101
:104F3000FFE702980001019940EA8100009940EAE8
:104F400041000599084303990968C1F880000020D1
:104F50008DF813000AE00399D1F89C0040F004009A
:104F6000C1F89C0001208DF81300FFE79DF81300A5
:104F700005B070470000000081B0009001B070479C
:104F800080B582B0019000919DF803008007002851
:104F900036D5FFE7019801F0ABF8019801F080F8F1
:104FA000019800684AF20001C4F20001884206D16B
:104FB000FFE7019801210022FFF7DEFD1FE00198C5
:104FC00000684AF20041C4F20001884206D1FFE7BE
:104FD000019810210022FFF7CFFD0FE00198006833
:104FE0004DF20041C4F20001884206D1FFE701986A
:104FF00001210022FFF7C0FDFFE7FFE7FFE7FFE722
:1050000002B080BD000000008AB0089007910692AF
:10501000059300200190089890F898008DF80300FF
:105020009DF80300022840F05C81FFE707984028C4
:1050300051D1FFE708980068D0F8A00010F4FE0FE7
:105040000BD1FFE70899D1F89C0040F02000C1F88F
:105050009C0001208DF827004EE108980068D0F8E8
:10506000A400400658B9FFE70899D1F89C0040F425
:105070008070C1F89C0001208DF827003CE1089861
:105080000068D0F8A40000F080710120B0EB116F2F
:105090000DD1FFE708980068D0F8A0100120B0EB10
:1050A000D17F03D1FFE701200190FFE7FFE70898D8
:1050B0000068D0F8A40000F47C51019800EB1120A6
:1050C00001900898426C406F0199514300EB8100B8
:1050D0000490FFE770E00798412851D1FFE7089856
:1050E0000068D0F8B00010F4FE0F0BD1FFE708996C
:1050F000D1F89C0040F02000C1F89C0001208DF800
:105100002700F9E008980068D0F8B400400658B9C4
:10511000FFE70899D1F89C0040F48070C1F89C002A
:1051200001208DF82700E7E008980068D0F8B40067
:1051300000F080710120B0EB116F0DD1FFE70898EE
:105140000068D0F8B0100120B0EBD17F03D1FFE7A9
:1051500001200190FFE7FFE708980068D0F8B4004D
:1051600000F47C51019800EB112001900898C26C6A
:10517000806F0199514300EB81000490FFE71AE032
:1051800007980899096D88420BD3FFE70899D1F871
:105190009C0040F02000C1F89C0001208DF8270001
:1051A000AAE00898426DC06F0799514300EB810057
:1051B0000490FFE7FFE7FFE70498006800F08040F5
:1051C000069948600698406838B9FFE70498006877
:1051D000C0F38A400699086006E00498006820F051
:1051E000604006990860FFE70498006800F00050EE
:1051F000069988600498006800F0004006990861EC
:10520000049804300490049800880699C8610498B2
:105210000068C0F303400699C8600498006800F471
:105220008010069948610498006800F400100699FF
:10523000886104980068C0F30660069908620498C3
:105240000068C00F069948620498043004900498DE
:10525000039000200290FFE702980699CA6844F67E
:105260007C21C0F60201895C88420AD2FFE70398DC
:10527000029A805C05998854FFE7029801300290F9
:10528000EAE70798402806D1FFE7019808990968DE
:10529000C1F8A80021E00798412806D1FFE701984E
:1052A00008990968C1F8B80016E007981F2808D8BF
:1052B000FFE707990120884008990968C1F898001C
:1052C00009E0079800F01F0101208840089909684B
:1052D000C1F89C00FFE7FFE7FFE700208DF82700FB
:1052E0000AE00899D1F89C0040F00800C1F89C0041
:1052F00001208DF82700FFE79DF827000AB07047CE
:1053000081B0009001B0704780B594B013904AF618
:105310001000C4F200000068800712904AF61400E2
:10532000C4F200000168129800EA8170129013988C
:105330000068006D00F47040119013980068416D92
:1053400011980840119013980068006D00F00F004C
:10535000109013980068416D1098084010901398B1
:105360000068006D00F0F0000F9013980068416D28
:105370000F9808400F9013980068006D00F071506E
:105380000E9013980068416D0E9808400E90139887
:105390000068006D00F060700D9013980068416D1A
:1053A0000D9808400D9013980068406D0390139875
:1053B0000068006D01909DF80D00C007B8B1FFE7CF
:1053C0009DF80500C00788B1FFE7FFE71398016863
:1053D0004FF4807008654AF61001C4F20001002005
:1053E0000860FFE71398FFF78BFFFFE7FFE79DF8E3
:1053F0000D0000F004010020B0EB910F28D0FFE772
:105400009DF8050000F004010020B0EB910F1ED0C4
:10541000FFE713980068D0F8DC000B901398006841
:10542000D0F8E4100B9808400B90FFE71398016840
:105430004FF4806008654AF61001C4F200010020B4
:105440000860FFE713980B9900F0F2FEFFE7FFE713
:105450001298B8B1FFE7FFE712984FF6FF71C3F655
:10546000CF7108401399096808651298800F4AF6B1
:105470001001C4F200010860FFE713981299FFF7CA
:1054800063FCFFE71198B8B1FFE7FFE711984FF60B
:10549000FF71C3F6CF710840139909680865119828
:1054A000800F4AF61001C4F200010860FFE713986C
:1054B000119900F0D1FEFFE71098B8B1FFE7FFE7C0
:1054C00010984FF6FF71C3F6CF7108401399096821
:1054D00008651098800F4AF61001C4F200010860B8
:1054E000FFE71398109900F023FDFFE70F98B8B17C
:1054F000FFE7FFE70F984FF6FF71C3F6CF71084043
:105500001399096808650F98800F4AF61001C4F2D4
:1055100000010860FFE713980F9900F065FDFFE7B1
:105520009DF80D0000F008010020B0EBD10F1BD05A
:10553000FFE79DF8050000F008010020B0EBD10F57
:1055400011D0FFE7FFE7139801684FF4006008658A
:105550004AF61001C4F2000100200860FFE713982A
:1055600000F082FEFFE7FFE79DF80D0000F002016A
:105570000020B0EB510F28D0FFE79DF8050000F0A8
:1055800002010020B0EB510F1ED0FFE71398006816
:10559000D0F8D8000C9013980068D0F8E0100C9860
:1055A00008400C90FFE7139801684FF400700865FD
:1055B0004AF61001C4F2000100200860FFE71398CA
:1055C0000C9900F03DFEFFE7FFE79DF80E0000F0AC
:1055D00008010020B0EBD10F1BD0FFE79DF80600BB
:1055E00000F008010020B0EBD10F11D0FFE7FFE77A
:1055F000139801684FF4002008654AF61001C4F2C0
:10560000000100200860FFE7139800F08DFCFFE721
:10561000FFE79DF80E00C007B8B1FFE79DF8060050
:10562000C00788B1FFE7FFE7139801684FF48030A7
:1056300008654AF61001C4F2000100200860FFE787
:10564000139800F0F1FDFFE7FFE79DF80E0000F072
:1056500004010020B0EB910F1BD0FFE79DF806007E
:1056600000F004010020B0EB910F11D0FFE7FFE73D
:10567000139801684FF4802008654AF61001C4F2BF
:10568000000100200860FFE7139800F0C9FDFFE764
:10569000FFE79DF80E0000F002010020B0EB510F73
:1056A0001FD0FFE79DF8060000F002010020B0EBDC
:1056B000510F15D0FFE7FFE7139801684FF4003052
:1056C00008654AF61001C4F2000100200860FFE7F7
:1056D0001399D1F89C0040F08000C1F89C00FFE7CE
:1056E000FFE70D98B8B1FFE7FFE70D984FF6FF71A0
:1056F000C3F6CF7108401399096808650D98800FAB
:105700004AF61001C4F200010860FFE713980D99F2
:10571000FFF736FCFFE70E98D0B1FFE7FFE70E98E2
:105720004FF6FF71C3F6CF710840139909680865F9
:105730000E98800F4AF61001C4F200010860FFE7DE
:105740000E9A1399D1F89C001043C1F89C00FFE712
:10575000139800684AF20001C4F20001884240F048
:10576000B980FFE71398406880688007002800F040
:10577000B080FFE713984068006A00F00F000A90BD
:1057800013984068416A0A9808400A901398406844
:10579000006A00F03000099013984068416A099847
:1057A0000840099013984068006A00F4C07008909F
:1057B00013984068416A0898084008901398406818
:1057C000006A00F4FC40079013984068416A07980B
:1057D0000840079013984068006A00F4F020069093
:1057E00013984068416A06980840069013984068EC
:1057F000406A029013984068006A00900A9848B185
:10580000FFE70A9813994968086213980A9900F00B
:10581000EFFCFFE7099848B1FFE709981399496839
:1058200008621398099900F0F3FCFFE79DF808005F
:1058300000F040010020B0EB911F1FD0FFE79DF862
:10584000000000F040010020B0EB911F15D0FFE7F1
:1058500013984068C06B000C059013984068C06BAB
:1058600000F03F00049013984168402008621398AC
:105870000599049A00F0C4FCFFE7FFE7089848B1D7
:10588000FFE708981399496808621398089900F08F
:10589000A7FCFFE7079860B1FFE7079813994968ED
:1058A0000862079A1399D1F89C001043C1F89C0034
:1058B000FFE7069860B1FFE7069813994968086208
:1058C000069A1399D1F89C001043C1F89C00FFE799
:1058D000FFE7FFE71398D0F89C0020B1FFE713988B
:1058E000FFF74AFBFFE714B080BD00000000000096
:1058F00080B598B0169044F62021C0F6020101A8A8
:105900004C22FAF734FD169820B9FFE701208DF8F4
:105910005F00D9E1169800684AF20001C4F2000164
:10592000884206D1FFE71699086800F58070486044
:10593000FFE716988068B0F5407F01D1FFE7FFE7E9
:105940001698006C08B1FFE7FFE71698806C08B165
:10595000FFE7FFE71698006D08B1FFE7FFE716982D
:10596000006E08B1FFE7FFE71699C86D096E08449D
:1059700008B1FFE7FFE7169890F8980040B9FFE7F5
:105980001699002081F89900169800F0A1F9FFE718
:1059900016980168886920F01000886100F08CFE7C
:1059A0001590FFE71698006880690007002817D552
:1059B000FFE700F081FE1599401A0B280FD3FFE78F
:1059C0001699D1F89C0040F00100C1F89C0016998E
:1059D000032081F8980001208DF85F0074E1E1E771
:1059E00016980168886940F00100886100F064FE43
:1059F0001590FFE7169800688069C007B8B9FFE7FF
:105A000000F05AFE1599401A0B280FD3FFE716999C
:105A1000D1F89C0040F00100C1F89C0016990320C9
:105A200081F8980001208DF85F004DE1E2E71698BB
:105A30000168886940F0020088611698007C01289E
:105A400007D1FFE716980168886920F04000886157
:105A500006E016980168886940F040008861FFE719
:105A60001698407C012807D1FFE7169801688869DD
:105A700040F48040886106E016980168886920F447
:105A800080408861FFE71698807C012807D1FFE7F6
:105A900016980168886920F48050886106E016989D
:105AA0000168886940F480508861FFE716980068B3
:105AB000806920F44070169A1168926810438861DA
:105AC00016980168886920F0A4008861169801681A
:105AD000086920F0100008611698C068012807D1F5
:105AE000FFE716980168886940F0040088612BE0A0
:105AF0001698C06830B3FFE71698C068022819D01E
:105B0000FFE716980168886940F080008861169860
:105B10000168086940F0100008611698C068032801
:105B200007D1FFE716980168886940F02000886176
:105B3000FFE706E016980168886940F02000886158
:105B4000FFE700E0FFE7FFE7169A116853699069E5
:105B5000D2F81CE0A0F1010C6FF0FF0000EB0E206A
:105B600040EA4C60126A013A10430022CFF6FF72FD
:105B700002EB03421043C86116988068B0F5407F7D
:105B80001CD1FFE7169A1168536A906AD2F82CE08C
:105B900001386FF0FF0C0CEB0E2C40EA0C00D2F831
:105BA00030C06FF00F0202EB0C1210430022CFF650
:105BB000FF7202EB03421043C860FFE71698006EC5
:105BC00048B1FFE716980168426ED1F8C000104353
:105BD000C1F8C000FFE71699C86D096E084480B18E
:105BE000FFE716980068D0F8C80020F00700169A62
:105BF0001168936E01AA52F823201043C1F8C8001F
:105C0000FFE71698006C80B1FFE716980068D0F89F
:105C1000BC0020F00700169A1168536C01AA52F8D4
:105C200023201043C1F8BC00FFE71698806C88B1B0
:105C3000FFE716980068D0F8BC0020F07000169AB4
:105C40001168D36C01AA52F8232040EA0210C1F86F
:105C5000BC00FFE71698006D88B1FFE71698006852
:105C6000D0F8BC0020F4E060169A1168536D01AAC8
:105C700052F8232040EA0220C1F8BC00FFE7169842
:105C800000684AF20001C4F20001884207D1FFE730
:105C900016984168886820F003008860FFE716992D
:105CA0000020C1F894001699C1F89C0016990120B3
:105CB00081F898001698FBF71BFC8DF853009DF8AF
:105CC00053008DF85F00FFE79DF85F0018B080BDBE
:105CD00080B5C0B03F9000203E903D903C903B90FE
:105CE0003A900CA8B821FAF75BFB3F9800684AF29B
:105CF0000001C4F20001884255D1FFE700200D9059
:105D00004FF400400C904FF0805027900CA802F008
:105D100077FA18B1FFE7FBF7CBFBFFE740F2504003
:105D2000C2F200400168013101600068012810D111
:105D3000FFE7FFE744F2EC40C5F60200016841F4DA
:105D400080710160006800F480700B900B98FFE791
:105D5000FFE7FFE744F2E040C5F60200016841F0CA
:105D600008010160006800F008000A900A98FFE747
:105D700003203A9002203B90002104913C913D90F9
:105D800009203E9040F60040C5F602003AA900F016
:105D900093FA049A13200590114600F04DFD0598E2
:105DA00000F03EFDBEE03F9800684AF20041C4F2B8
:105DB0000001884255D1FFE700200D904FF40040CC
:105DC0000C904FF0805027900CA802F019FA18B1EF
:105DD000FFE7FBF76DFBFFE740F25040C2F20040E7
:105DE0000168013101600068012810D1FFE7FFE779
:105DF00044F2EC40C5F60200016841F48071016094
:105E0000006800F4807009900998FFE7FFE7FFE75A
:105E100044F2E040C5F60200016841F00201016071
:105E2000006800F0020008900898FFE760203A90B0
:105E300002203B90002102913C913D9009203E9030
:105E400040F20040C5F602003AA900F035FA029A85
:105E500014200390114600F0EFFC039800F0E0FCE2
:105E60005FE03F9800684DF20041C4F200018842B3
:105E700056D1FFE700200D904FF400400C904FF0FA
:105E8000805027900CA802F0BBF918B1FFE7FBF790
:105E90000FFBFFE740F25040C2F2004001680131C1
:105EA00001600068012810D1FFE7FFE744F2EC40F1
:105EB000C5F60200016841F480710160006800F4D9
:105EC000807007900798FFE7FFE7FFE744F2E040A4
:105ED000C5F60200016841F008010160006800F0A9
:105EE000080006900698FFE74FF440503A900220D1
:105EF0003B90002100913C913D9005203E9040F662
:105F00000040C5F602003AA900F0D6F9009A9F2099
:105F10000190114600F090FC019800F081FCFFE731
:105F2000FFE7FFE740B080BD81B0009001B070474F
:105F300080B588B007900691079800684AF2000182
:105F4000C4F20001884212D1FFE7079840F298217D
:105F5000C2F2004104910A1D059201F12C03402177
:105F6000FFF752F804990598496B884737E007987E
:105F700000684AF20041C4F20001884212D1FFE7F2
:105F8000079840F28831C2F2004102910A1D039243
:105F900001F12C034021FFF737F802990398496B70
:105FA00088471BE0079800684DF20041C4F20001E9
:105FB000884212D1FFE7079840F2E031C2F2004177
:105FC00000910A1D019201F12C034021FFF71CF8FA
:105FD00000990198496B8847FFE7FFE7FFE708B0A2
:105FE00080BD00000000000080B588B007900691D9
:105FF000079800684AF20001C4F20001884212D1F9
:10600000FFE7079840F29821C2F2004104910A1D6F
:10601000059201F12C034121FEF7F6FF0499059842
:10602000496B884737E0079800684AF20041C4F29C
:106030000001884212D1FFE7079840F28831C2F28E
:10604000004102910A1D039201F12C034121FEF748
:10605000DBFF02990398496B88471BE007980068AB
:106060004DF20041C4F20001884212D1FFE70798C7
:1060700040F2E031C2F2004100910A1D019201F1AB
:106080002C034121FEF7C0FF00990198496B884716
:10609000FFE7FFE7FFE708B080BD00000000000059
:1060A00082B00090009890F89800012811D1FFE785
:1060B0000099022081F8980000980168886920F012
:1060C0000100886100990020C1F89C008DF807004C
:1060D0000AE00099D1F89C0040F00400C1F89C004F
:1060E00001208DF80700FFE79DF8070002B0704718
:1060F00083B0019000200090019890F89800022849
:106100005CD1FFE701980168886940F0010088616F
:10611000FFE7019800688069C007B8B9FFE70098F9
:1061200033280FD3FFE70199D1F89C0040F001001C
:10613000C1F89C000199032081F8980001208DF896
:106140000B0046E0009801300090E2E7002000904C
:1061500001980168886920F010008861FFE70198C4
:10616000006880690007002817D5FFE700983328EA
:106170000FD3FFE70199D1F89C0040F00100C1F86E
:106180009C000199032081F8980001208DF80B00F4
:106190001FE0009801300090E1E7019801688869EC
:1061A00040F00200886101990020C1F89400019A32
:1061B000012182F898108DF80B000AE00199D1F8BE
:1061C0009C0040F00800C1F89C0001208DF80B00F5
:1061D000FFE79DF80B0003B07047000000000000CF
:1061E00082B00190009102B07047000000000000F2
:1061F00082B00190009102B07047000000000000E2
:1062000083B002900191009203B07047000000003B
:1062100082B00190009102B07047000000000000C1
:1062200081B0009001B0704781B0009001B070471C
:1062300082B00190009102B07047000000000000A1
:1062400082B00190009146F2FC01C2F20041086860
:106250000130086002B0704782B00190009102B036
:10626000704700000000000081B0009001B070474E
:1062700081B0ADF8020001B07047000000000000DE
:1062800080B582B0ADF806008820C5F60000006831
:10629000BDF8061008420BD0FFE7BDF806008821C4
:1062A000C5F600010860BDF80600FFF7E1FFFFE753
:1062B00002B080BD000000008FB00E900D91002054
:1062C0000C908020C5F600000990FFE70D9800684B
:1062D0000C99C840002800F0C181FFE70D980068C4
:1062E0000C9A0121914008400B900B98002800F077
:1062F000B181FFE70D98406800F00300012807D046
:10630000FFE70D98406800F0030002282FD1FFE757
:106310000E9880680A900C984100032000FA01F161
:106320000A9888430A900D98C0680C99490000FAB1
:1063300001F10A9808430A900A980E9988600E980D
:1063400040680A900C99012000FA01F10A988843EC
:106350000A900D984068C0F300100C9900FA01F102
:106360000A9808430A900A980E994860FFE70D982A
:10637000406800F00300032818D0FFE70E98C068BB
:106380000A900C984100032000FA01F10A98884312
:106390000A900D9880680C99490000FA01F10A985A
:1063A00008430A900A980E99C860FFE70D98406864
:1063B00000F00300022826D1FFE70E980C996FF039
:1063C000030202EA51010844006A0A900C9800F0A6
:1063D000070081000F2000FA01F10A9888430A9013
:1063E0000D9800690C9901F00701890000FA01F18C
:1063F0000A9808430A900A980E990C9B02EA5302E5
:1064000011440862FFE70E9800680A900C9841005A
:10641000032000FA01F10A9888430A900D98406819
:1064200000F003000C99490000FA01F10A980843B2
:106430000A900A980E9908600D98807980070028C4
:1064400000F00781FFE7FFE744F2F440C5F60200E1
:10645000016841F002010160006800F0020008904C
:106460000898FFE70C9820F0030040F20841C5F6B9
:10647000000140580A900C9800F0030081000F20A2
:1064800000FA01F10A9888430A900E980021C5F697
:106490000201884203D1FFE7002007906CE00E98CC
:1064A00040F20041C5F60201884203D1FFE7012016
:1064B00006905EE00E9840F60001C5F602018842A3
:1064C00003D1FFE70220059050E00E9840F600410E
:1064D000C5F60201884203D1FFE70320049042E0A1
:1064E0000E9841F20001C5F60201884203D1FFE790
:1064F0000420039034E00E9841F20041C5F60201F9
:10650000884203D1FFE70520029026E00E9841F66D
:106510000001C5F60201884203D1FFE70620019081
:1065200018E00E9841F60041C5F60201884203D1F9
:10653000FFE7072000900AE00E9942F20042C5F6FC
:1065400002020A20914208BF09200090FFE700984C
:106550000190FFE701980290FFE702980390FFE7A0
:1065600003980490FFE704980590FFE705980690CC
:10657000FFE706980790FFE707980C9901F00301E1
:10658000890000FA01F10A9808430A900A980C99C8
:1065900021F0030140F20842C5F6000288504FF096
:1065A000B04000680A900B990A9888430A900D98A9
:1065B0008079C006002805D5FFE70B990A980843A3
:1065C0000A90FFE70A984FF0B04108600420C5F632
:1065D000000000680A900B990A9888430A900D9869
:1065E00080798006002805D5FFE70B990A980843B3
:1065F0000A90FFE70A980421C5F60001086009988F
:1066000040680A900B990A9888430A900D988079FF
:106610008007002805D5FFE70B990A9808430A90E0
:10662000FFE70A9809994860099800680A900B9951
:106630000A9888430A900D988079C00728B1FFE72F
:106640000B990A9808430A90FFE70A98099908608D
:10665000FFE7FFE70C9801300C9037E60FB070476A
:1066600083B00290ADF80610029840690090009A3D
:10667000BDF8060002EA0001904340EA0140029999
:10668000886103B07047000082B00190ADF802103D
:106690008DF801209DF8010028B1FFE7BDF8020048
:1066A0000199886105E0BDF8020000040199886144
:1066B000FFE702B07047000046F20810C2F2004047
:1066C000006870470000000040F2F410C2F2004081
:1066D000027846F20811C2F20041086810440860CE
:1066E000704700000000000080B582B0032000F079
:1066F000BBF803F01DF844F21842C5F60202116817
:10670000C1F3032344F66C21C0F60201CB5C03F015
:106710001F03D84000900098126802F00F02895CB5
:1067200001F01F01C84040F2EC01C2F200410860D4
:10673000009840F2E801C2F200410860072000F032
:1067400013F820B1FFE701208DF8070005E000F005
:106750004FF800208DF80700FFE79DF8070002B012
:1067600080BD00000000000080B582B0009040F2C3
:10677000F410C2F20040007820B9FFE701208DF844
:10678000070030E040F2E800C2F20040006840F24A
:10679000F411C2F200410A784FF47A71B1FBF2F1C0
:1067A000B0FBF1F005F018F820B1FFE701208DF8FB
:1067B000070018E000980F280DD8FFE700994FF068
:1067C000FF30002200F038F8009840F2F811C2F2D1
:1067D0000041086003E001208DF8070003E000207D
:1067E0008DF80700FFE79DF8070002B080BD0000AC
:1067F00080B582B0FFE744F2F440C5F602000168BC
:1068000041F002010160006800F00200019001986F
:10681000FFE7042000F028F802B080BD000000006F
:1068200080B582B0ADF80600BDF906001BF024FE6D
:1068300002B080BD0000000080B586B0ADF8160043
:10684000049103921BF030FE0290BDF916000190F6
:1068500002980499039A09F017FC014601981BF06D
:106860002BFE06B080BD000080B582B0019001987B
:106870001BF046FE02B080BD82B001900198006816
:10688000009001990120C1F8D8040199002081F8F5
:10689000CC04009A916941F000619161009A516DB8
:1068A0000323C1F200031943516502B07047000091
:1068B00082B001908DF8031002B070470000000014
:1068C00082B00190ADF80210BDF80200019909688C
:1068D0004862002002B0704784B003908DF80B101E
:1068E000ADF8082003980068406A00909DF80B00FE
:1068F00048B9FFE7BDF80810009840EA0140039945
:106900000968886233E003980068816A009800EBA8
:106910001140009000208DF80700FFE79DF8070068
:106920009DF80B100139884213D2FFE703980068E5
:106930009DF8071000EB8100D0F80411009800EBDF
:1069400011400090FFE79DF8070001308DF8070027
:10695000E4E7BDF80810009840EA0140039909688F
:106960009DF80B2001EB8201C1F80001FFE7002038
:1069700004B070470000000080B582B0019001981B
:10698000D0F8E0040EF0E8F802B080BD000000008E
:1069900080B582B001908DF80310019AD2F8E0041E
:1069A0009DF8031001EBC10302EB8302126A0DF0A4
:1069B0002FFF02B080BD000080B582B001908DF83D
:1069C0000310019AD2F8E0049DF8031001EBC10313
:1069D00002EB8302D2F860220DF0E2FF02B080BD2C
:1069E00080B582B001900198D0F8E0040EF0BCF8B8
:1069F00002B080BD0000000080B584B003908DF827
:106A00000B109DF80B00000600280CD5FFE703983B
:106A10009DF80B1001F00F0101EBC10100EB8100AB
:106A2000143001900CE003989DF80B1001F00F0159
:106A300001EBC10100EB810000F515700190FFE74B
:106A40000398006801990FF043FE8DF80A009DF845
:106A50000A0004B080BD000080B584B002908DF8BB
:106A600007109DF80700000600280FD5FFE70298E1
:106A70009DF8071001F00F0101EBC10100EB81004F
:106A8000143000900099012048700FE002989DF8A2
:106A9000071001F00F0101EBC10100EB810000F5CF
:106AA00015700090009900204870FFE79DF80700DE
:106AB00000F00F0000990870FFE7029890F8940426
:106AC000012804D1FFE702208DF80F0014E002999D
:106AD000012081F89404FFE7FFE70298006800991D
:106AE0000FF0E6F8FFE70299002081F89404FFE731
:106AF00000208DF80F00FFE79DF80F0004B080BD67
:106B000080B584B002908DF807109DF8070000F062
:106B10000F0002990979884204D9FFE701208DF816
:106B20000F004DE09DF80700000600280FD5FFE795
:106B300002989DF8071001F00F0101EBC10100EB75
:106B40008100143000900099012048700FE00298F5
:106B50009DF8071001F00F0101EBC10100EB81006E
:106B600000F515700090009900204870FFE700992B
:106B7000002088709DF8070000F00F000099087051
:106B8000FFE7029890F89404012804D1FFE702205F
:106B90008DF80F0014E00299012081F89404FFE7BA
:106BA000FFE70298006800990FF0F2FAFFE70299F8
:106BB000002081F89404FFE700208DF80F00FFE724
:106BC0009DF80F0004B080BD82B001908DF80310D5
:106BD00001989DF8031001F00F0101EBC10100EBDA
:106BE0008100D0F8680202B0704700000000000089
:106BF00080B586B004908DF80F10ADF80C208DF89C
:106C00000B3000208DF80A009DF80F0000060028C8
:106C10000FD5FFE704989DF80F1001F00F0101EB6D
:106C2000C10100EB810014300190019901204870EE
:106C30000FE004989DF80F1001F00F0101EBC10166
:106C400000EB810000F5157001900199002048705B
:106C5000FFE79DF80F0000F00F0001990870BDF8E4
:106C60000C006FF3DF20019988609DF80B000199FB
:106C700008710198407820B1FFE7019908784883AE
:106C8000FFE79DF80B00022804D1FFE701990020DF
:106C90004871FFE7FFE7049890F89404012804D1B5
:106CA000FFE702208DF8170015E00499012081F814
:106CB0009404FFE7FFE70498006801990EF0BCFE1A
:106CC000FFE70499002081F89404FFE79DF80A008B
:106CD0008DF81700FFE79DF8170006B080BD000093
:106CE00080B586B005908DF8131003920293059835
:106CF0009DF8131001F00F0101EBC10100EB8100C1
:106D000000F51570019003980199C86002980199E7
:106D10000861019900204861019948709DF81300AD
:106D200000F00F000199087005988079012804D1BE
:106D3000FFE703980199C861FFE7059A1068019978
:106D400092790FF0C9FA002006B080BD0000000063
:106D500080B584B002908DF807109DF8070000F010
:106D60000F0002990979884204D9FFE701208DF8C4
:106D70000F0058E09DF80700000600280FD5FFE738
:106D800002989DF8071001F00F0101EBC10100EB23
:106D90008100143000900099012048700DE00298A5
:106DA0009DF8071001EBC10100EB810000F51570A3
:106DB0000090009900204870FFE70099012088703A
:106DC0009DF8070000F00F0000990870FFE7029897
:106DD00090F89404012804D1FFE702208DF80F00F9
:106DE00021E00299012081F89404FFE7FFE702986F
:106DF000006800990FF01CFA9DF80700000740B9E1
:106E0000FFE7029A1068917902F29C420FF070F944
:106E1000FFE7FFE70299002081F89404FFE70020D4
:106E20008DF80F00FFE79DF80F0004B080BD000053
:106E300080B586B005908DF81310039202930598E3
:106E40009DF8131001F00F0101EBC10100EB81006F
:106E50001430019003980199C86002980199086163
:106E60000199002048610199012048709DF81300A4
:106E700000F00F000199087005988079012804D16D
:106E8000FFE703980199C861FFE7059A1068019927
:106E900092790FF021FA002006B080BD00000000BA
:106EA00080B58CB00B900B9800680A900A980990F6
:106EB0000B9800680FF04CFD002840F03484FFE789
:106EC0000B9800680FF0B4FD10B9FFE700F02BBC81
:106ED0000998D0F80808C0F30D200B99C1F8D40424
:106EE0000B9800680FF0A4FD8007002807D5FFE786
:106EF0000B980168486900F002004861FFE70B98B1
:106F000000680FF095FDC006002862D5FFE70B98DA
:106F10000168886920F0100088610A98006A029070
:106F20000B98029901F00F0101EBC10100EB810008
:106F300000F515700890029800F4F0110220B0EBF3
:106F4000514F23D1FFE7BDF8080047F6F071084222
:106F50001BD0FFE70A980899C968029AC2F30A127F
:106F60000FF076FD029847F6F07100EA0103089AE7
:106F7000D06800EB1310D060029800EA0102089973
:106F8000486900EB12104861FFE71BE0029800F42B
:106F9000F0110620B0EB514F12D1FFE70A980B9980
:106FA00001F29C4108220FF053FD029847F6F07160
:106FB00000EA01020899486900EB1210486100E0FC
:106FC000FFE7FFE70B980168886940F010008861CF
:106FD000FFE70B9800680FF02BFD0003002840F13D
:106FE000A680FFE7002004900B9800680FF0CCFC0F
:106FF0000690FFE70698002800F09880FFE79DF8CC
:107000001800C007002800F08A80FFE70B9800688E
:107010009DF810100FF0F4FC05909DF81400C007C7
:1070200060B1FFE70998049900EB41110120C1F814
:10703000080B0B98049909F0AFF8FFE79DF81400CE
:10704000000700280CD5FFE70998049900EB4111CF
:107050000820C1F8080B0B98049909F055F8FFE7D0
:107060009DF81400C006002808D5FFE70998049988
:1070700000EB41111020C1F8080BFFE79DF8140048
:10708000800700282DD5FFE70A98406900060028F0
:1070900008D5FFE70999D1F8040840F48060C1F8E9
:1070A0000408FFE70B98049901EBC10100EB810094
:1070B00000F5157008900898C078012809D1FFE7FD
:1070C00008990020C8700B989DF8101000F040FB44
:1070D000FFE70998049900EB41110220C1F8080B61
:1070E000FFE79DF814008006002808D5FFE70998FF
:1070F000049900EB41112020C1F8080BFFE79DF82F
:1071000015008006002809D5FFE70998049900EBCF
:1071100041114FF40050C1F8080BFFE7FFE7049856
:107120000130049006984008069063E7FFE70B984B
:1071300000680FF07DFC4003002840F1C680FFE7A7
:107140000B9800680FF00CFC069000200490FFE7FD
:107150000698002800F0B880FFE79DF81800C007E7
:10716000002800F0AA80FFE70B9800689DF8101037
:107170000FF01EFC05909DF81400C00700283ED0BB
:10718000FFE7049800F00F01012000FA01F10391DC
:10719000039B099AD2F834189943C2F83418099914
:1071A000049A01EB4211C1F808090B988079012873
:1071B0001FD1FFE70B98049901EBC10100EB81019E
:1071C000CA69086A10440862049888B9FFE70B98F6
:1071D000049901EBC10100EB8100406A40B9FFE76F
:1071E0000B99086801F29C4201210EF081FFFFE734
:1071F000FFE70B989DF81010FFF7CAFBFFE79DF81B
:1072000014000007002808D5FFE70998049900EB4F
:1072100041110820C1F80809FFE79DF81400C006D5
:10722000002808D5FFE70998049900EB41111020C8
:10723000C1F80809FFE79DF814004006002808D5AA
:10724000FFE70998049900EB41114020C1F80809B3
:10725000FFE79DF814008007002822D5FFE70A9871
:1072600004990FF00DFB0B98049901EBC10100EBA1
:107270008100143008900898C078012809D1FFE7F0
:1072800008990020C8700B989DF8101000F050FA73
:10729000FFE70998049900EB41110220C1F80809A1
:1072A000FFE79DF814000006002805D5FFE70B98BE
:1072B000049909F055F8FFE7FFE7049801300490BE
:1072C00006984008069043E7FFE70B9800680FF028
:1072D000AFFBC00F00B3FFE70999D1F8040820F015
:1072E0000100C1F804080B9890F8CC04012808D1DB
:1072F000FFE70B98002180F8CC140B98FFF7D8FA21
:1073000003E00B9800F0BCFBFFE70B9801684869AD
:1073100000F000404861FFE70B9800680FF088FB21
:107320000005002811D5FFE70998D0F80808C00724
:1073300020B1FFE70B9800F037FCFFE70B980168DE
:10734000486900F400604861FFE70B9800680FF09F
:107350006FFB0001002820D5FFE70B980168486902
:1073600000F0006048610B9890F8CC0480B9FFE70A
:107370000B98012180F8CC140B980068406DC0F385
:1073800083000B9AC2F8D0040B98FFF791FA03E040
:107390000B9800F009FCFFE7FFE70B9800680FF07F
:1073A00047FBC004002840F18680FFE70999D1F827
:1073B000040820F00100C1F804080B9800681021AF
:1073C0000FF05EFA00200790FFE707980B99097904
:1073D000884231D2FFE70998079900EB41114FF637
:1073E0007F30C1F808090999079A01EB4212D2F8D7
:1073F000001921F40011C2F800190999079A01EB4C
:107400004211C1F8080B0998079900EB4111D1F816
:10741000000B20F40010C1F8000B0998079900EB4D
:107420004111D1F8000B40F00060C1F8000BFFE7FC
:10743000079801300790C8E70999D1F81C0840F077
:107440000110C1F81C080B98C07B78B1FFE70999BF
:10745000D1F8840840F00B00C1F884080999D1F8EC
:10746000440840F00B00C1F844080FE00999D1F836
:10747000140842F22B021043C1F814080999D1F8FC
:10748000100840F00B00C1F81008FFE70999D1F887
:10749000000820F4FE60C1F800080B9A106891798A
:1074A00002F29C420EF024FE0B980168486900F439
:1074B00080504861FFE70B9800680FF0B9FA80042C
:1074C00000281FD5FFE70B9800680EF025FB0B98EE
:1074D00000680FF015FA0B99C8710B9800680190BD
:1074E00002F0D2F8014601980B9AD2790FF0ACFB6A
:1074F0000B9800F099FA0B980168486900F4005065
:107500004861FFE70B9800680FF092FA0007002827
:107510000AD5FFE70B9800F0BFFA0B98016848699D
:1075200000F008004861FFE70B9800680FF080FA50
:107530000006002825D5FFE70A99886920F0800019
:10754000886101200490FFE704980B99097988422B
:1075500016D2FFE70B98049901EBC10100EB810003
:1075600090F85702012806D1FFE70B989DF81010FC
:10757000FFF742FAFFE7FFE7049801300490E3E7E2
:10758000FFE70B9800680FF053FAC00200283CD5C3
:10759000FFE701200490FFE704980B9909798842DE
:1075A0002CD2FFE70998049900EB4110D0F80009AC
:1075B00002900B98049901EBC10100EB8100007E61
:1075C000012816D1FFE79DF80B000006002810D512
:1075D000FFE70B98049901EBC10100EB8101012049
:1075E000C8750B989DF8101041F08001FFF704FA60
:1075F000FFE7FFE7049801300490CDE70B9801689E
:10760000486900F480104861FFE70B9800680FF0AC
:107610000FFA8002002856D5FFE701200490FFE70B
:1076200004980B990979884246D2FFE70998049992
:1076300000EB4110D0F8000B02900B98049901EB7D
:10764000C10100EB810090F8580201282FD1FFE71B
:107650009DF80B000006002829D5FFE7029800F4EA
:1076600080310B98D0F8D40400F00100B0EB114F3A
:107670001DD1FFE70B98049901EBC10100EB8101DB
:10768000012081F857020A99886940F080008861DA
:107690000A9840690006002808D4FFE70999D1F844
:1076A000040840F40070C1F8040805E0FFE7FFE7B4
:1076B000049801300490B3E70B980168486900F41E
:1076C00000104861FFE70B9800680FF0B1F9400027
:1076D00000280AD5FFE70B98FFF74EF90B980168D1
:1076E000486900F080404861FFE70B9800680FF0A0
:1076F0009FF94007002815D5FFE70B980068406800
:1077000002909DF808004007002804D5FFE70B9879
:10771000FFF766F9FFE7029A0B9801684868104383
:107720004860FFE7FFE70CB080BD000000000000EC
:1077300080B582B001908DF803100198D0F8E00474
:107740009DF803100DF0B4FA02B080BD00000000F7
:1077500080B582B001908DF803100198D0F8E00454
:107760009DF803100DF0DCFA02B080BD00000000AF
:1077700080B58CB00A900A9820B9FFE701208DF8F7
:107780002F000EE10A9890F8950440B9FFE70A9996
:10779000002081F894040A9800F00AF9FFE70A999A
:1077A000032081F895040A9800680EF095FC0A9B66
:1077B0001868197C8DF8201059689A68DB6807935F
:1077C000069205910599069A079BDDF820C0EE46C2
:1077D000CEF800C00EF0B8F940B1FFE70A990220D8
:1077E00081F8950401208DF82F00DAE00A980068EE
:1077F00000210FF089F940B1FFE70A99022081F8D2
:10780000950401208DF82F00CBE000208DF8270093
:10781000FFE79DF827000A990979884241DAFFE7D6
:107820000A989DF8271001EBC10100EB81010120AE
:1078300048759DF827000A9900EBC00201EB820110
:1078400008759DF827000A9900EBC00201EB820140
:10785000C8850A989DF8271001EBC10100EB810152
:10786000002008760A999DF8272002EBC20201EB5E
:107870008201C8610A999DF8272002EBC20201EB40
:10788000820108620A999DF8272002EBC20201EBEF
:1078900082014862FFE79DF8270001308DF827003C
:1078A000B7E700208DF82700FFE79DF827000A9929
:1078B000097988423EDAFFE70A989DF8271001EB24
:1078C000C10100EB8101002081F855029DF82710CD
:1078D0000A9A01EBC10302EB830282F854120A995F
:1078E0009DF8272002EBC20201EB820181F85802C9
:1078F0000A999DF8272002EBC20201EB8201C1F830
:107900005C020A999DF8272002EBC20201EB82017A
:10791000C1F860020A999DF8272002EBC20201EB30
:107920008201C1F86402FFE79DF8270001308DF85D
:107930002700BAE70A9B1868197C8DF8101059685F
:107940009A68DB680393029201910199029A039B62
:10795000DDF810C0EE46CEF800C00EF075FA40B16A
:10796000FFE70A99022081F8950401208DF82F0085
:1079700017E00A99002048740A99012081F89504BB
:107980000A98007B012804D1FFE70A98FEF774FFEC
:10799000FFE70A9800680EF03FFA00208DF82F00EC
:1079A000FFE79DF82F000CB080BD00000000000034
:1079B00080B5B2B0319002A8B821F8F7F1FC319847
:1079C00000680021C4F2040188422BD1FFE70020A7
:1079D00003904FF4802002904FF44010239002A8AF
:1079E00000F00EFC18B1FFE7F9F762FDFFE700F0C9
:1079F0004FF9FFE744F2D840C5F60200016841F0B4
:107A000000710160006800F0007001900198FFE7CC
:107A10004D20009000221146FEF70EFF0098FEF761
:107A2000FFFEFFE732B080BD80B582B0019001203B
:107A30008DF803000198C07920B9FFE700208DF888
:107A400003000CE00198C079022804D1FFE701206F
:107A50008DF8030002E0F9F72BFDFFE7FFE701983F
:107A6000D0F8E0049DF803100DF062FA0198D0F808
:107A7000E0040DF0D9F902B080BD00000000000064
:107A800080B582B001900198D0F8E0040DF01CFAA6
:107A900002B080BD0000000080B582B00190019866
:107AA000D0F8E0040DF024FA02B080BD0000000020
:107AB00080B584B002908DF80710FFE7029890F827
:107AC0009404012804D1FFE702208DF80F0019E08B
:107AD0000299012081F89404FFE7FFE79DF8070071
:107AE00002994874029800689DF807100FF07CF81E
:107AF000FFE70299002081F89404FFE700208DF849
:107B00000F00FFE79DF80F0004B080BD00000000EB
:107B100080B582B001900199D1F8E00401F29C4156
:107B20000DF032FA02B080BD80B584B002900298A8
:107B300000680190FFE7029890F89404012804D1AE
:107B4000FFE702208DF80F0028E00299012081F85C
:107B50009404FFE7FFE70198C068400600280BD5B2
:107B6000FFE70298407B012806D1FFE70199886B67
:107B700040F480308863FFE7029800680EF038FE1A
:107B8000029800680EF030F9FFE70299002081F8B2
:107B90009404FFE700208DF80F00FFE79DF80F0029
:107BA00004B080BD0000000080B582B00190019853
:107BB000D0F8E0040DF070FA01980168D1F8000ED9
:107BC00040F00100C1F8000E0198C07A48B1FFE70B
:107BD0004EF61051CEF20001086840F00600086031
:107BE000FFE702B080BD000080B584B0029044F68B
:107BF0000C00C5F60200006800F004010020B0EBA4
:107C0000910F13D1FFE744F60C00C5F6020000689F
:107C100000F007000299884204D0FFE701208DF8A8
:107C20000F002EE000208DF80F002AE044F60C0132
:107C3000C5F60201086820F00700029A10430860A8
:107C4000FEF73AFD0190FFE744F60400C5F6020096
:107C5000006800F400510020B0EB513F0DD1FFE768
:107C6000FEF72AFD0199401AB0F57A7F04D9FFE7A3
:107C700001208DF80F0004E0E6E700208DF80F00EA
:107C8000FFE79DF80F0004B080BD00000000000079
:107C900044F60C01C5F60201086840F080700860E7
:107CA000704700000000000080B501F0EDFC44F2D8
:107CB0002041C5F602010968C1F3021244F66C21A5
:107CC000C0F60201895C01F01F01C84080BD0000C0
:107CD00088B0079044F22840C5F60200016801F020
:107CE000030106910068C0F30530059044F22C4072
:107CF000C5F602000068C0F300100490049844F236
:107D00003C41C5F60201096889B2C908484300EE42
:107D1000100AB8EE400A8DED020A0598002800F01E
:107D20001181FFE70698009048B1FFE7009801280D
:107D300065D0FFE70098022800F08380A3E044F2BA
:107D40000040C5F60200006800F020010020B0EB02
:107D5000511F31D0FFE744F20040C5F60200006831
:107D6000C0F3C10149F20000C0F2D030C840039016
:107D70009DED030AB8EE400A9DED051AB8EE411AD2
:107D800080EE010A44F23840C5F6020000686FF345
:107D90005F2001EE100AB8EE411A9DED022A9FED18
:107DA0006F3A02EE031AB7EE002A31EE021A20EE05
:107DB000010A8DED010A21E09DED050AB8EE401A99
:107DC0009FED680A80EE010A44F23840C5F60200D1
:107DD00000686FF35F2001EE100AB8EE411A9DEDC6
:107DE000022A9FED5E3A02EE031AB7EE002A31EE48
:107DF000021A20EE010A8DED010AFFE765E09DED14
:107E0000050AB8EE401A9FED560A80EE010A44F2C8
:107E10003840C5F6020000686FF35F2001EE100ADB
:107E2000B8EE411A9DED022A9FED4C3A02EE031A7C
:107E3000B7EE002A31EE021A20EE010A8DED010A9A
:107E400043E09DED050AB8EE401A9FED430A80EE2F
:107E5000010A44F23840C5F6020000686FF35F2063
:107E600001EE100AB8EE411A9DED022A9FED3B3A51
:107E700002EE031AB7EE002A31EE021A20EE010AD2
:107E80008DED010A21E09DED050AB8EE401A9FED47
:107E9000340A80EE010A44F23840C5F60200006858
:107EA0006FF35F2001EE100AB8EE411A9DED022A31
:107EB0009FED2A3A02EE031AB7EE002A31EE021ABB
:107EC00020EE010A8DED010AFFE79DED010A44F263
:107ED0003840C5F60200016889B2490A01EE101A5D
:107EE000B8EE411AB7EE002A31EE021A80EE010A0E
:107EF0000799BCEEC00A81ED000A9DED010A0168F8
:107F0000C1F3064101EE101AB8EE411A31EE021A21
:107F100080EE010A0799BCEEC00A81ED010A9DEDD1
:107F2000010A0068C0F3066001EE100AB8EE411ABB
:107F300031EE021A80EE010A0798BCEEC00A80ED0D
:107F4000020A07E00799002008600799486007992E
:107F50008860FFE708B07047001BB74B000000398E
:107F60000024744A0024744C88B0079044F22840DE
:107F7000C5F60200016801F0030106910068C0F334
:107F80000550059044F22C40C5F602000068C0F38D
:107F900000200490049844F24441C5F602010968A7
:107FA00089B2C908484300EE100AB8EE400A8DEDC8
:107FB000020A0598002800F01181FFE7069800905A
:107FC00048B1FFE70098012865D0FFE70098022834
:107FD00000F08380A3E044F20040C5F60200006890
:107FE00000F020010020B0EB511F31D0FFE744F238
:107FF0000040C5F602000068C0F3C10149F200006C
:10800000C0F2D030C84003909DED030AB8EE400A9C
:108010009DED051AB8EE411A80EE010A44F2404087
:10802000C5F6020000686FF35F2001EE100AB8EE9B
:10803000411A9DED022A9FED6F3A02EE031AB7EE48
:10804000002A31EE021A20EE010A8DED010A21E02C
:108050009DED050AB8EE401A9FED680A80EE010A10
:1080600044F24040C5F6020000686FF35F2001EE65
:10807000100AB8EE411A9DED022A9FED5E3A02EE1B
:10808000031AB7EE002A31EE021A20EE010A8DED36
:10809000010AFFE765E09DED050AB8EE401A9FED85
:1080A000560A80EE010A44F24040C5F6020000681C
:1080B0006FF35F2001EE100AB8EE411A9DED022A1F
:1080C0009FED4C3A02EE031AB7EE002A31EE021A87
:1080D00020EE010A8DED010A43E09DED050AB8EEA0
:1080E000401A9FED430A80EE010A44F24040C5F673
:1080F000020000686FF35F2001EE100AB8EE411A2B
:108100009DED022A9FED3B3A02EE031AB7EE002ADC
:1081100031EE021A20EE010A8DED010A21E09DEDFB
:10812000050AB8EE401A9FED340A80EE010A44F2C7
:108130004040C5F6020000686FF35F2001EE100AB0
:10814000B8EE411A9DED022A9FED2A3A02EE031A7B
:10815000B7EE002A31EE021A20EE010A8DED010A77
:10816000FFE79DED010A44F24040C5F602000168B8
:1081700089B2490A01EE101AB8EE411AB7EE002A88
:1081800031EE021A80EE010A0799BCEEC00A81EDB9
:10819000000A9DED010A0168C1F3064101EE101AC3
:1081A000B8EE411A31EE021A80EE010A0799BCEED0
:1081B000C00A81ED010A9DED010A0068C0F3066066
:1081C00001EE100AB8EE411A31EE021A80EE010AF1
:1081D0000798BCEEC00A80ED020A07E0079900206C
:1081E00008600799486007998860FFE708B0704702
:1081F000001BB74B000000390024744A0024744C63
:1082000080B59AB0189000208DF857008DF8560070
:108210001898C0780007002848D5FFE71898406EE6
:10822000149078B1FFE71498B0F5801F13D0FFE7E2
:108230001498B0F5001F16D0FFE71498B0F5401F52
:1082400019D019E044F22C41C5F60201086840F447
:108250000030086014E018980830022108F020F976
:108260008DF857000CE018982830022108F000FA29
:108270008DF8570004E003E001208DF85700FFE778
:108280009DF8570060B9FFE744F25041C5F602017E
:10829000086820F44010189A526E1043086004E0F9
:1082A0009DF857008DF85600FFE7FFE718984078D3
:1082B000C007002840D0FFE71898806D139004286D
:1082C00020D81399DFE801F0030C141C1D0044F2C0
:1082D0002C41C5F60201086840F40030086015E042
:1082E00018980830002108F0DBF88DF857000DE0F1
:1082F00018982830002108F0BBF98DF8570005E0E8
:1083000004E003E001208DF85700FFE79DF85700D7
:1083100060B9FFE744F25041C5F60201086820F059
:108320000700189A926D1043086004E09DF857000A
:108330008DF85600FFE7FFE71898407840070028BF
:1083400056D5FFE71898D0F8A4001290C8B1FFE7FF
:108350001298B0F5001F1DD0FFE71298B0F5800FFE
:1083600020D0FFE71298B0F5C00F23D0FFE7129896
:10837000B0F5000F1FD0FFE71298B0F5200F1BD00B
:108380001BE044F22C41C5F60201086840F40030BD
:10839000086016E018980830002108F081F88DF880
:1083A00057000EE018982830002108F061F98DF888
:1083B000570006E005E004E003E001208DF85700D7
:1083C000FFE79DF8570068B9FFE744F25841C5F64A
:1083D0000201086820F46000189AD2F8A420104323
:1083E000086004E09DF857008DF85600FFE7FFE7AE
:1083F000189840780007002856D5FFE71898D0F85D
:10840000A8001190C8B1FFE71198B0F1807F1DD08E
:10841000FFE71198B0F1007F20D0FFE71198B0F18D
:10842000407F23D0FFE71198B0F1806F1FD0FFE7A6
:108430001198B0F1A06F1BD01BE044F22C41C5F69F
:108440000201086840F40030086016E0189808300F
:10845000002108F025F88DF857000EE01898283014
:10846000002108F005F98DF8570006E005E004E06A
:1084700003E001208DF85700FFE79DF8570068B929
:10848000FFE744F25841C5F60201086820F0E060B9
:10849000189AD2F8A8201043086004E09DF857000D
:1084A0008DF85600FFE7FFE71898C078800700288E
:1084B0003ED5FFE71898C06C1090F0B1FFE7109818
:1084C000102808D0FFE7109820280DD0FFE710985B
:1084D000302811D012E044F22C41C5F602010868A0
:1084E00040F4003008600DE018980830022107F0D1
:1084F000D7FF8DF8570005E004E003E001208DF878
:108500005700FFE79DF8570060B9FFE744F24C4180
:10851000C5F60201086820F03000189AD26C1043AA
:10852000086004E09DF857008DF85600FFE7FFE76C
:1085300018984078C00600284ED5FFE71898C06DFF
:108540000F90A0B1FFE70F98B0F5805F18D0FFE75C
:108550000F98B0F5005F1BD0FFE70F98B0F5405FB4
:108560001ED0FFE70F98B0F5804F1AD01AE044F202
:108570002C41C5F60201086840F40030086015E09F
:1085800018980830002107F08BFF8DF857000DE098
:1085900018982830002108F06BF88DF8570005E096
:1085A00004E003E001208DF85700FFE79DF8570035
:1085B00060B9FFE744F25041C5F60201086820F4B3
:1085C000E040189AD26D1043086004E09DF857000F
:1085D0008DF85600FFE7FFE71898407880060028DE
:1085E0004CD5FFE71898006E0E90C8B1FFE70E98C3
:1085F000B0F5803F15D0FFE70E98B0F5003F18D0DA
:10860000FFE70E98B0F5403F1BD0FFE70E98B0F59E
:10861000802F17D0FFE70E98B0F5A02F13D013E0EE
:1086200016E018980830012107F03AFF8DF857003E
:108630000EE018982830012108F01AF88DF857003C
:1086400006E005E004E003E001208DF85700FFE7B5
:108650009DF8570060B9FFE744F25041C5F60201AA
:10866000086820F4E020189A126E1043086004E0B5
:108670009DF857008DF85600FFE7FFE718984078FF
:10868000400600284ED5FFE71898D0F8AC000D90B2
:10869000C8B1FFE70D98B0F1805F15D0FFE70D98E6
:1086A000B0F1005F18D0FFE70D98B0F1405F1BD02C
:1086B000FFE70D98B0F1804F17D0FFE70D98B0F1AC
:1086C000A04F13D013E016E018980830012107F0EE
:1086D000E7FE8DF857000EE018982830012107F0CA
:1086E000C7FF8DF8570006E005E004E003E0012035
:1086F0008DF85700FFE79DF8570068B9FFE744F28F
:108700005841C5F60201086820F0E040189AD2F8F6
:10871000AC201043086004E09DF857008DF8560027
:10872000FFE7FFE718984078000600283BD5FFE7F1
:108730001898C06E0C90D8B1FFE70C98B0F1805F2C
:1087400005D0FFE70C98B0F1005F09D011E044F2CA
:108750002C41C5F60201086840F4003008600CE0C6
:1087600018980830012107F09BFE8DF8570004E0AF
:1087700003E001208DF85700FFE79DF8570060B92E
:10878000FFE744F25041C5F60201086820F040506E
:10879000189AD26E1043086004E09DF857008DF8D7
:1087A0005600FFE7FFE71898C078C007002837D0C9
:1087B000FFE71898806C0B90032817D80B99DFE817
:1087C00001F014020B1344F22C41C5F602010868B3
:1087D00040F4003008600DE018980830022107F0DE
:1087E0005FFE8DF8570005E004E003E001208DF8FE
:1087F0005700FFE79DF8570060B9FFE744F24C418E
:10880000C5F60201086820F00300189A926C104324
:10881000086004E09DF857008DF85600FFE7FFE779
:10882000189880784006002840F1B480FFE744F6AD
:108830000001C5F60201086840F480700860FDF789
:108840003BFF1690FFE744F60000C5F60200006803
:10885000C00500280CD4FFE7FDF72EFF1699401A3B
:10886000652804D3FFE703208DF8570000E0EAE70E
:108870009DF85700002840F08780FFE744F27040E1
:10888000C5F60200006800F440701899D1F8B010E5
:1088900001F44071884213D0FFE744F27041C5F6FD
:1088A0000201086820F440701790086840F4803096
:1088B0000860086820F48030086017980860FFE7B7
:1088C0001898D0F8B000B0F5807F1FD1FFE7FDF712
:1088D000F3FE1690FFE744F27040C5F60200006810
:1088E00000F002010020B0EB510F0ED1FFE7FDF7C1
:1088F000E3FE1699401A41F28931884204D3FFE71A
:1089000003208DF8570000E0E5E7FFE79DF85700EA
:10891000A0BBFFE7FFE71898D0F8B00000F4407064
:10892000B0F5407F13D1FFE744F21041C5F60201D4
:10893000086820F47C50189AD2F8B0204FF6F04323
:10894000C0F6FF731A4040EA1210086008E044F2D3
:108950001041C5F60201086820F47C500860FFE76A
:108960001898D0F8B0206FF31F3244F27041C5F66A
:108970000201086810430860FFE704E09DF8570013
:108980008DF85600FFE704E09DF857008DF856007B
:10899000FFE7FFE718980068C007002800F04C8048
:1089A000FFE71898806F0A9028282BD80A99DFE8EB
:1089B00001F01529292929292929162929292929AF
:1089C00029291E2929292929292926292929292925
:1089D00029292729292929292929280016E0189831
:1089E0000830012107F05CFD8DF857000EE0189863
:1089F0002830012107F03CFE8DF8570006E005E025
:108A000004E003E001208DF85700FFE79DF85700D0
:108A100060B9FFE744F25441C5F60201086820F04E
:108A20003800189A926F1043086004E09DF85700D0
:108A30008DF85600FFE7FFE71898007880070028B8
:108A400039D5FFE71898406F0990052819D809997A
:108A5000DFE801F003040C14151616E0189808302E
:108A6000012107F01DFD8DF857000EE01898283001
:108A7000012107F0FDFD8DF8570006E005E004E058
:108A800003E001208DF85700FFE79DF8570060B91B
:108A9000FFE744F25441C5F60201086820F00700E0
:108AA000189A526F1043086004E09DF857008DF843
:108AB0005600FFE7FFE718980078400700283BD5ED
:108AC000FFE71898D0F890000890052819D8089961
:108AD000DFE801F003040C14151616E018980830AE
:108AE000012107F0DDFC8DF857000EE018982830C2
:108AF000012107F0BDFD8DF8570006E005E004E018
:108B000003E001208DF85700FFE79DF8570068B992
:108B1000FFE744F25841C5F60201086820F007005B
:108B2000189AD2F890201043086004E09DF857008E
:108B30008DF85600FFE7FFE71898007880060028B8
:108B40004ED5FFE71898D0F88C000790C8B1FFE722
:108B50000798B0F1805F15D0FFE70798B0F1005F8C
:108B600018D0FFE70798B0F1405F1BD0FFE70798E8
:108B7000B0F1804F17D0FFE70798B0F1A04F13D0A6
:108B800013E016E018980830002107F089FC8DF8F2
:108B900057000EE018982830022107F069FD8DF883
:108BA000570006E005E004E003E001208DF85700DF
:108BB000FFE79DF8570068B9FFE744F25441C5F656
:108BC0000201086820F0E040189AD2F88C20104387
:108BD000086004E09DF857008DF85600FFE7FFE7B6
:108BE00018980078400600284ED5FFE71898D0F86E
:108BF00098000690C8B1FFE70698B0F5806F15D0D1
:108C0000FFE70698B0F5006F18D0FFE70698B0F5BB
:108C1000406F1BD0FFE70698B0F5805F17D0FFE7E5
:108C20000698B0F5A05F13D013E016E0189808304E
:108C3000002107F035FC8DF857000EE01898283019
:108C4000022107F015FD8DF8570006E005E004E06D
:108C500003E001208DF85700FFE79DF8570068B941
:108C6000FFE744F25841C5F60201086820F4E050DD
:108C7000189AD2F898201043086004E09DF8570035
:108C80008DF85600FFE7FFE71898007800060028E7
:108C90004ED5FFE71898D0F89C000590C8B1FFE7C3
:108CA0000598B0F5005F15D0FFE70598B0F5804F47
:108CB00018D0FFE70598B0F5C04F1BD0FFE7059827
:108CC000B0F5004F17D0FFE70598B0F5204F13D04F
:108CD00013E016E018980830002107F0E1FB8DF84A
:108CE00057000EE018982830022107F0C1FC8DF8DB
:108CF000570006E005E004E003E001208DF857008E
:108D0000FFE79DF8570068B9FFE744F25841C5F600
:108D10000201086820F46040189AD2F89C201043A1
:108D2000086004E09DF857008DF85600FFE7FFE764
:108D3000189800780007002820D5FFE71898D0F889
:108D40008000B0F5805F0CD1FFE718982830022131
:108D500007F08EFC20B1FFE701208DF85600FFE7F9
:108D6000FFE744F25441C5F60201086820F4405080
:108D7000189AD2F8802010430860FFE7189800780E
:108D8000C006002820D5FFE71898D0F89400B0F569
:108D9000807F0CD1FFE718982830022107F068FC8B
:108DA00020B1FFE701208DF85600FFE7FFE744F20E
:108DB0005841C5F60201086820F44070189AD2F8AC
:108DC000942010430860FFE7189880780007002877
:108DD0003CD5FFE71898D0F8A000049050B1FFE709
:108DE0000498B0F5803F0DD0FFE70498B0F5003F40
:108DF00010D010E018980830002107F051FB8DF8D2
:108E000057000CE018982830022107F031FC8DF84B
:108E1000570004E003E001208DF85700FFE79DF8BC
:108E2000570068B9FFE744F25841C5F602010868E7
:108E300020F44030189AD2F8A0201043086004E0D3
:108E40009DF857008DF85600FFE7FFE718988078E7
:108E5000400700283FD5FFE71898D0F8840003901A
:108E6000B0F5801F0AD0FFE70398B0F5001F0ED0C1
:108E7000FFE70398B0F5401F11D011E044F22C41F8
:108E8000C5F60201086840F4003008600CE018984C
:108E90002830012107F0ECFB8DF8570004E003E0D7
:108EA00001208DF85700FFE79DF8570068B9FFE7EC
:108EB00044F25441C5F60201086820F44010189AA3
:108EC000D2F884201043086004E09DF857008DF824
:108ED0005600FFE7FFE718988078C007A8B3FFE7C0
:108EE0001898006D029028B1FFE70298B0F5803F16
:108EF00009D010E044F22C41C5F60201086840F4A4
:108F0000003008600BE018980830022107F0C8FA1A
:108F10008DF8570003E001208DF85700FFE79DF81A
:108F2000570060B9FFE744F24C41C5F602010868FA
:108F300020F48030189A126D1043086004E09DF808
:108F400057008DF85600FFE7FFE71898C0788006B5
:108F500000280CD5FFE718982830022107F088FB7D
:108F600020B1FFE701208DF85600FFE7FFE71898D2
:108F70008078800700283AD5FFE71898C06F0190E5
:108F8000D0B1FFE70198B0F5807F0AD0FFE70198E4
:108F9000B0F5007F0ED0FFE70198B0F5407F0AD012
:108FA0000BE044F22C41C5F60201086840F40030A1
:108FB000086006E005E004E003E001208DF85700BA
:108FC000FFE79DF8570060B9FFE744F25441C5F64A
:108FD0000201086820F44070189AD26F10430860AC
:108FE00004E09DF857008DF85600FFE7FFE718985A
:108FF0008078C00600280CD5FFE744F25041C5F642
:109000000201086820F00040189A126F10430860AF
:10901000FFE718988078800600280CD5FFE744F217
:109020005041C5F60201086820F08070189A926ECF
:1090300010430860FFE71898C0784006002811D553
:10904000FFE7FFE744F21041C5F60201086820F48B
:10905000004008601898D0F8B420086810430860F1
:10906000FFE7FFE71898C078000600280CD5FFE757
:1090700044F24C41C5F60201086820F04050189AAD
:10908000526D10430860FFE71898807800060028AA
:109090000DD5FFE744F25441C5F60201086820F4FB
:1090A0004000189AD2F8882010430860FFE718980B
:1090B0000079C00790B1FFE718980830002107F049
:1090C000EFF98DF857009DF8570008B9FFE704E065
:1090D0009DF857008DF85600FFE7FFE718980079D4
:1090E0008007002812D5FFE718980830012107F003
:1090F000D7F98DF857009DF8570008B9FFE704E04D
:109100009DF857008DF85600FFE7FFE718980079A3
:109110004007002812D5FFE718980830022107F011
:10912000BFF98DF857009DF8570008B9FFE704E034
:109130009DF857008DF85600FFE7FFE71898007973
:109140000007002812D5FFE718982830002107F003
:109150008FFA8DF857009DF8570008B9FFE704E033
:109160009DF857008DF85600FFE7FFE71898007943
:10917000C006002812D5FFE718982830012107F013
:1091800077FA8DF857009DF8570008B9FFE704E01B
:109190009DF857008DF85600FFE7FFE71898007913
:1091A0008006002812D5FFE718982830022107F022
:1091B0005FFA8DF857009DF8570008B9FFE704E003
:1091C0009DF857008DF85600FFE7FFE79DF8560021
:1091D00020B9FFE700208DF8670003E001208DF83B
:1091E0006700FFE79DF867001AB080BD000000002F
:1091F00080B586B004900391049820B9FFE7012060
:109200008DF817003CE2039842F20001C5F20021FC
:10921000096801F00F01884216D9FFE742F2000009
:10922000C5F20020016821F00F01039A114301608B
:10923000006800F00F000399884204D0FFE7012086
:109240008DF817001CE2FFE704980078400700281B
:1092500019D5FFE70498006944F21841C5F60201E8
:10926000096801F0700188420CD9FFE744F2184107
:10927000C5F60201086820F07000049A12691043D4
:109280000860FFE7FFE7049800780007002819D579
:10929000FFE70498406944F21C41C5F602010968E1
:1092A00001F0700188420CD9FFE744F21C41C5F679
:1092B0000201086820F07000049A526910430860A7
:1092C000FFE7FFE704980078C006002819D5FFE7FC
:1092D0000498806944F21C41C5F60201096801F452
:1092E000E06188420CD9FFE744F21C41C5F6020157
:1092F000086820F4E060049A926910430860FFE770
:10930000FFE7049800788006002819D5FFE7049845
:10931000C06944F22041C5F60201096801F07001FC
:1093200088420CD9FFE744F22041C5F602010868E3
:1093300020F07000049AD26910430860FFE7FFE74D
:10934000049800788007002819D5FFE70498C068C2
:1093500044F21841C5F60201096801F00F01884284
:109360000CD9FFE744F21841C5F60201086820F065
:109370000F00049AD26810430860FFE7FFE70498E3
:109380000078C007002800F08C80FFE744F2184105
:10939000C5F60201086820F47060049A92681043D0
:1093A000086004984068022811D1FFE744F20040A9
:1093B000C5F60200006800F400310020B0EB514F08
:1093C00004D1FFE701208DF8170059E13EE0049831
:1093D0004068032811D1FFE744F20040C5F60200BF
:1093E000006800F000710020B0EB516F04D1FFE77E
:1093F00001208DF8170043E127E004984068012818
:1094000011D1FFE744F20040C5F60200006800F405
:1094100080710020B0EB112F04D1FFE701208DF8FF
:1094200017002DE110E044F20040C5F6020000688C
:1094300000F004010020B0EB910F04D1FFE7012000
:109440008DF817001CE1FFE7FFE7FFE744F210414A
:10945000C5F60201086820F00700049A526810431C
:109460000860FDF729F90190FFE744F21040C5F6C6
:109470000200006800F0380004994968B0EBC10FA1
:109480000ED0FFE7FDF718F90199401A41F2893132
:10949000884204D3FFE703208DF81700F0E0E4E7EB
:1094A000FFE7049800788007002819D5FFE70498A3
:1094B000C06844F21841C5F60201096801F00F01C5
:1094C00088420CD2FFE744F21841C5F60201086851
:1094D00020F00F00049AD26810430860FFE7FFE70E
:1094E000039842F20001C5F20021096801F00F0162
:1094F000884216D2FFE742F20000C5F20020016860
:1095000021F00F01039A11430160006800F00F0081
:109510000399884204D0FFE701208DF81700AFE0DF
:10952000FFE7049800784007002819D5FFE7049862
:10953000006944F21841C5F60201096801F07001A2
:1095400088420CD2FFE744F21841C5F602010868D0
:1095500020F07000049A126910430860FFE7FFE7EB
:10956000049800780007002819D5FFE7049840699F
:1095700044F21C41C5F60201096801F070018842FD
:109580000CD2FFE744F21C41C5F60201086820F046
:109590007000049A526910430860FFE7FFE70498DF
:1095A0000078C006002819D5FFE70498806944F2C6
:1095B0001C41C5F60201096801F4E06188420CD241
:1095C000FFE744F21C41C5F60201086820F4E060A0
:1095D000049A926910430860FFE7FFE70498007857
:1095E0008006002819D5FFE70498C06944F220419D
:1095F000C5F60201096801F0700188420CD2FFE74C
:1096000044F22041C5F60201086820F07000049A77
:10961000D26910430860FFE7FFE700F089F844F2E1
:109620001842C5F602021168C1F3032344F66C2107
:10963000C0F60201CB5C03F01F03D84000900098F5
:10964000126802F00F02895C01F01F01C84040F26D
:10965000EC01C2F200410860009840F2E801C2F259
:109660000041086040F2F810C2F200400068FDF7C7
:109670007BF88DF80B009DF80B008DF81700FFE7C5
:109680009DF8170006B080BD80B582B000F050F89C
:1096900044F21842C5F602021168C1F3032344F6EE
:1096A0006C21C0F60201CB5C03F01F03D84001908F
:1096B0000198126802F00F02895C01F01F0120FA84
:1096C00001F140F2EC00C2F200400160019940F269
:1096D000E802C2F200421160006802B080BD0000E2
:1096E00080B5FFF7D1FF44F21C41C5F602010968BD
:1096F000C1F3021244F66C21C0F60201895C01F04C
:109700001F01C84080BD000080B5FFF7BDFF44F2D7
:109710001C41C5F602010968C1F3022244F66C211E
:10972000C0F60201895C01F01F01C84080BD000045
:109730008AB044F21040C5F60200006800F038001C
:1097400001460191182800F25F810199DFE811F0CC
:1097500019005C015C015C015C015C015C015C0165
:109760003A005C015C015C015C015C015C015C0134
:1097700040005C015C015C015C015C015C015C011E
:10978000460044F20040C5F60200006800F02001E7
:109790000020B0EB511F0ED0FFE744F20040C5F6A9
:1097A00002000068C0F3C10149F20000C0F2D030ED
:1097B000C840029005E049F20000C0F2D0300290AB
:1097C000FFE727E140F60010C0F23D00029021E1E2
:1097D00043F20060C0F26E1002901BE144F2284098
:1097E000C5F60200016801F0030108910068C0F3AA
:1097F0000510079044F22C40C5F60200006800F006
:1098000001000690069844F23441C5F60201096849
:1098100089B2C908484300EE100AB8EE400A8DED3F
:10982000040A0798002800F0EB80FFE708980090F2
:1098300048B1FFE70098012865D0FFE700980228AB
:1098400000F08380A3E044F20040C5F60200006807
:1098500000F020010020B0EB511F31D0FFE744F2AF
:109860000040C5F602000068C0F3C10149F20000E3
:10987000C0F2D030C84005909DED050AB8EE400A10
:109880009DED071AB8EE411A80EE010A44F230400D
:10989000C5F6020000686FF35F2001EE100AB8EE13
:1098A000411A9DED042A9FED5E3A02EE031AB7EECF
:1098B000002A31EE021A20EE010A8DED030A21E0A2
:1098C0009DED070AB8EE401A9FED570A80EE010A97
:1098D00044F23040C5F6020000686FF35F2001EEED
:1098E000100AB8EE411A9DED042A9FED4D3A02EEA2
:1098F000031AB7EE002A31EE021A20EE010A8DEDAE
:10990000030AFFE765E09DED070AB8EE401A9FEDF8
:10991000450A80EE010A44F23040C5F602000068B4
:109920006FF35F2001EE100AB8EE411A9DED042A94
:109930009FED3B3A02EE031AB7EE002A31EE021A0F
:1099400020EE010A8DED030A43E09DED070AB8EE13
:10995000401A9FED320A80EE010A44F23040C5F60B
:10996000020000686FF35F2001EE100AB8EE411AA2
:109970009DED042A9FED2A3A02EE031AB7EE002A63
:1099800031EE021A20EE010A8DED030A21E09DED71
:10999000070AB8EE401A9FED230A80EE010A44F24E
:1099A0003040C5F6020000686FF35F2001EE100A38
:1099B000B8EE411A9DED042A9FED193A02EE031A02
:1099C000B7EE002A31EE021A20EE010A8DED030AED
:1099D000FFE744F23040C5F60200006881B2012082
:1099E00000EB512009909DED030A9DED091AB8EE98
:1099F000411A80EE010ABCEEC00A8DED020A02E0B7
:109A000000200290FFE705E040F60010C0F23D00A4
:109A10000290FFE702980AB0704700BF001BB74BE7
:109A2000000000390024744A0024744C0000000037
:109A300080B58CB00A900A9828B9FFE701208DF80C
:109A40002F0000F001BD0A980078C007002800F040
:109A5000B980FFE744F21040C5F60200006800F04C
:109A60003800069044F22840C5F6020000680590D0
:109A7000069810280AD0FFE7069818281CD1FFE79F
:109A8000059800F00300022816D1FFE744F20040D9
:109A9000C5F60200006800F400310020B0EB514F21
:109AA00009D0FFE70A98406828B9FFE701208DF840
:109AB0002F0000F0C9BC84E0FFE70A984068B0F5C9
:109AC000803F09D1FFE744F20041C5F60201086872
:109AD00040F48030086032E00A98406868B9FFE7D7
:109AE00044F20041C5F60201086820F480300860A5
:109AF000086820F48020086020E00A984068B0F5EB
:109B0000A02F0DD1FFE744F20041C5F6020108681D
:109B100040F480200860086840F4803008600CE061
:109B200044F20041C5F60201086820F48030086064
:109B3000086820F480200860FFE7FFE7FFE7FFE701
:109B40000A984068F0B1FFE7FCF7B6FD0990FFE71F
:109B500044F20040C5F60200006800F40031002025
:109B6000B0EB514F0DD1FFE7FCF7A6FD0999401A64
:109B7000652805D3FFE703208DF82F0000F064BCB3
:109B8000E6E71DE0FCF798FD0990FFE744F200408E
:109B9000C5F60200006800F400310020B0EB514F20
:109BA0000DD0FFE7FCF788FD0999401A652805D319
:109BB000FFE703208DF82F0000F046BCE6E7FFE743
:109BC000FFE7FFE70A9800788007002840F1C5808A
:109BD000FFE744F21040C5F60200006800F03800CC
:109BE000049044F22840C5F60200006803900498EF
:109BF00050B1FFE70498182850D1FFE79DF80C00FA
:109C0000800700284AD1FFE744F20040C5F6020071
:109C1000006800F004010020B0EB910F09D0FFE7CD
:109C20000A98C06828B9FFE701208DF82F0000F0DE
:109C30000BBC44F20041C5F60201086820F019008F
:109C40000A9AD26810430860FCF736FD0990FFE7D6
:109C500044F20040C5F60200006800F00401002054
:109C6000B0EB910F0CD1FFE7FCF726FD0999401AE4
:109C7000032804D3FFE703208DF82F00E4E3E7E790
:109C800044F20441C5F60201086820F0FE400A9A39
:109C9000126940EA02600860FFE75DE00A98C06868
:109CA000A0B3FFE744F20041C5F60201086820F0C6
:109CB00019000A9AD26810430860FCF7FDFC09906D
:109CC000FFE744F20040C5F60200006800F004011E
:109CD0000020B0EB910F0CD1FFE7FCF7EDFC0999E8
:109CE000401A032804D3FFE703208DF82F00ABE3CD
:109CF000E7E744F20441C5F60201086820F0FE409F
:109D00000A9A126940EA0260086024E044F20041C5
:109D1000C5F60201086820F001000860FCF7CCFCE1
:109D20000990FFE744F20040C5F60200006800F029
:109D300004010020B0EB910F0CD0FFE7FCF7BCFC56
:109D40000999401A032804D3FFE703208DF82F0058
:109D50007AE3E7E7FFE7FFE7FFE70A980078C00646
:109D6000002840F1A080FFE744F21040C5F6020051
:109D7000006800F03800029044F22840C5F6020066
:109D800000680190029808280AD0FFE70298182876
:109D90002BD1FFE7019800F00300012825D1FFE750
:109DA00044F20040C5F60200006800F48071002013
:109DB000B0EB112F09D0FFE70A98C069802804D0C2
:109DC000FFE701208DF82F003EE3FFE744F20C414E
:109DD000C5F60201086820F07C500A9A126A40EA2F
:109DE00002600860FFE7FFE75CE00A98C06998B38B
:109DF000FFE744F20041C5F60201086840F0800028
:109E00000860FCF759FC0990FFE744F20040C5F6F2
:109E10000200006800F480710020B0EB112F0CD11B
:109E2000FFE7FCF749FC0999401A032804D3FFE730
:109E300003208DF82F0007E3E7E7FFE744F20C412A
:109E4000C5F60201086820F07C500A9A126A40EABE
:109E500002600860FFE724E044F20041C5F6020119
:109E6000086820F080000860FCF726FC0990FFE7F6
:109E700044F20040C5F60200006800F48071002042
:109E8000B0EB112F0CD0FFE7FCF716FC0999401A34
:109E9000032804D3FFE703208DF82F00D4E2E7E77F
:109EA000FFE7FFE7FFE70A980078000700284FD593
:109EB000FFE70A98406928B3FFE744F27441C5F60A
:109EC0000201086840F001000860FCF7F5FB09900A
:109ED000FFE744F27440C5F60200006800F002019A
:109EE0000020B0EB510F0CD1FFE7FCF7E5FB09991F
:109EF000401A032804D3FFE703208DF82F00A3E2C4
:109F0000E7E724E044F27441C5F60201086820F056
:109F100001000860FCF7D0FB0990FFE744F27440B1
:109F2000C5F60200006800F002010020B0EB510FFE
:109F30000CD0FFE7FCF7C0FB0999401A032804D3B3
:109F4000FFE703208DF82F007EE2E7E7FFE7FFE75A
:109F50000A980078800600284FD5FFE70A988069A4
:109F600028B3FFE744F20041C5F60201086840F457
:109F700080500860FCF7A0FB0990FFE744F2004026
:109F8000C5F60200006800F400510020B0EB513F1C
:109F90000CD1FFE7FCF790FB0999401A032804D382
:109FA000FFE703208DF82F004EE2E7E724E044F2BC
:109FB0000041C5F60201086820F480500860FCF7F3
:109FC0007BFB0990FFE744F20040C5F60200006801
:109FD00000F400510020B0EB513F0CD0FFE7FCF73C
:109FE0006BFB0999401A032804D3FFE703208DF87F
:109FF0002F0029E2E7E7FFE7FFE70A98007840072C
:10A00000002840F1A780FFE744F60001C5F60201F1
:10A01000086840F480700860FCF74EFB0990FFE789
:10A0200044F60000C5F602000068C00500280CD404
:10A03000FFE7FCF741FB0999401A652804D3FFE7C5
:10A0400003208DF82F00FFE1EAE7FFE70A98806818
:10A05000012809D1FFE744F27041C5F60201086802
:10A0600040F00100086031E00A98806868B9FFE7B5
:10A0700044F27041C5F60201086820F00100086052
:10A08000086820F0040008601FE00A98806805282E
:10A090000DD1FFE744F27041C5F60201086840F0B7
:10A0A00004000860086840F0010008600CE044F219
:10A0B0007041C5F60201086820F0010008600868D8
:10A0C00020F004000860FFE7FFE7FFE7FFE70A98DA
:10A0D0008068F8B1FFE7FCF7EFFA0990FFE744F278
:10A0E0007040C5F60200006800F002010020B0EBED
:10A0F000510F0ED1FFE7FCF7DFFA0999401A41F240
:10A100008931884204D3FFE703208DF82F009BE1BB
:10A11000E5E71EE0FCF7D0FA0990FFE744F2704053
:10A12000C5F60200006800F002010020B0EB510FFC
:10A130000ED0FFE7FCF7C0FA0999401A41F28931C5
:10A14000884204D3FFE703208DF82F007CE1E5E788
:10A15000FFE7FFE70A98406A002800F07181FFE7F7
:10A1600044F21040C5F60200006800F038001828DC
:10A1700000F0E080FFE70A98406A022840F0B480CF
:10A18000FFE744F20041C5F60201086820F0807044
:10A190000860FCF791FA0990FFE744F20040C5F629
:10A1A0000200006800F000710020B0EB516F0CD08D
:10A1B000FFE7FCF781FA0999401A032804D3FFE767
:10A1C00003208DF82F003FE1E7E7FFE744F2284145
:10A1D000C5F60201086840F2F33290430A9B9A6A7E
:10A1E000DB6A42EA0312104308600A99086BD1F84F
:10A1F00034C08B6BCA6B01386FF35F204FF6006180
:10A20000CFF6FF7101EB4C2189B208440021CFF653
:10A21000FF7101EB034101F4FE0108444FF07F415F
:10A2200001EB026101F0FE41084444F23041C5F601
:10A2300002010860FFE744F22C41C5F602010091DB
:10A24000086820F00100086044F23442C5F60202BA
:10A2500010684FF6F87398430A9B9B6C40EAC30062
:10A260001060086820F00C000A9A126C1043086015
:10A27000086820F002000A9A526C104308600868CF
:10A2800040F480300860086840F4003008600868D6
:10A2900040F480200860086840F00100086044F243
:10A2A0000041C5F60201086840F080700860FCF7C4
:10A2B00003FA0990FFE744F20040C5F60200006887
:10A2C00000F000710020B0EB516F0CD1FFE7FCF7FC
:10A2D000F3F90999401A032804D3FFE703208DF806
:10A2E0002F00B1E0E7E724E044F20041C5F60201A7
:10A2F000086820F080700860FCF7DEF90990FFE73D
:10A3000044F20040C5F60200006800F00071002031
:10A31000B0EB516F0CD0FFE7FCF7CEF90999401A6A
:10A32000032804D3FFE703208DF82F008CE0E7E734
:10A33000FFE784E044F22840C5F602000068089078
:10A3400044F23040C5F60200006807900A98406A5F
:10A35000012837D0FFE7089800F003000A99896ABE
:10A3600088422FD1FFE7089800F47C710A98C06AF0
:10A37000B0EB111F26D1FFE707986FF35F200A9912
:10A38000096B013988421DD1FFE7BDF81C100A98FE
:10A39000406B0138B0EB512F14D1FFE7079800F460
:10A3A000FE010A98806B0138B0EB114F0AD1FFE72C
:10A3B000079800F0FE410A98C06B0138B0EB116FAE
:10A3C00004D0FFE701208DF82F003DE044F2344037
:10A3D000C5F60200006880B2C00808900A98806C38
:10A3E0000899884229D0FFE744F22C41C5F60201C2
:10A3F000086820F001000860FCF75EF90990FFE7AB
:10A40000FCF75AF90999401A08B9FFE7F8E744F24E
:10A410003441C5F6020108684FF6F87290430A9A73
:10A42000926C40EAC200086044F22C41C5F6020179
:10A43000086840F001000860FFE7FFE7FFE7FFE77B
:10A4400000208DF82F00FFE79DF82F000CB080BD95
:10A4500081B0009001B0704780B588B00790079830
:10A4600000680069069007980068406905900698A2
:10A4700005990840049007980068806803900020C0
:10A480000290079890F881008DF8070007980068FF
:10A49000303000909DF815000007002810D5FFE728
:10A4A0009DF81800000700280AD5FFE70798016803
:10A4B000886940F400608861079800F0C1FB91E171
:10A4C0009DF810004006002815D4FFE79DF8100005
:10A4D000800600280FD4FFE79DF8100040070028F1
:10A4E00009D5FFE70798416F88470798016F8847AC
:10A4F00001200290FFE79DF810004006002811D4CB
:10A50000FFE79DF81000C00760B1FFE79DF810005D
:10A510004007002806D4FFE70798016F884701200D
:10A520000290FFE79DF810008006002812D4FFE794
:10A530009DF81000800700280CD5FFE79DF810005B
:10A540004007002806D4FFE70798416F884701209D
:10A550000290FFE7029808B1FFE743E19DF8100081
:10A560000007002840F18980FFE7079801688869A3
:10A5700040F00800886107980168886940F0100081
:10A58000886107980168886940F4006088610798CD
:10A590000168086920F00800086107980068806871
:10A5A00010F4404F3AD1FFE7FFE70798B0F86A0090
:10A5B00098B3FFE70798C06810280BD3FFE7079808
:10A5C0000068006B0799496E08600799486E04306F
:10A5D00048661BE00798C06808280AD3FFE7009880
:10A5E00000880799496E08800799486E02304866CE
:10A5F0000BE00798006890F830000799496E0870E2
:10A600000799486E01304866FFE7FFE70799B1F800
:10A610006A000138A1F86A00C7E7FFE7079806F06B
:10A6200017F90799012081F881000798D0F8840074
:10A6300020B1FFE70798FFF70BFFD3E09DF8070075
:10A64000052804D1FFE7079801F056F814E09DF8BB
:10A650000700042804D1FFE7079800F0EDFA0AE0AC
:10A660009DF80700032804D1FFE7079801F040F8A0
:10A6700000E0FFE7FFE7FFE7B4E0BDF8100010F4EB
:10A68000587F00F0AF80FFE79DF8100040060028DB
:10A690000ED5FFE70799D1F8840040F00400C1F817
:10A6A000840007980168886940F040008861FFE7EE
:10A6B0009DF81100800700280ED5FFE70799D1F813
:10A6C000840040F00100C1F884000798016888699F
:10A6D00040F400708861FFE79DF81100C00770B179
:10A6E000FFE70799D1F8840040F00800C1F8840022
:10A6F00007980168886940F480708861FFE79DF8D9
:10A700001000800600280ED5FFE70799D1F88400D5
:10A7100040F08000C1F8840007980168886940F023
:10A7200020008861FFE70798D0F88400002858D0FF
:10A73000FFE707980168086820F0010008600798A3
:10A740000168086940F26B3290430861039800F495
:10A750004040B0F5404F3BD1FFE70798016888685B
:10A7600020F4404088600798C06FB0B1FFE70798B9
:10A77000C16F40F66910C0F6010008650798C06F08
:10A78000F7F762FD40B1FFE70799D1F8840040F088
:10A790004000C1F88400FFE7FFE70798806FB0B181
:10A7A000FFE70798816F40F66910C0F60100086561
:10A7B0000798806FF7F748FD40B1FFE70799D1F898
:10A7C000840040F04000C1F88400FFE7FFE707E0A5
:10A7D0000799012081F881000798FFF739FEFFE70C
:10A7E000FFE7FFE708B080BD80B586B0049004980D
:10A7F00020B9FFE701208DF817003AE10498406A7C
:10A8000008B9FFE7FFE70499002088620498006810
:10A8100043F20001C4F2010188421BD0FFE7049813
:10A82000006843F60001C4F20001884212D0FFE73D
:10A830000498006843F60041C4F20001884209D040
:10A84000FFE70498C068102804D3FFE701208DF8C3
:10A8500017000EE1049806F0EFF8029004980068E3
:10A8600043F20001C4F20101884216D0FFE70498C8
:10A87000006843F60001C4F2000188420DD0FFE7F2
:10A880000498006843F60041C4F20001884204D0F5
:10A89000FFE7029808281FD8FFE70498006843F2F2
:10A8A0000001C4F20101884212D0FFE70498006859
:10A8B00043F60001C4F20001884209D0FFE7049882
:10A8C000006843F60041C4F20001884208D1FFE766
:10A8D0000298112804D3FFE701208DF81700C8E083
:10A8E000049890F8810040B9FFE70499002081F8AE
:10A8F0008000049800F0C4F8FFE70499022081F872
:10A90000810004980168086820F00100086004983C
:10A910000068806800F4F810039004988069B0F132
:10A92000806F1BD1FFE704984068B0F5800F04D119
:10A93000FFE70498806B50B1FFE70498406868B95E
:10A94000FFE70498806BB0F1805F07D1FFE70498C0
:10A950000168086840F480500860FFE70498807937
:10A960004006002810D5FFE70498C06807280BD3DD
:10A97000FFE704980068006820F48070049A11686A
:10A98000126D1043086006E004980168086820F41E
:10A9900080700860FFE7049B1968DA68D869D3F80B
:10A9A00028C040EA0C00DDF80CC040EA0C00DB6B6C
:10A9B000184310438860049A0192506B516A08430F
:10A9C000916B0843916908431168D2F804C09368F9
:10A9D000D2F810E040EA0E00D2F814E040EA0E008F
:10A9E000D2F820E040EA0E0040EA0C00D2F84CC059
:10A9F00040EA0C001843936C1843926D1043C860F2
:10AA00000498406898B9FFE70498006880680121BD
:10AA100061F3CC2004990968886004980068806814
:10AA2000022161F34A20049909688860FFE70498CD
:10AA30000168086D20F001000865049880794006DF
:10AA400000280BD5FFE704980068C06820F000409C
:10AA5000049A1168526D1043C860FFE70499002002
:10AA6000C1F88400049A012182F881108DF8170042
:10AA7000FFE79DF8170006B080BD00000000000051
:10AA800080B5C0B03F9000203E903D903C903B9000
:10AA90003A900CA8B821F5F783FC3F98006843F67C
:10AAA0000001C4F20001884240F0C480FFE70020AA
:10AAB0000D904FF480510C9123900CA8FDF7A0FB52
:10AAC00018B1FFE7F6F7F4FCFFE7FFE744F2E840D0
:10AAD000C5F60200016841F480410160006800F49D
:10AAE00080400B900B98FFE7FFE744F2E040C5F68B
:10AAF0000200016841F004010160006800F00400F8
:10AB00000A900A98FFE7FFE744F2E040C5F602002A
:10AB1000016841F002010160006800F00200099044
:10AB20000998FFE706203A90022003903B9000200E
:10AB300007903C90032004903D90052005903E90A6
:10AB400040F60000C5F602003AA90691FBF7B4FBF7
:10AB5000DDF80CC0049A05980699079B4FF4005E37
:10AB6000CDF8E8E0CDF8ECC03C933D923E9040F249
:10AB70000040C5F60200FBF79FFB079944F65070B2
:10AB8000C2F2004008904022C4F202020260272272
:10AB900042608160C1604FF4806202614161816105
:10ABA000C1614FF4403202624162F8F78DFF18B183
:10ABB000FFE7F6F77DFCFFE7FFE73F9844F65071AB
:10ABC000C2F20041C1673F988863FFE744F6C8704E
:10ABD000C2F2004002902821C4F202010160282143
:10ABE0004160402181600021C1604FF480620261B8
:10ABF00041618161C1614FF4003202624162F8F744
:10AC000063FF18B1FFE7F6F753FCFFE7FFE73F9854
:10AC100044F6C871C2F2004181673F988863FFE73C
:10AC20002420019000221146FBF706FE0198FBF755
:10AC3000F7FDFFE740B080BD81B0009001B07047E4
:10AC400081B0009001B0704780B590B0DDF848C089
:10AC50000E900D910C92ADF82E300E9800682030B9
:10AC60000A900E980068303009900E98C16B012050
:10AC700000EB5110ADF81200FBF71EFD0890BDF877
:10AC80002E00ADF81600BDF82E00ADF814000E9899
:10AC900090F88100012804D0FFE702208DF83F00E2
:10ACA00050E30D9838B1FFE70C9820B1FFE7BDF8ED
:10ACB0002E0020B9FFE701208DF83F0042E3FFE7B7
:10ACC0000E9890F88000012804D1FFE702208DF84B
:10ACD0003F0037E30E99012081F88000FFE7FFE78E
:10ACE0000E99052081F881000E990020C1F884009A
:10ACF0000C990E9A5166BDF82E100E9AA2F86A10A1
:10AD0000BDF82E100E9AA2F868100D990E9AD16512
:10AD1000BDF82E100E9AA2F86210BDF82E100E9AF1
:10AD2000A2F860100E9908670E9948670E9800689F
:10AD3000C06820F4C0200E990968C8600E980068A9
:10AD400043F20001C4F20101884212D0FFE70E98DD
:10AD5000006843F60001C4F20001884209D0FFE711
:10AD60000E98006843F60041C4F20001884203D106
:10AD7000FFE71020079002E008200790FFE70E98F9
:10AD8000006840684FF6FF718843BDF82E100844F4
:10AD90000E99096848600E980168086840F0010043
:10ADA00008600E984068B0F5800F07D1FFE70E9855
:10ADB0000168086840F400700860FFE70E98C068FA
:10ADC0001028C0F0B580FFE7079880080790FFE7DC
:10ADD000BDF816100120039039B9FFE7BDF8140043
:10ADE000002818BF01200390FFE70398C007002840
:10ADF00000F09D80FFE70E980068406980070028FA
:10AE000022D5FFE7BDF81600F0B1FFE7BDF814004A
:10AE1000BDF81610079A1144884215D2FFE70E9824
:10AE20000168C06D006808620E99C86D0430C8657D
:10AE30000E99B1F862000138A1F862000E98B0F8DE
:10AE40006200ADF81600FFE70E98006840690690B2
:10AE5000BDF81400002869D0FFE70E98006840692B
:10AE6000C007B0B1FFE70E980068006B0E99496EFD
:10AE700008600E99486E043048660E99B1F86A0071
:10AE80000138A1F86A000E98B0F86A00ADF8140015
:10AE90004BE0BDF81400BDF8121088421CDAFFE741
:10AEA0009DF819000006002816D5FFE70E980068E7
:10AEB000006B0E99496E08600E99486E0430486622
:10AEC0000E99B1F86A000138A1F86A000E98B0F83E
:10AED0006A00ADF8140027E0FBF7EEFB0899401A72
:10AEE0001299884204D3FFE71298013018B9FFE79E
:10AEF0001298C0B9FFE70E9805F0AAFC0E99D1F898
:10AF0000840040F48070C1F884000E99012081F81B
:10AF10008100FFE70E99002081F88000FFE7032001
:10AF20008DF83F000EE2FFE7FFE7FFE750E7DCE1C7
:10AF30000E98C0680828C0F0DE80FFE70798400838
:10AF40000790FFE7BDF816100120029039B9FFE71E
:10AF5000BDF81400002818BF01200290FFE70298F6
:10AF6000C007002800F0C680FFE70E98006840691F
:10AF70008007002822D5FFE7BDF81600F0B1FFE7F3
:10AF8000BDF81400BDF81610079A1144884215D276
:10AF9000FFE70E98C06D00880A9908800E99C86D69
:10AFA0000230C8650E99B1F862000138A1F862005C
:10AFB0000E98B0F86200ADF81600FFE70E98006832
:10AFC00040690690BDF81400002800F09280FFE769
:10AFD0000E9800684069C007A8B1FFE7099800888B
:10AFE0000E99496E08800E99486E023048660E9997
:10AFF000B1F86A000138A1F86A000E98B0F86A004A
:10B00000ADF8140074E0BDF81400BDF812108842C9
:10B0100024DAFFE79DF81900000600281ED5FFE797
:10B02000099800880E99496E08800E99486E023082
:10B030004866099800880E99496E08800E99486EF6
:10B04000023048660E99B1F86A000238A1F86A0029
:10B050000E98B0F86A00ADF8140048E0BDF814008E
:10B0600001281BD1FFE79DF819008006002815D59F
:10B07000FFE7099800880E99496E08800E99486E7E
:10B08000023048660E99B1F86A000138A1F86A00EA
:10B090000E98B0F86A00ADF8140027E0FBF70CFB3F
:10B0A0000899401A1299884204D3FFE71298013098
:10B0B00018B9FFE71298C0B9FFE70E9805F0C8FB72
:10B0C0000E99D1F8840040F48070C1F884000E9984
:10B0D000012081F88100FFE70E99002081F88000AF
:10B0E000FFE703208DF83F002CE1FFE7FFE7FFE7D4
:10B0F000FFE727E7F8E0FFE7BDF816100120019011
:10B1000039B9FFE7BDF81400002818BF01200190ED
:10B11000FFE70198C007002800F0E580FFE70E98E0
:10B12000006840698007002823D5FFE7BDF81600B6
:10B13000F8B1FFE7BDF81400BDF81610079A1144E6
:10B14000884216D2FFE70E980168C06D007881F83A
:10B1500020000E99C86D0130C8650E99B1F86200E3
:10B160000138A1F862000E98B0F86200ADF8160040
:10B17000FFE70E98006840690690BDF814000028AB
:10B1800000F0B080FFE70E9800684069C007B8B1D2
:10B19000FFE70E98006890F830000E99496E08702D
:10B1A0000E99486E013048660E99B1F86A00013870
:10B1B000A1F86A000E98B0F86A00ADF8140090E0AB
:10B1C000BDF81400BDF8121088423EDAFFE79DF882
:10B1D00019000006002838D5FFE70E98006890F89F
:10B1E00030000E99496E08700E99486E013048661D
:10B1F0000E98006890F830000E99496E08700E990C
:10B20000486E013048660E98006890F830000E993C
:10B21000496E08700E99486E013048660E980068B5
:10B2200090F830000E99496E08700E99486E013002
:10B2300048660E99B1F86A000438A1F86A000E98C1
:10B24000B0F86A00ADF814004AE0BDF81400032815
:10B250001DD8FFE79DF8190010F0600F17D0FFE729
:10B260000E98006890F830000E99496E08700E999B
:10B27000486E013048660E99B1F86A000138A1F8AD
:10B280006A000E98B0F86A00ADF8140027E0FBF7EA
:10B2900013FA0899401A1299884204D3FFE71298CA
:10B2A000013018B9FFE71298C0B9FFE70E9805F012
:10B2B000CFFA0E99D1F8840040F48070C1F8840070
:10B2C0000E99012081F88100FFE70E99002081F896
:10B2D0008000FFE703208DF83F0033E0FFE7FFE742
:10B2E000FFE7FFE708E7FFE7FFE70E98129B0899E3
:10B2F0006A4611600821002205F086FC40B1FFE794
:10B300000E99D1F8840040F02000C1F88400FFE7D6
:10B310000E9805F09DFA0E99012081F88100FFE753
:10B320000E99002081F88000FFE70E98D0F8840085
:10B3300020B1FFE701208DF83F0003E000208DF8E9
:10B340003F00FFE79DF83F0010B080BD0000000007
:10B3500080B586B0049003910292ADF8063004984F
:10B3600090F88100012804D0FFE702208DF8170033
:10B37000B9E1039838B1FFE7029820B1FFE7BDF8C3
:10B38000060020B9FFE701208DF81700ABE1FFE7C9
:10B39000049890F88000012804D1FFE702208DF87E
:10B3A0001700A0E10499012081F88000FFE7FFE782
:10B3B0000499052081F8810004990020C1F88400D7
:10B3C0000399049AD165BDF80610049AA2F860109A
:10B3D000BDF80610049AA2F862100299049A516608
:10B3E000BDF80610049AA2F86810BDF80610049A79
:10B3F000A2F86A10049908670499486704980068DD
:10B40000C06820F4C02004990968C86004980168E5
:10B41000886820F4404088600498C06810280ED3E3
:10B42000FFE70498C06F8069B0F5804F28D1FFE72F
:10B430000498806F8069B0F5804F21D1FFE70498B0
:10B44000C068082826D3FFE70498C06F8069B0F56C
:10B45000005F07D0FFE70498C06F8069B0F5804FA8
:10B460000ED1FFE70498806F8069B0F5005F11D0BE
:10B47000FFE70498806F8069B0F5804F0AD0FFE73E
:10B48000FFE70499002081F88000FFE701208DF894
:10B49000170028E10498C068072841D8FFE70498FE
:10B4A000806F8069B0F5005F09D1FFE70498B0F8BC
:10B4B0006200013040080499A1F86200FFE7049897
:10B4C000806F8069B0F5804F09D1FFE70498B0F82C
:10B4D0006200033080080499A1F86200FFE7049835
:10B4E000C06F8069B0F5005F09D1FFE70498B0F83C
:10B4F0006A00013040080499A1F86A00FFE7049847
:10B50000C06F8069B0F5804F09D1FFE70498B0F8AB
:10B510006A00033080080499A1F86A00FFE727E079
:10B520000498C0680F2821D8FFE70498806F8069CD
:10B53000B0F5804F09D1FFE70498B0F86200013000
:10B5400040080499A1F86200FFE70498C06F806981
:10B55000B0F5804F09D1FFE70498B0F86A000130D8
:10B5600040080499A1F86A00FFE700E0FFE7FFE761
:10B570000498C16F40F6D910C0F601000864049821
:10B58000C16F40F6F110C0F60100C8630498C16FA6
:10B5900040F69910C0F60100C8640498C16F0020FD
:10B5A0000865049B19685A6ED86F3031B3F86A3059
:10B5B000F8F73AFFA8B1FFE70499D1F8840040F00A
:10B5C0001000C1F884000499012081F88100FFE790
:10B5D0000499002081F88000FFE701208DF8170012
:10B5E00081E004980168886840F48040886004988D
:10B5F000816F002008640499896FC8630499896F7A
:10B6000008650498816F40F69910C0F60100C8647F
:10B61000049B1A68D96D986F2032B3F86230F8F73E
:10B6200003FFC8B1FFE70498C06FF6F751F904991A
:10B63000D1F8840040F01000C1F884000499012082
:10B6400081F88100FFE70499002081F88000FFE77E
:10B6500001208DF8170046E00498806FC069B0F5AE
:10B66000807F0AD1FFE70498006840684FF6FF71B9
:10B6700088430499096848600CE0049800684068B1
:10B680004FF6FF718843BDF8061008440499096815
:10B690004860FFE704980168886840F400408860CB
:10B6A00004980168086940F45870086104980168BA
:10B6B000086840F00100086004984068B0F5800F09
:10B6C00007D1FFE704980168086840F4007008603B
:10B6D000FFE7FFE70499002081F88000FFE70020E2
:10B6E0008DF81700FFE79DF8170006B080BD000039
:10B6F00081B0009001B0704780B584B0039003988A
:10B70000006843F20001C4F20101884213D1FFE74F
:10B7100040F25451C2F20041029148680989FAF797
:10B720009FFF0299D1F81031B1F80A2101F10A0006
:10B730008A31984739E00398006843F60001C4F263
:10B740000001884213D1FFE740F26861C2F2004174
:10B75000019148680989FAF783FF0199D1F81031FE
:10B76000B1F80A2101F10A008A3198471CE00398D8
:10B77000006843F60041C4F20001884213D1FFE79C
:10B7800040F27C71C2F20041009148680989FAF7E1
:10B7900067FF0099D1F81031B1F80A2101F10A00D0
:10B7A0008A319847FFE7FFE7FFE704B080BD00005C
:10B7B00081B0009001B0704782B00190009140F2DA
:10B7C0000441C5F600010868019A9043009A1043AD
:10B7D000086002B07047000080B582B00190019807
:10B7E00005F066FA02B080BD81B0009001B07047EC
:10B7F00081B0009001B0704781B0009001B07047F7
:10B8000085B003900291FFE7039890F83C0001286F
:10B8100004D1FFE702208DF81300ABE0039901206B
:10B8200081F83C00FFE7FFE70399022081F83D0023
:10B830000398006840680190039800688068009051
:10B84000039800680021C4F20101884209D0FFE793
:10B850000398006840F20041C4F2010188420AD115
:10B86000FFE7019820F47000019002984168019868
:10B8700008430190FFE7019820F0700001900298C2
:10B88000016801980843019001980399096848608C
:10B89000039800680021C4F2010188424ED0FFE7FE
:10B8A00003980068B0F1804F48D0FFE70398006824
:10B8B00040F20041C4F2000188423FD0FFE7039804
:10B8C000006840F60001C4F20001884236D0FFE76C
:10B8D0000398006840F60041C4F2000188422DD070
:10B8E000FFE70398006840F20041C4F2010188427A
:10B8F00024D0FFE70398006841F60001C4F200017C
:10B9000088421BD0FFE70398006844F20001C4F2AC
:10B910000101884212D0FFE7039800684EF200014F
:10B92000C4F20001884209D0FFE7039800684EF294
:10B930000041C4F2000188420ED1FFE7009820F0D8
:10B940008000009002988168009808430090009859
:10B95000039909688860FFE70399012081F83D0099
:10B96000FFE70399002081F83C00FFE700208DF8F5
:10B970001300FFE79DF8130005B0704700000000BA
:10B9800080B582B00090009820B9FFE701208DF8C3
:10B99000070045E0009890F83D0040B9FFE70099A6
:10B9A000002081F83C00009800F03EF8FFE7009985
:10B9B000022081F83D00009951F8040B05F0C0FA0F
:10B9C0000099012081F84800FFE70099012081F8E3
:10B9D0003E00009981F83F00009981F840000099ED
:10B9E00081F84100009981F84200009981F84300F4
:10B9F000FFE7FFE70099012081F84400009981F8F2
:10BA00004500009981F84600009981F84700FFE75A
:10BA10000099012081F83D0000208DF80700FFE724
:10BA20009DF8070002B080BD80B588B007900798E8
:10BA3000006840F20041C4F20001884210D1FFE7E3
:10BA4000FFE744F2E840C5F60200016841F0020158
:10BA50000160006800F0020006900698FFE75FE0D2
:10BA60000798006840F60001C4F20001884219D12D
:10BA7000FFE7FFE744F2E840C5F60200016841F045
:10BA800004010160006800F0040005900598FFE7DC
:10BA90001E20029001210022FAF7CEFE0298FAF74A
:10BAA000BFFE3CE00798006840F60041C4F2000188
:10BAB000884219D1FFE7FFE744F2E840C5F60200EB
:10BAC000016841F008010160006800F0080004907E
:10BAD0000498FFE73220019001210022FAF7ACFE22
:10BAE0000198FAF79DFE19E00798006841F60001F9
:10BAF000C4F20001884210D1FFE7FFE744F2E840BA
:10BB0000C5F60200016841F040010160006800F0E4
:10BB1000400003900398FFE7FFE7FFE7FFE7FFE739
:10BB200008B080BD0000000083B00190019890F83B
:10BB30003D00012804D0FFE701208DF80B0083E0D1
:10BB40000199022081F83D0001980168C86840F021
:10BB50000100C860019800680021C4F20101884218
:10BB60004ED0FFE701980068B0F1804F48D0FFE762
:10BB70000198006840F20041C4F2000188423FD0C1
:10BB8000FFE70198006840F60001C4F20001884216
:10BB900036D0FFE70198006840F60041C4F200018A
:10BBA00088422DD0FFE70198006840F20041C4F2BE
:10BBB0000101884224D0FFE70198006841F60001A6
:10BBC000C4F2000188421BD0FFE70198006844F2EC
:10BBD0000001C4F20101884212D0FFE70198006819
:10BBE0004EF20001C4F20001884209D0FFE701983B
:10BBF00000684EF20041C4F20001884219D1FFE70B
:10BC00000198006880680721C0F201010840009097
:10BC1000009806280CD0FFE70098B0F5803F07D0C9
:10BC2000FFE701980168086840F001000860FFE73D
:10BC300006E001980168086840F001000860FFE72D
:10BC400000208DF80B00FFE79DF80B0003B0704754
:10BC500080B586B00490039100208DF80B00FFE7BB
:10BC6000049890F83C00012804D1FFE702208DF8E9
:10BC70001700D1E00499012081F83C00FFE7FFE7BD
:10BC80000499022081F83D000498006880680190C2
:10BC900001984FF68871CFF6CE7108400190019857
:10BCA00020F47F4001900198049909688860039806
:10BCB00000680090002800F09580FFE700981028A9
:10BCC00000F09080FFE70098202800F08B80FFE7CD
:10BCD0000098302800F08680FFE70098402874D054
:10BCE000FFE70098502856D0FFE7009860285FD003
:10BCF000FFE7009870282AD0FFE70098B0F5805F32
:10BD000024D0FFE70098B0F5005F35D0FFE700983A
:10BD1000B0F5801F66D0FFE70098B0F1101F61D02A
:10BD2000FFE700982021C0F2100188425AD0FFE7B7
:10BD300000983021C0F21001884253D0FFE70098EC
:10BD40004021C0F2100188424CD052E055E00498E6
:10BD50000068039B5A689968DB6805F0ADFA04989F
:10BD6000006880680190019840F077000190019888
:10BD700004990968886040E004980068039B5A6849
:10BD80009968DB6805F098FA04980168886840F4BF
:10BD90008040886031E004980068039A5168D26856
:10BDA00005F0B2FE04980068502105F0A1FA24E0E5
:10BDB00004980068039A5168D26805F0CDFE049893
:10BDC0000068602105F094FA17E004980068039A6F
:10BDD0005168D26805F098FE04980068402105F08B
:10BDE00087FA0AE0049800680399096805F080FA68
:10BDF00003E001208DF80B00FFE70499012081F892
:10BE00003D00FFE70499002081F83C00FFE79DF822
:10BE10000B008DF81700FFE79DF8170006B080BDF6
:10BE200081B0009001B0704780B584B00390039852
:10BE30000068C068029003980068006901909DF84E
:10BE400004008007002824D5FFE79DF8080080073C
:10BE500000281DD5FFE7039801686FF00200086114
:10BE6000039901200877039800688069800720B152
:10BE7000FFE70398FFF7D4FF06E0039800F058F9B6
:10BE8000039800F089FAFFE7039900200877FFE79D
:10BE9000FFE79DF804004007002825D5FFE79DF83F
:10BEA0000800400700281ED5FFE7039801686FF0DF
:10BEB00004000861039902200877039800688069EC
:10BEC00010F4407F04D0FFE70398FFF7A9FF06E0D6
:10BED000039800F02DF9039800F05EFAFFE703994C
:10BEE00000200877FFE7FFE79DF80400000700281F
:10BEF00024D5FFE79DF80800000700281DD5FFE7BF
:10BF0000039801686FF0080008610399042008771E
:10BF100003980068C069800720B1FFE70398FFF726
:10BF20007FFF06E0039800F003F9039800F034FA6D
:10BF3000FFE7039900200877FFE7FFE79DF804007B
:10BF4000C006002825D5FFE79DF80800C006002898
:10BF50001ED5FFE7039801686FF010000861039990
:10BF60000820087703980068C06910F4407F04D067
:10BF7000FFE70398FFF754FF06E0039800F0D8F8B6
:10BF8000039800F009FAFFE7039900200877FFE71C
:10BF9000FFE79DF80400C00778B1FFE79DF80800AF
:10BFA000C00748B1FFE7039801686FF0010008611E
:10BFB000039800F009FCFFE7FFE7019800F080001C
:10BFC000802806D0FFE79DF805008006002810D5E0
:10BFD000FFE79DF808000006002809D5FFE7039851
:10BFE00001686FF4025008610398FFF701FCFFE756
:10BFF000FFE79DF80500C00780B1FFE79DF8080046
:10C000000006002809D5FFE7039801686FF48070E7
:10C0100008610398FFF7E8FBFFE7FFE79DF80400DE
:10C020004006002810D5FFE79DF8080040060028CC
:10C0300009D5FFE7039801686FF040000861039895
:10C0400000F04AFCFFE7FFE79DF8040080060028A7
:10C0500010D5FFE79DF808008006002809D5FFE706
:10C06000039801686FF0200008610398FFF7C4FB94
:10C07000FFE7FFE704B080BD80B588B007900020DF
:10C08000069005900490039002900798006840F293
:10C090000041C4F2000188421ED1FFE7FFE744F2ED
:10C0A000E040C5F60200016841F00201016000684D
:10C0B00000F0020001900198FFE702200290039037
:10C0C000002104910591069040F20040C5F602005F
:10C0D00002A9FAF7F1F829E00798006841F6000193
:10C0E000C4F20001884220D1FFE7FFE744F2E040BC
:10C0F000C5F60200016841F002010160006800F02D
:10C10000020000900098FFE74FF4004002900220E8
:10C110000390002104910591069040F20040C5F67D
:10C12000020002A9FAF7C8F8FFE7FFE708B080BDF0
:10C1300081B0009001B0704780B586B00490039143
:10C14000029200208DF80700FFE7049890F83C0069
:10C15000012804D1FFE702208DF81700C0E0049900
:10C16000012081F83C00FFE7FFE7029800901428C7
:10C1700000F2A7800099DFE801F00BA4A4A424A496
:10C18000A4A43EA4A4A457A4A4A471A4A4A48A0013
:10C1900004980068039905F05BF9049801688869C0
:10C1A00040F00800886104980168886920F0040064
:10C1B000886103980269049801688869104388615E
:10C1C00083E004980068039905F0EAF9049801688F
:10C1D000886940F40060886104980168886920F4E7
:10C1E000806088610398026904980168886940EA60
:10C1F0000220886169E004980068039905F088FAD4
:10C2000004980168C86940F00800C8610498016892
:10C21000C86920F00400C8610398026904980168A5
:10C22000C8691043C86150E004980068039905F09C
:10C2300027FB04980168C86940F40060C86104984D
:10C240000168C86920F48060C86103980269049895
:10C250000168C86940EA0220C86136E004980068B5
:10C26000039905F07DFB04980168486D40F00800D3
:10C27000486504980168486D20F0040048650398FB
:10C28000026904980168486D104348651DE00498F0
:10C290000068039905F0CCFB04980168486D40F4F0
:10C2A0000060486504980168486D20F48060486526
:10C2B0000398026904980168486D40EA02204865C5
:10C2C00003E001208DF80700FFE7FFE70499002055
:10C2D00081F83C00FFE79DF807008DF81700FFE7A5
:10C2E0009DF8170006B080BD80B582B00090009820
:10C2F00020B9FFE701208DF8070045E0009890F88D
:10C300003D0040B9FFE70099002081F83C0000980B
:10C3100000F03EF8FFE70099022081F83D00009907
:10C3200051F8040B04F00CFE0099012081F848003C
:10C33000FFE70099012081F83E00009981F83F0055
:10C34000009981F84000009981F84100009981F836
:10C350004200009981F84300FFE7FFE700990120C0
:10C3600081F84400009981F84500009981F8460061
:10C37000009981F84700FFE70099012081F83D000E
:10C3800000208DF80700FFE79DF8070002B080BD90
:10C3900081B0009001B0704781B0009001B070474B
:10C3A00080B590B00E900D910D9828B9FFE70E98CA
:10C3B00090F83E000B9034E00D98042805D1FFE77B
:10C3C0000E9890F83F000A9028E00D98082805D1B3
:10C3D000FFE70E9890F8400009901CE00D980C289B
:10C3E00005D1FFE70E9890F84100089010E00D98F5
:10C3F000102805D1FFE70E9890F84200079004E05E
:10C400000E9890F843000790FFE707980890FFE721
:10C4100008980990FFE709980A90FFE70A980B909F
:10C42000FFE70B98012804D0FFE701208DF83F00BB
:10C4300003E10D9828B9FFE70E99022081F83E002C
:10C4400038E00D98042806D1FFE70E99022081F804
:10C450003F0006902CE00D98082806D1FFE70E99C2
:10C46000022081F8400005901FE00D980C2806D1AD
:10C47000FFE70E99022081F84100049012E00D9828
:10C48000102806D1FFE70E99022081F842000390A0
:10C4900005E00E99022081F843000390FFE703981E
:10C4A0000490FFE704980590FFE705980690FFE7E2
:10C4B0000698FFE70E9800680D990122019204F09A
:10C4C000DFFE01980E9909680022C4F20102914230
:10C4D00002902DD0FFE70E980168012040F2004243
:10C4E000C4F201029142029022D0FFE70E98016847
:10C4F000012044F20002C4F201029142029017D0DE
:10C50000FFE70E980168012044F20042C4F20102E4
:10C51000914202900CD0FFE70E9800684BF60001A4
:10C52000CBF6FE710844B0FA80F040090290FFE7B4
:10C530000298C00738B1FFE70E980168486C40F4D4
:10C5400000404864FFE70E9800680021C4F2010132
:10C5500088424ED0FFE70E980068B0F1804F48D077
:10C56000FFE70E98006840F20041C4F200018842E3
:10C570003FD0FFE70E98006840F60001C4F20001CA
:10C58000884236D0FFE70E98006840F60041C4F2BA
:10C59000000188422DD0FFE70E98006840F200416C
:10C5A000C4F20101884224D0FFE70E98006841F6EA
:10C5B0000001C4F2000188421BD0FFE70E9800681A
:10C5C00044F20001C4F20101884212D0FFE70E9844
:10C5D00000684EF20001C4F20001884209D0FFE772
:10C5E0000E9800684EF20041C4F20001884219D151
:10C5F000FFE70E98006880680721C0F2010108403B
:10C600000C900C9806280CD0FFE70C98B0F5803FF2
:10C6100007D0FFE70E980168086840F00100086045
:10C62000FFE706E00E980168086840F00100086026
:10C63000FFE700208DF83F00FFE79DF83F0010B0B6
:10C6400080BD00000000000080B588B00790069112
:10C65000079800680699002204F012FE0798016806
:10C6600001200022C4F20102914205902DD0FFE783
:10C6700007980168012040F20042C4F20102914291
:10C68000059022D0FFE707980168012044F20002DC
:10C69000C4F201029142059017D0FFE707980168A4
:10C6A000012044F20042C4F20102914205900CD0F4
:10C6B000FFE7079800684BF60001CBF6FE710844CF
:10C6C000B0FA80F040090590FFE70598C007D8B19F
:10C6D000FFE7FFE707980068006A41F2111108427E
:10C6E00010D1FFE707980068006A40F24441084211
:10C6F00007D1FFE707980168486C20F400404864C0
:10C70000FFE7FFE7FFE7FFE7FFE707980068006A3A
:10C7100041F21111084210D1FFE707980068006A42
:10C7200040F24441084207D1FFE7079801680868D2
:10C7300020F001000860FFE7FFE7FFE7069828B94F
:10C74000FFE70799012081F83E0038E006980428A9
:10C7500006D1FFE70799012081F83F0004902CE003
:10C760000698082806D1FFE70799012081F84000C4
:10C7700003901FE006980C2806D1FFE707990120D7
:10C7800081F84100029012E00698102806D1FFE7D8
:10C790000799012081F84200019005E007990120E6
:10C7A00081F843000190FFE701980290FFE70298AB
:10C7B0000390FFE703980490FFE70498FFE7002049
:10C7C00008B080BD0000000080B582B001900198E3
:10C7D00000680021C4F20101884207D1FFE740F65A
:10C7E000A000C2F200404068804773E001980068F2
:10C7F000B0F1804F07D1FFE740F6A800C2F2004039
:10C800004068804765E00198006840F20041C4F24A
:10C810000001884207D1FFE740F6B000C2F20040B5
:10C820004068804754E00198006840F60001C4F277
:10C830000001884207D1FFE740F6B800C2F200408D
:10C840004068804743E00198006840F60041C4F228
:10C850000001884207D1FFE740F6C000C2F2004065
:10C860004068804732E00198006841F20001C4F25C
:10C870000001884207D1FFE740F6C800C2F200403D
:10C880004068804721E00198006841F20041C4F20D
:10C890000001884207D1FFE740F6D000C2F2004015
:10C8A0004068804710E00198006840F20041C4F2FF
:10C8B0000101884207D1FFE740F6D800C2F20040EC
:10C8C00040688047FFE7FFE7FFE7FFE7FFE7FFE795
:10C8D000FFE7FFE702B080BD81B0009001B0704774
:10C8E00083B00190FFE7019890F88400012804D1FB
:10C8F000FFE702208DF80B002CE00199012081F860
:10C900008400FFE7FFE701992420C1F8880001981F
:10C9100000680068009001980168086820F0010034
:10C920000860009820F000500090019900204866AF
:10C93000009801990968086001992020C1F88800D1
:10C94000FFE70199002081F88400FFE700208DF8BF
:10C950000B00FFE79DF80B0003B0704700000000DC
:10C9600080B586B004900391ADF80A200498D0F801
:10C970008C00202844D1FFE7039820B1FFE7BDF8E1
:10C980000A0020B9FFE701208DF817003CE0049968
:10C990000120C86604990020086704980399BDF82F
:10C9A0000A2006F051FC8DF809009DF8090010BB23
:10C9B000FFE70498C06E012818D1FFE704980168CA
:10C9C00010200862FFE7FFE70498006850E8000FB6
:10C9D00040F010000190FFE701990498026842E8D6
:10C9E00000100028F0D1FFE7FFE703E001208DF8F9
:10C9F0000900FFE7FFE79DF809008DF8170003E045
:10CA000002208DF81700FFE79DF8170006B080BDE3
:10CA100080B58AB00990ADF822100998006841F2FB
:10CA20000001C4F20101884240F0EC80FFE7BDF84C
:10CA3000221040F6F010C2F200400690A0F8081153
:10CA4000D0F80C21BDF82210843007909047069A48
:10CA500007990998B2F80421520092B2FFF780FFBB
:10CA600045F20040C2F2004000681021C4F2020109
:10CA7000884200F0B280FFE745F20040C2F2004079
:10CA800000682821C4F20201884200F0A680FFE776
:10CA900045F20040C2F2004000684021C4F20201A9
:10CAA000884200F09A80FFE745F20040C2F2004061
:10CAB00000685821C4F20201884200F08E80FFE72E
:10CAC00045F20040C2F2004000687021C4F2020149
:10CAD000884200F08280FFE745F20040C2F2004049
:10CAE00000688821C4F20201884276D0FFE745F24F
:10CAF0000040C2F200400068A021C4F20201884256
:10CB00006BD0FFE745F20040C2F200400068B82158
:10CB1000C4F20201884260D0FFE745F20040C2F251
:10CB20000040006840F21041C4F20201884254D033
:10CB3000FFE745F20040C2F20040006840F22841A1
:10CB4000C4F20201884248D0FFE745F20040C2F239
:10CB50000040006840F24041C4F2020188423CD0EB
:10CB6000FFE745F20040C2F20040006840F2584141
:10CB7000C4F20201884230D0FFE745F20040C2F221
:10CB80000040006840F27041C4F20201884224D0A3
:10CB9000FFE745F20040C2F20040006840F28841E1
:10CBA000C4F20201884218D0FFE745F20040C2F209
:10CBB0000040006840F2A041C4F2020188420CD05B
:10CBC000FFE745F20040C2F20040006840F2B84181
:10CBD000C4F2020188420AD1FFE745F20040C2F2E6
:10CBE00000400168086820F00800086009E045F28C
:10CBF0000040C2F200400168086820F004000860AC
:10CC0000FFE7B5E10998006845F20001C4F20001B0
:10CC100088422FD1FFE7BDF8220040F63061C2F212
:10CC200000410591A1F808010998B1F804215200CA
:10CC3000843192B2FFF794FE0599B1F80801B1F87A
:10CC4000041188420BDCFFE740F63060C2F200407E
:10CC5000D0F80C21BDF822108430904709E040F64E
:10CC60003060C2F20040B0F804118430F3F798FB52
:10CC7000FFE77CE10998006847F60001C4F2000173
:10CC8000884211D1FFE7BDF8220041F25001C2F203
:10CC90000041A1F808010998B1F80421520084313B
:10CCA00092B2FFF75DFE61E10998006847F6004126
:10CCB000C4F2000188422DD1FFE7BDF8220041F205
:10CCC0006011C2F200410491A1F808010998B1F87D
:10CCD00004218431FFF744FE0499B1F80801B1F84A
:10CCE000041188420BDCFFE741F26010C2F2004001
:10CCF000D0F80C21BDF822108430904709E041F2B1
:10CD00006010C2F20040B0F804118430F3F748FB21
:10CD1000FFE72AE10998006841F60001C4F2010129
:10CD200088422DD1FFE7BDF8220041F27021C2F206
:10CD300000410391A1F808010998B1F80421843158
:10CD4000FFF70EFE0399B1F80801B1F8041188420B
:10CD50000BDCFFE741F27020C2F20040D0F80C215A
:10CD6000BDF822108430904709E041F27020C2F2F1
:10CD70000040B0F804118430F3F712FBFFE7F3E052
:10CD80000998006841F60041C4F20101884240F070
:10CD9000EA80FFE7BDF8221040F6E000C2F2004052
:10CDA0000190A0F80811D0F80C21BDF822108430B1
:10CDB00002909047019A02990998B2F80421FFF76E
:10CDC000CFFD45F21030C2F2004000681021C4F2DD
:10CDD0000201884200F0B280FFE745F21030C2F253
:10CDE000004000682821C4F20201884200F0A680B9
:10CDF000FFE745F21030C2F2004000684021C4F263
:10CE00000201884200F09A80FFE745F21030C2F23A
:10CE1000004000685821C4F20201884200F08E8070
:10CE2000FFE745F21030C2F2004000687021C4F202
:10CE30000201884200F08280FFE745F21030C2F222
:10CE4000004000688821C4F20201884276D0FFE7E2
:10CE500045F21030C2F200400068A021C4F2020185
:10CE600088426BD0FFE745F21030C2F20040006804
:10CE7000B821C4F20201884260D0FFE745F21030C9
:10CE8000C2F20040006840F21041C4F20201884240
:10CE900054D0FFE745F21030C2F20040006840F283
:10CEA0002841C4F20201884248D0FFE745F2103021
:10CEB000C2F20040006840F24041C4F202018842E0
:10CEC0003CD0FFE745F21030C2F20040006840F26B
:10CED0005841C4F20201884230D0FFE745F21030D9
:10CEE000C2F20040006840F27041C4F20201884280
:10CEF00024D0FFE745F21030C2F20040006840F253
:10CF00008841C4F20201884218D0FFE745F2103090
:10CF1000C2F20040006840F2A041C4F2020188421F
:10CF20000CD0FFE745F21030C2F20040006840F23A
:10CF3000B841C4F2020188420AD1FFE745F210303D
:10CF4000C2F200400168086820F00800086009E0AB
:10CF500045F21030C2F200400168086820F0040079
:10CF60000860FFE7FFE7FFE7FFE7FFE7FFE7FFE70F
:10CF70000AB080BD0000000081B0009001B0704791
:10CF800080B584B002900191FFE7029890F8840088
:10CF9000012804D1FFE702208DF80F0032E002994A
:10CFA000012081F88400FFE7FFE702992420C1F8FF
:10CFB000880002980068006800900298016808687C
:10CFC00020F00100086002980068806820F060602E
:10CFD00001990843029909688860029804F080FE6C
:10CFE000009802990968086002992020C1F8880019
:10CFF000FFE70299002081F88400FFE700208DF808
:10D000000F00FFE79DF80F0004B080BD0000000096
:10D0100080B584B002900191FFE7029890F88400F7
:10D02000012804D1FFE702208DF80F0032E00299B9
:10D03000012081F88400FFE7FFE702992420C1F86E
:10D0400088000298006800680090029801680868EB
:10D0500020F00100086002980068806820F06040BD
:10D0600001990843029909688860029804F038FE23
:10D07000009802990968086002992020C1F8880088
:10D08000FFE70299002081F88400FFE700208DF877
:10D090000F00FFE79DF80F0004B080BD0000000006
:10D0A00081B0009001B0704781B0009001B070472E
:10D0B00080B586B004900498D0F888000390049856
:10D0C000D0F88C0002900498006880680006002860
:10D0D00036D5FFE70398212832D1FFE7FFE7FFE7C6
:10D0E0000498006850E8020F20F080000190FFE7EC
:10D0F00001990498026842E802100028F0D1FFE785
:10D10000FFE70498C06FB8B1FFE70498C06FF4F769
:10D11000DFFB80B1FFE70498C06FF5F7EDFB202837
:10D1200008D1FFE704991020C1F8900003208DF882
:10D13000170049E0FFE7FFE7049805F0B9F8FFE7BB
:10D140000498006880684006002839D5FFE70298F7
:10D15000222835D1FFE7FFE7FFE70498006850E891
:10D16000020F20F040000090FFE700990498026849
:10D1700042E802100028F0D1FFE7FFE70498D0F85A
:10D180008000C8B1FFE70498D0F88000F4F7A0FB56
:10D1900088B1FFE70498D0F88000F5F7ADFB2028B0
:10D1A00008D1FFE704991020C1F8900003208DF802
:10D1B000170009E0FFE7FFE7049805F005F8FFE72F
:10D1C00000208DF81700FFE79DF8170006B080BD1E
:10D1D00081B0009001B0704780B592B01190119865
:10D1E0000068C06910901198006800680F9011984D
:10D1F000006880680E90109840F60F0108400D906E
:10D200000D98E0B9FFE79DF840008006002815D58D
:10D21000FFE79DF83C008006002806D4FFE79DF854
:10D220003B00C006002809D5FFE71198406F20B1E8
:10D23000FFE71198416F8847FFE74AE3FFE70D9842
:10D24000002800F00C81FFE70E980121C1F20001D7
:10D25000084209D1FFE70F9840F22011C0F20041C7
:10D26000084200F0FC80FFE79DF84000C00788B14D
:10D27000FFE79DF83D00C00760B1FFE71198016826
:10D28000012008621199D1F8900040F00100C1F826
:10D290009000FFE79DF840008007002811D5FFE7C8
:10D2A0009DF83800C00760B1FFE7119801680220BF
:10D2B00008621199D1F8900040F00400C1F8900084
:10D2C000FFE79DF840004007002811D5FFE79DF8D3
:10D2D0003800C00760B1FFE71198016804200862B8
:10D2E0001199D1F8900040F00200C1F89000FFE7DA
:10D2F0009DF840000007002819D5FFE79DF83C0085
:10D300008006002807D4FFE70E980121C1F2000132
:10D3100008420CD0FFE711980168082008621199B3
:10D32000D1F8900040F00800C1F89000FFE79DF8A8
:10D3300041000007002813D5FFE79DF83F00400794
:10D3400000280DD5FFE7119801684FF400600862CE
:10D350001199D1F8900040F02000C1F89000FFE74B
:10D360001198D0F89000002878D0FFE79DF8400091
:10D370008006002815D5FFE79DF83C0080060028B0
:10D3800006D4FFE79DF83B00C006002809D5FFE75B
:10D390001198406F20B1FFE71198416F8847FFE770
:10D3A000FFE71198D0F890000C9011980068806801
:10D3B00000F04000402806D0FFE79DF8300010F054
:10D3C000280F42D0FFE7119804F0FEFE1198006884
:10D3D00080684006002833D5FFE7FFE7FFE7119894
:10D3E000006850E8020F20F040000B90FFE70B9917
:10D3F0001198026842E802100028F0D1FFE7FFE729
:10D400001198D0F88000B0B1FFE71198D0F88010E3
:10D4100041F6F970C0F6010008651198D0F8800057
:10D42000F4F712FF30B1FFE71198D0F88000016DDA
:10D430008847FFE703E01198FFF7CAFEFFE703E024
:10D440001198FFF7C5FEFFE707E01198FFF7C0FE50
:10D4500011990020C1F89000FFE7FFE739E2119829
:10D46000C06E012840F0D681FFE79DF84000C0065D
:10D47000002840F1CF81FFE79DF83C00C00600285E
:10D4800040F1C881FFE711980168102008621198E7
:10D49000006880684006002840F15A81FFE7119833
:10D4A000D0F8800000681021C4F20201884200F028
:10D4B000A280FFE71198D0F8800000682821C4F20C
:10D4C0000201884200F09780FFE71198D0F88000B1
:10D4D00000684021C4F20201884200F08C80FFE71E
:10D4E0001198D0F8800000685821C4F202018842E7
:10D4F00000F08180FFE71198D0F88000006870216B
:10D50000C4F20201884276D0FFE71198D0F880007B
:10D5100000688821C4F2020188426CD0FFE71198AC
:10D52000D0F880000068A021C4F20201884262D0D5
:10D53000FFE71198D0F880000068B821C4F202011A
:10D54000884258D0FFE71198D0F88000006840F278
:10D550001041C4F2020188424DD0FFE71198D0F883
:10D560008000006840F22841C4F20201884242D0A3
:10D57000FFE71198D0F88000006840F24041C4F203
:10D580000201884237D0FFE71198D0F88000006888
:10D5900040F25841C4F2020188422CD0FFE71198B2
:10D5A000D0F88000006840F27041C4F20201884265
:10D5B00021D0FFE71198D0F88000006840F2884140
:10D5C000C4F20201884216D0FFE71198D0F880001B
:10D5D000006840F2A041C4F2020188420BD0FFE78C
:10D5E0001198D0F88000006840F2B841C4F20201FE
:10D5F000884207D1FFE71198D0F8800000684068A2
:10D60000019006E01198D0F8800000684068019011
:10D61000FFE70198ADF82A00BDF82A0000287BD06A
:10D62000FFE7BDF82A001199B1F85C10884273DA5F
:10D63000FFE7BDF82A001199A1F85E001198D0F813
:10D640008000C069B0F5807F59D0FFE7FFE7FFE7B2
:10D650001198006850E8000F20F480700990FFE7EF
:10D6600009991198026842E800100028F0D1FFE7FC
:10D67000FFE7FFE7FFE71198006850E8020F20F08E
:10D6800001000890FFE708991198026842E802102B
:10D690000028F0D1FFE7FFE7FFE7FFE711980068F8
:10D6A00050E8020F20F040000790FFE7079911981B
:10D6B000026842E802100028F0D1FFE7FFE7119965
:10D6C0002020C1F88C0011990020C866FFE7FFE711
:10D6D0001198006850E8000F20F010000690FFE756
:10D6E00006991198026842E800100028F0D1FFE77F
:10D6F000FFE71198D0F88000F4F7EAF8FFE71199F6
:10D70000022008671198B0F85C10B0F85E20891A02
:10D7100089B2FFF77DF91AE0BDF82A001199B1F836
:10D720005C10884212D1FFE71198D0F88000C069E0
:10D73000B0F5807F09D1FFE71199022008671198A1
:10D74000B0F85C10FFF764F9FFE7FFE7FFE7C0E020
:10D750001199B1F85C00B1F85E10401AADF81600EE
:10D760001198B0F85E00002853D0FFE7BDF816000E
:10D7700000284ED0FFE7FFE7FFE71198006850E868
:10D78000000F20F490700490FFE70499119802684C
:10D7900042E800100028F0D1FFE7FFE7FFE7FFE7CE
:10D7A0001198006850E8020F4FF6FE71CEF6FF7137
:10D7B00008400390FFE703991198026842E80210BD
:10D7C0000028EDD1FFE7FFE711992020C1F88C0078
:10D7D00011990020C86611994867FFE7FFE7119883
:10D7E000006850E8000F20F010000290FFE7029957
:10D7F0001198026842E800100028F0D1FFE7FFE727
:10D800001199022008671198BDF81610FFF700F96A
:10D81000FFE75EE09DF84200C00600280FD5FFE755
:10D820009DF83A004006002809D5FFE711980168E5
:10D830004FF4801008621198FFF736FC49E09DF81C
:10D8400040000006002815D5FFE79DF83C000006C3
:10D85000002806D4FFE79DF83A000006002809D505
:10D86000FFE71198806F20B1FFE71198816F88471B
:10D87000FFE72EE09DF84000400600280AD5FFE7AC
:10D880009DF83C004006002804D5FFE7119804F0FD
:10D89000EBFC1EE09DF84200000600280AD5FFE7D9
:10D8A0009DF83F004006002804D5FFE71198FFF7D8
:10D8B000F7FB0EE09DF84300C00750B1FFE79DF86D
:10D8C0003F000006002804D5FFE71198FFF754FB3E
:10D8D000FFE712B080BD000080B582B000900098D4
:10D8E00020B9FFE701208DF8070046E00098806925
:10D8F00008B1FFE700E0FFE70098D0F8880040B9E2
:10D90000FFE70099002081F88400009800F03CF8BF
:10D91000FFE700992420C1F8880000980168086892
:10D9200020F0010008600098806A20B1FFE70098AD
:10D9300004F01AFAFFE7009804F05EFF012804D112
:10D94000FFE701208DF8070017E00098016848689C
:10D9500020F49040486000980168886820F02A0010
:10D96000886000980168086840F00100086000982D
:10D9700004F09EFA8DF80700FFE79DF8070002B05B
:10D9800080BD00000000000080B5E0B05F90002086
:10D990005E905D905C905B905A902CA8B821F2F755
:10D9A000FFFC5F98006845F20001C4F20001884264
:10D9B00040F09880FFE700202D9002212C914990A3
:10D9C0002CA8FAF71DFC18B1FFE7F3F771FDFFE78C
:10D9D000FFE744F2E840C5F60200016841F4801117
:10D9E0000160006800F480102B902B98FFE7FFE7A0
:10D9F00044F2E040C5F60200016841F00401016014
:10DA0000006800F004002A902A98FFE7FFE744F23C
:10DA1000E040C5F60200016841F0080101600068BD
:10DA200000F0080029902998FFE74FF480505A90A1
:10DA300002201A905B9000201D905C905D90082061
:10DA40001B905E9040F60000C5F602005AA91C919A
:10DA5000F8F732FC1A9B1B981C991D9A4FF0040C86
:10DA6000CDF868C15B935C925D925E9040F6004099
:10DA7000C5F60200F8F720FC1D9945F24000C2F2FD
:10DA800000401E901022C4F2020202604122426055
:10DA90008160C1604FF480620261416181614FF435
:10DAA0008072C2614FF4403202624162F6F70CF8B4
:10DAB00018B1FFE7F3F7FCFCFFE7FFE75F9845F2DB
:10DAC0004001C2F20041C0F880105F988863FFE710
:10DAD0003520199003210022F8F7AEFE1998F8F7C7
:10DAE0009FFE42E35F98006847F60001C4F2000120
:10DAF000884271D1FFE700202D9002212C9149909E
:10DB00002CA8FAF77DFB18B1FFE7F3F7D1FCFFE78C
:10DB1000FFE744F2E840C5F60200016841F08041A9
:10DB20000160006800F0804028902898FFE7FFE738
:10DB300044F2E040C5F60200016841F010010160C6
:10DB4000006800F0100027902798FFE74FF4C0709E
:10DB50005A9002205B90002017905C905D90072007
:10DB60005E9041F20000C5F602005AA9F8F7A4FB46
:10DB7000179945F2B800C2F2004018908822C4F20A
:10DB8000020202604F2242608160C1604FF48062F5
:10DB90000261416181614FF48072C2610162416240
:10DBA000F5F792FF18B1FFE7F3F782FCFFE7FFE715
:10DBB0005F9845F2B801C2F20041C0F880105F984A
:10DBC0008863FFE75220169002210122F8F734FE05
:10DBD0001698F8F725FEC7E25F98006847F60041FF
:10DBE000C4F20001884240F09980FFE700202D90A8
:10DBF00002212C9149902CA8FAF702FB18B1FFE7FB
:10DC0000F3F756FCFFE7FFE744F2E840C5F60200F1
:10DC1000016841F000410160006800F0004026907A
:10DC20002698FFE7FFE744F2E040C5F602000168EE
:10DC300041F010010160006800F010002590259867
:10DC4000FFE703205A9002205B90002014905C9024
:10DC50005D9008205E9041F20000C5F602005AA9CE
:10DC6000F8F72AFB149945F23010C2F200401590E3
:10DC7000A022C4F202020260512242608160C160AF
:10DC80004FF480620261416181614FF48072C26130
:10DC900001624162F5F718FF18B1FFE7F3F708FCDE
:10DCA000FFE7FFE75F9845F23011C2F20041C0F88C
:10DCB00080105F988863FFE745F2A810C2F2004029
:10DCC0001390B821C4F20201016052214160402149
:10DCD00081600021C1604FF4806202614161816115
:10DCE000C16101624162F5F7EFFE18B1FFE7F3F79A
:10DCF000DFFBFFE7FFE75F9845F2A811C2F20041A2
:10DD0000C1675F988863FFE75320129002210022C9
:10DD1000F8F792FD1298F8F783FD24E25F98006807
:10DD200041F60001C4F20101884240F09B80FFE708
:10DD300000202D9001212C914A902CA8FAF760FA2E
:10DD400018B1FFE7F3F7B4FBFFE7FFE744F2F04059
:10DD5000C5F60200016841F040010160006800F072
:10DD6000400024902498FFE7FFE744F2E040C5F626
:10DD70000200016841F008010160006800F008003D
:10DD800023902398FFE74FF440405A9002205B9085
:10DD9000002010905C905D900B205E9040F600405B
:10DDA000C5F602005AA9F8F787FA109945F2202023
:10DDB000C2F20040119040F21042C4F2020202602E
:10DDC000742242608160C1604FF4806202614161EF
:10DDD00081614FF48072C26101624162F5F774FEA5
:10DDE00018B1FFE7F3F764FBFFE7FFE75F9845F241
:10DDF0002021C2F20041C0F880105F988863FFE7DD
:10DE000045F29820C2F200400F907021C4F2020146
:10DE1000016075214160402181600021C1604FF4A3
:10DE20008062026141618161C16101624162F5F715
:10DE30004BFE18B1FFE7F3F73BFBFFE7FFE75F9807
:10DE400045F29821C2F20041C1675F988863FFE7FD
:10DE50009B200E9001210022F8F7EEFC0E98F8F7B7
:10DE6000DFFC7FE15F98006841F20001C4F201012C
:10DE7000884240F0A980FFE700202D9001212C91DD
:10DE80004A902CA8FAF7BCF918B1FFE7F3F710FB9A
:10DE9000FFE7FFE744F2F040C5F60200016841F0F9
:10DEA00010010160006800F0100022902298FFE746
:10DEB000FFE744F2E040C5F60200016841F00101CD
:10DEC0000160006800F0010021902198FFE74FF405
:10DED000C0605A9002205B9000200C905C90032060
:10DEE0000B905D9007205E900020C5F602005AA9B5
:10DEF000F8F7E2F90B9A0C9945F20040C2F20040A3
:10DF00000D9040F22843C4F20203036029234360CA
:10DF10008160C1604FF48063036141618161C161CF
:10DF20004FF400330362042343628262C1620163DF
:10DF3000F5F7CAFD18B1FFE7F3F7BAFAFFE7FFE715
:10DF40005F9845F20041C2F20041C0F880105F982E
:10DF50008863FFE745F27840C2F200400A9040F241
:10DF60004041C4F2020101602A21416040218160E8
:10DF70000021C1604FF48062026141618161C16131
:10DF80004FF4803202620422426203228262C16242
:10DF90000163F5F799FD18B1FFE7F3F789FAFFE799
:10DFA000FFE75F9845F27841C2F20041C1675F9890
:10DFB0008863FFE72520099002210022F8F73CFC46
:10DFC0000998F8F72DFCCCE05F98006841F6004115
:10DFD000C4F20101884240F0C380FFE700202D9089
:10DFE00001212C914A902CA8FAF70AF918B1FFE701
:10DFF000F3F75EFAFFE7FFE744F2F040C5F60200F0
:10E00000016841F080010160006800F0800020900C
:10E010002098FFE7FFE744F2E040C5F60200016800
:10E0200041F010010160006800F010001F901F987F
:10E03000FFE7042005905A90022102915B91002194
:10E0400007915C91032106915D915E9041F2000081
:10E05000C5F6020003905AA90491F8F72DF9DDF8EE
:10E0600008C003980499069A079B4FF0080ECDF854
:10E0700068E1CDF86CC15C935D920B225E92F8F77B
:10E080001BF9059B069A079945F21030C2F2004031
:10E09000089040F2580CC4F2020CC0F800C04FF0D7
:10E0A000760CC0F804C08160C1604FF4806CC0F889
:10E0B00010C041618161C1614FF4003CC0F820C0D3
:10E0C00043628262C1620163F5F7FEFC18B1FFE7AB
:10E0D000F3F7EEF9FFE7FFE75F9845F21031C2F280
:10E0E0000041C0F880105F988863FFE745F28830F0
:10E0F000C2F20040019040F27041C4F2020101609E
:10E1000077214160402181600021C1604FF480622D
:10E11000026141618161C1614FF4003202620422F7
:10E12000426203228262C1620163F5F7CDFC18B13D
:10E13000FFE7F3F7BDF9FFE7FFE75F9845F28831A6
:10E14000C2F20041C1675F988863FFE79C2000909E
:10E1500001210022F8F770FB0098F8F761FBFFE758
:10E16000FFE7FFE7FFE7FFE7FFE760B080BD0000E4
:10E1700081B0009001B0704781B0009001B070474D
:10E1800080B582B00190019845F60061C2F200416D
:10E19000884213D1FFE746F2F800C2F2004008F0CF
:10E1A00083FEB0EE401AB7EE000A80EE010A44F694
:10E1B0005840C2F2004080ED000AFFE702B080BD87
:10E1C000FFE7FEE70000000080B58AB08DED090A88
:10E1D000CDED080A8DED071ACDED061A8DED052A55
:10E1E000CDED042A03900399012008700998039942
:10E1F000C1F8B40108980399C1F8B80107980399C8
:10E20000C1F8BC0103994CF67740C3F22B20C1F84A
:10E21000D0010399002081F838010399C1F8440125
:10E22000C1F840010399C1F84C01C1F848010498B4
:10E230000399C1F8AC019DED060AB7EE001AB4EEE1
:10E24000410AF1EE10FA04DDFFE74FF07E50069030
:10E25000FFE706980399C1F8D40105980399C1F81E
:10E26000900103980430062100220092032300F05D
:10E270009FFB039901F5E27001F5E673012201921B
:10E28000114614F03DFA00990198039AD2F8EC3047
:10E290004FF07E521A60039AD2F8EC205160039A34
:10E2A000D2F8EC209160039AD2F8EC20D160039A66
:10E2B00047F65971C0F60101C2F8D010039A48F22E
:10E2C0008951C0F60101C2F8D410039A47F6F15102
:10E2D000C0F60101C2F8D810039A47F6A971C0F63A
:10E2E0000101C2F8DC10039981F82E00039981F82E
:10E2F0002F000398D0F8040144F6BC21C0F60201B7
:10E3000090220292F2F733F8029A0398D0F8FC00B8
:10E3100040F25801C2F20041F2F729F80AB080BD7C
:10E3200080B590B009A9069181ED060AC1ED050AF4
:10E3300081ED041AC1ED031A81ED022AC1ED012A13
:10E3400081ED003A08900898007880B9FFE70898B6
:10E35000B2EE040ADFEDD20A9FEDD21AF7EE001AF0
:10E36000DFEDD12AB0EE622AFFF72EFFFFE7069815
:10E370000999089AC2F8C01190ED060A089991ED22
:10E38000581A30EE410A81ED5B0A90ED050A0899B2
:10E3900091ED591A30EE410A81ED5C0A90ED040AC4
:10E3A000089991ED5A1A30EE410A81ED5D0A0899FB
:10E3B00091ED5B0AB6EE001A20EE010A90ED002AFC
:10E3C00020EE020A42F2DC71C2F20041059181EDB9
:10E3D000000A089991ED5C0A20EE010A90ED002AEE
:10E3E00020EE020A42F2E071C2F20041049181ED96
:10E3F000000A089991ED5D0A20EE010A90ED001ADD
:10E4000020EE010A42F2E470C2F20040039080ED77
:10E41000000A0898D0F8040144F6BC21C0F60201B5
:10E420009022F1F7A4FF039A0499059890ED000A51
:10E43000B1EE400A089BD3F8043183ED010A91ED57
:10E44000000AB1EE400A089BD3F8043183ED020ABA
:10E4500092ED000AB1EE400A089BD3F8043183ED37
:10E46000030A0368DDF820C0DCF804C1CCF81830DA
:10E470001368DDF820C0DCF804C1CCF8203091ED41
:10E48000000AB1EE400A089BD3F8043183ED090A73
:10E490000B68DDF820C0DCF804C1CCF8303092ED18
:10E4A000000AB1EE400A089BD3F8043183ED0D0A4F
:10E4B0000368DDF820C0DCF804C1CCF83C301268F9
:10E4C000089BD3F804319A640968089AD2F80421A9
:10E4D000D16490ED000AB1EE400A0898D0F804012A
:10E4E00080ED140A0899D1F84801D1F84C1108437D
:10E4F00068B9FFE70C980899C1F878010B9808995A
:10E50000C1F87C010A980899C1F88001FFE70699D3
:10E51000089890ED5E0A90ED641A90ED703A20EE46
:10E52000010A33EE012A80EE020A91ED031A21EE70
:10E53000031A81EE021A30EE010A80ED5E0A089895
:10E5400090ED5F0A90ED641A90ED703A20EE010AAA
:10E5500033EE012A80EE020A91ED021A21EE031A2F
:10E5600081EE021A30EE010A80ED5F0A089890ED04
:10E57000600A90ED641A90ED703A20EE010A33EED5
:10E58000012A80EE020A91ED011A21EE031A81EEB2
:10E59000021A30EE010A80ED600A089890ED5E2ABA
:10E5A00090ED5F0A90ED601A20EE000AA2EE020ADA
:10E5B000A1EE010A0AF020F942F2D870C2F200403E
:10E5C00080ED000A00208DF81F00FFE79DF81F0076
:10E5D00002281BDCFFE708989DF81F1000EB810262
:10E5E00092ED5E0A42F2D872C2F2004292ED001A37
:10E5F00020EE010A806800EB810080ED000AFFE751
:10E600009DF81F0001308DF81F00DFE7089890ED9E
:10E610005B2A90ED5C0A90ED5D1A20EE000AA2EEF6
:10E62000020AA1EE010A0AF0E7F8B0EE401AB7EECE
:10E63000000A80EE011A089880ED651A42F2D8703F
:10E64000C2F2004090ED001A80EE010A089880EDB9
:10E65000660A089890ED650A9FEDAE1AB4EE410A7D
:10E66000F1EE10FA22DAFFE7089890ED660A9FEDC6
:10E67000AA1AB4EE410AF1EE10FA17DDFFE7089886
:10E6800090ED660A9FEDA51AB4EE410AF1EE10FA7C
:10E690000CDAFFE70899012081F839010BE000BF8F
:10E6A0006F12833A8096184B0000000008990020F2
:10E6B00081F83901FFE7089890ED6D0A90ED701A26
:10E6C00020EE010AD0F8180180ED000A089890EDBC
:10E6D0006D0A90ED701A20EE010AD0F8180180ED55
:10E6E000070A089890ED6D0A90ED701A20EE010A65
:10E6F000D0F8180180ED0E0A089890ED6D0A90EDA3
:10E70000701A20EE010AD0F8180180ED150A089859
:10E7100090ED6E0A90ED701A20EE010AD0F8180103
:10E7200080ED1C0A089890ED6E0A90ED701A20EEAC
:10E73000010AD0F8180180ED230A0898D0F81C11BE
:10E74000D0F8BC0108600898D0F81C11D0F8BC01C2
:10E7500008610898D0F81C11D0F8BC01086208992B
:10E76000081D00F055FD089948680068C1F850017F
:10E77000089948684068C1F8540108994868806859
:10E78000C1F8580108994868C068C1F85C01089947
:10E7900048680069C1F86001089948684069C1F893
:10E7A00064010899D1F8AC01C1F86801089890EDAE
:10E7B000542A90ED551A90ED560A90ED573A21EEF5
:10E7C000000AA2EE030A30EE000A21EE011AA2EEC0
:10E7D000021AB0EE002A8DED012AFFEE000ACDEDFF
:10E7E000000AE1EE020A14F057FFDDED000A9DED8C
:10E7F000012A9FED4B1A8DED021A20EE010A0898AE
:10E8000080ED6A0A089890ED543A90ED554A90EDE3
:10E81000560A90ED571A20EE010AA3EE040A30EED4
:10E82000000A21EE011AA3EE031AE1EE020A14F027
:10E8300033FF9DED021A20EE010A089880ED690A67
:10E84000089890ED540A90ED551A90ED563A90EDD7
:10E85000572A20EE030A91EE020AB8EE001A20EEC3
:10E86000010A14F083FE9DED021A20EE010A0898B9
:10E8700080ED680A089890ED6A0A90ED771A30EEFC
:10E88000410A9FED281AB4EE410AF1EE10FA07DDB5
:10E89000FFE70899B1F8D8010138A1F8D80116E0CE
:10E8A000089890ED6A0A90ED771A30EE410A9FEDD4
:10E8B0001E1AB4EE410AF1EE10FA07DAFFE70899E2
:10E8C000B1F8D8010130A1F8D801FFE7FFE70898B7
:10E8D000B0F9D81100EE101AB8EEC01A90ED6A0A1D
:10E8E0009FED122AA1EE020A80ED6C0A0899D1F878
:10E8F000A801C1F8DC010899D1F84821D1F84C01F0
:10E90000013240F10000C1F84821C1F84C0110B0BB
:10E9100080BD00BF9A99993ECDCC1441CDCC244105
:10E92000E12E654200003443000034C30000B443CC
:10E9300083B0029001918DF8032000208DF8020031
:10E940008DF80200FFE79DF802009DF80310884251
:10E9500029DAFFE70298000F092809D8FFE7029893
:10E96000000F303001999DF8022001F8120009E0F3
:10E970000299372000EB117001999DF8022001F8EF
:10E980001200FFE702980001029001989DF8021022
:10E9900000EB410100204870FFE79DF802000130C4
:10E9A0008DF80200CFE703B07047000000000000C0
:10E9B00080B58AB009908DF823108DF822208DF84B
:10E9C000213046F20211C2F2004106910420088073
:10E9D00046F20011C2F20041082008809DF8230091
:10E9E000099908739DF82200099948739DF8210040
:10E9F000099988730999002008749DF8210015F081
:10EA000015FF09994861099840699DF82110F1F7AF
:10EA1000C7FC069800889DF82110484315F006FFB2
:10EA20000699099A90610998806909889DF82120C2
:10EA30005143F1F7B5FC069800889DF82110484332
:10EA400015F0F4FE0699099AD0610998C069098801
:10EA50009DF821205143F1F7A3FC069800889DF80A
:10EA60002310484315F0E2FE0699099A10620998AE
:10EA7000006A09889DF823205143F1F791FC9DF825
:10EA8000210015F0D3FE099948620998406A9DF863
:10EA90002110F1F785FC069800889DF82310484363
:10EAA00015F0C4FE0699099A106009980068098853
:10EAB0009DF823205143F1F773FC069800889DF8D8
:10EAC0002110484315F0B2FE0699099A5060099842
:10EAD000406809889DF821205143F1F761FC0698B0
:10EAE00000889DF82210484315F0A0FE0699099A67
:10EAF00090600998806809889DF822205143F1F7B9
:10EB00004FFC069800889DF82310484315F08EFEB0
:10EB10000699099AC2F8E8000998D0F8E80009882F
:10EB20009DF823205143F1F73BFC099A02F1300094
:10EB3000117BD2F8E8300122079213F0E1FD06982C
:10EB400000889DF82310484315F070FE0699099A35
:10EB5000C2F8EC000998D0F8EC0009889DF8232051
:10EB60005143F1F71DFC079A099B03F13800197B0B
:10EB7000D3F8EC3013F0C4FD9DF8220010B3FFE78A
:10EB800046F20210C2F20040059000889DF8221063
:10EB9000484315F04BFE0599099AC2F8F000099810
:10EBA000D0F8F00009889DF822205143F1F7F8FBD6
:10EBB000099A02F14000517BD2F8F030012213F0A3
:10EBC0009FFDFFE746F20210C2F200400490008869
:10EBD0009DF82110484315F029FE0499099AC2F8BE
:10EBE000F4000998D0F8F40009889DF821205143D9
:10EBF000F1F7D6FB099A02F14800917BD2F8F43084
:10EC0000012213F07DFD049800889DF823104843ED
:10EC1000484315F00BFE0499099AC2F8F8000998C8
:10EC2000D0F8F80009889DF8232051435143F1F7AB
:10EC3000B7FB099901F150000A7BD1F8F830114671
:10EC400013F05EFD049800889DF823104843484364
:10EC500015F0ECFD0499099AC2F8FC000998D0F867
:10EC6000FC0009889DF8232051435143F1F798FB9C
:10EC7000099901F158000A7BD1F8FC30114613F0D4
:10EC80003FFD049800889DF823104843484315F041
:10EC9000CDFD01460498099AC2F8001100889DF83C
:10ECA00023104843484315F0C1FD0499099AC2F85E
:10ECB00004010998D0F8000109889DF823205143E8
:10ECC0005143F1F76DFB04990998D0F804010988C4
:10ECD0009DF8232051435143F1F762FB099901F15B
:10ECE00060000A7BD1F80031114613F009FD099943
:10ECF00001F168000A7BD1F80431114613F000FDE0
:10ED00009DF8220040B3FFE746F20210C2F2004035
:10ED1000039000889DF8231048439DF82210484333
:10ED200015F084FD0399099AC2F808010998D0F8F2
:10ED3000080109889DF8232051439DF82220514362
:10ED4000F1F72EFB099B03F17000197B5A7BD3F876
:10ED5000083113F0D5FCFFE746F20210C2F2004082
:10ED6000019000889DF8211048439DF823104843E6
:10ED700015F05CFD01460198099AC2F80C11008853
:10ED80009DF8231048439DF82110484315F04EFD8F
:10ED90000199099AC2F810010998D0F80C01098864
:10EDA0009DF8212051439DF823205143F1F7F8FAB3
:10EDB00001990998D0F8100109889DF82320514342
:10EDC0009DF821205143F1F7EBFA099B03F17800FC
:10EDD0001A7B997BD3F80C3113F092FC099B03F159
:10EDE0008000197B9A7BD3F8103113F089FC0198CD
:10EDF00000889DF823104843484315F017FD0199FA
:10EE0000099AC2F814010998D0F8140109889DF8EC
:10EE1000232051435143F1F7C3FA099901F18800C6
:10EE20000A7BD1F81431114613F06AFC019800886E
:10EE30009DF821104843484315F0F8FC0199099AC0
:10EE4000C2F818010998D0F8180109889DF8212006
:10EE500051435143F1F7A4FA099901F190008A7BDB
:10EE6000D1F81831114613F04BFC019800889DF839
:10EE7000231048439DF82110484315F0D7FC019911
:10EE8000099AC2F81C010998D0F81C0109889DF85C
:10EE9000232051439DF821205143F1F781FA099B2A
:10EEA00003F19800197B9A7BD3F81C3113F028FCEE
:10EEB000019800880999097B4843484315F0B6FC3E
:10EEC00001460198099AC2F8201100880999097B26
:10EED0004843484315F0AAFC01460198099AC2F834
:10EEE000241100880999097B4843484315F09EFC8A
:10EEF00001460198099AC2F8281100880999097BEE
:10EF0000484315F093FC01460198099AC2F82C1168
:10EF100000880999097B484315F088FC0999C1F8D4
:10EF20003001099901F1A0000A7BD1F82031114686
:10EF300013F0E6FB099901F1A8000A7BD1F824310E
:10EF4000114613F0DDFB099901F1B0000A7BD1F8FD
:10EF50002831114613F0D4FB099A02F1B800117B55
:10EF6000D2F82C310122029213F0CAFB029A099BBB
:10EF700003F1C000197BD3F8303113F0C1FB0999BC
:10EF8000002081F82800099981F82900099981F861
:10EF90002A00099981F82B00099981F82C000AB000
:10EFA00080BD00000000000080B582B00190019893
:10EFB000C07B20B1FFE7019808F01AFE16E0019B24
:10EFC000D3F8F400596846F20212C2F200420092ED
:10EFD00012889B7B5A43F1F7CAF90099019A50684D
:10EFE0000988927B5143F1F7DBF9FFE7019BD3F8E6
:10EFF000F000996846F20212C2F2004212885B7B6E
:10F000005A43F1F7B4F902B080BD000000000000DF
:10F0100080B582B00190019890F82C00B0BBFFE75A
:10F020000199B1F89800A1F8A8000199B1F87A0007
:10F03000A1F8AA000199B1F8A800A1F8B0000199BF
:10F04000B1F85A00A1F8B200019A02F1980002F159
:10F050007801A83213F048FE019981F8C800019A9E
:10F0600002F1A80002F15801B03213F03DFE0199FF
:10F0700081F8C800019A02F1580002F1B001503243
:10F0800013F0EEFE019981F8C800FFE702B080BDE1
:10F0900080B582B00190019890F82900A8BBFFE7E5
:10F0A000019901F16000683113F00EFF019981F8B8
:10F0B000C800019A02F1600002F15001583213F0C9
:10F0C00013FE019981F8C8000199B1F85800A1F820
:10F0D000A8000199B1F86A00A1F8AA00019A02F10A
:10F0E000580002F16801A83213F0FEFD019981F881
:10F0F000C800019A02F1A80002F18801583213F009
:10F10000CBFA019981F8C800FFE702B080BD00008A
:10F1100080B582B00190019890F82A00002872D141
:10F12000FFE7019901F17800803113F0CDFE0199DC
:10F1300081F8C8000199B1F87800A1F8A8000199F8
:10F14000B1F85A00A1F8AA00019A02F1780002F180
:10F150005801A83213F0C8FD019981F8C80001993F
:10F16000B1F8A800A1F8B0000199B1F88200A1F8A7
:10F17000B200019A02F1A80002F18001B03213F04E
:10F18000B3FD019981F8C8000199B1F89000A1F888
:10F19000A0000199B1F89200A1F8A200019A02F131
:10F1A000B00002F19001A03213F076FA019981F8D3
:10F1B000C800019901F1A000B03113F0B5FA01992E
:10F1C00081F8C8000199B1F85800A1F8A800019988
:10F1D000B1F88200A1F8AA00019A02F1580002F1E8
:10F1E0008001A83213F080FD019981F8C800019ACE
:10F1F00002F1A80002F1B001983213F075FD0199F7
:10F2000081F8C800FFE702B080BD000000000000E8
:10F2100080B584B0039002910398FFF7C5FE039870
:10F22000D0F8CC0030B1FFE70398D0F8CC20029999
:10F230009047FFE7039800F0BBF80398D0F8D000A0
:10F2400030B1FFE70398D0F8D02002999047FFE74C
:10F250000398FFF71DFF0398D0F8D40030B1FFE703
:10F260000398D0F8D42002999047FFE70398007CD8
:10F2700020B9FFE70398C07B00BBFFE70398FFF7C7
:10F2800047FF0398D0F8D80030B1FFE70398D0F8D3
:10F29000D82002999047FFE7039800F0DDF8039823
:10F2A000D0F8DC0030B1FFE70398D0F8DC200299F9
:10F2B0009047FFE70398FFF7ABFE1BE0039BD3F8F3
:10F2C000E800D3F8EC1046F20212C2F200420092BB
:10F2D00012881B7B5A43F1F74AF8009A039BD3F834
:10F2E000F800D3F8FC1012881B7B5A435A43F1F7FD
:10F2F0003EF8FFE70398D0F8E00030B1FFE703984D
:10F30000D0F8E02002999047FFE700208DF8070031
:10F31000FFE79DF807000399097B88422CDAFFE795
:10F320000398D0F8F8209DF80710037B11FB031316
:10F3300002EB830292ED000A006A00EB810090ED7F
:10F34000001AB4EE410AF1EE10FA0EDAFFE7039B61
:10F35000186A9DF8072050F82200D3F8F8101B7B9C
:10F3600012FB032241F82200FFE7FFE79DF80700A8
:10F3700001308DF80700CCE7039B1868D3F8E8103C
:10F3800046F20212C2F2004212881B7B5A43F0F787
:10F39000EEFF0398D0F8E40030B1FFE70398D0F80F
:10F3A000E42002999047FFE70398006804B080BD0D
:10F3B00080B582B00190019890F82800002846D1CD
:10F3C000FFE70198407B012834DBFFE70199087BC8
:10F3D000A1F8B800019901200090A1F8BA00019AA3
:10F3E00002F1600002F13001B83213F07DFC0146F9
:10F3F0000098019A82F8C810019A117BA2F8C010F7
:10F400000199A1F8C200019A02F1700002F14001D5
:10F41000C03213F069FC019981F8C800019A02F129
:10F42000B80002F1C001383213F036F9019981F8C1
:10F43000C8000BE0019A02F1600002F1300138329D
:10F4400013F052FC019981F8C800FFE7FFE702B012
:10F4500080BD00000000000080B582B001900198DE
:10F4600090F82B0000284BD1FFE70199B1F8780004
:10F47000A1F8B800019901200090A1F8BA00019A02
:10F4800002F1780002F13801B83213F02DFC014688
:10F490000098019A82F8C810019AB2F84810A2F8B0
:10F4A000C0100199A1F8C200019A02F1480002F1CE
:10F4B000B801C03213F0D4FC01460098019A82F8DA
:10F4C000C810019AB2F89810A2F8B8100199A1F8E2
:10F4D000BA00019A02F1980002F1C001B83213F0AB
:10F4E00003FC019981F8C800019A02F1380002F189
:10F4F000B801303213F0D0F8019981F8C800FFE765
:10F5000002B080BD0000000080B592B0FFE744F279
:10F51000D840C5F60200016841F0010101600068B1
:10F5200000F0010011901198FFE7FFE744F2D84086
:10F53000C5F60200016841F002010160006800F0B8
:10F54000020010901098FFE70B20019003210B910F
:10F5500001220C92F7F770F90198F7F761F90B990E
:10F560000C9A0C200290F7F767F90298F7F758F910
:10F570000B990C9A0D200390F7F75EF90398F7F7B3
:10F580004FF90B990C9A0E200490F7F755F904984F
:10F59000F7F746F90B990C9A0F200590F7F74CF9FD
:10F5A0000598F7F73DF90B990C9A10200690F7F79C
:10F5B00043F90698F7F734F90B990C9A1120079044
:10F5C000F7F73AF90798F7F72BF90C9A2F200890DC
:10F5D00000210E91F7F730F90898F7F721F90B9908
:10F5E0000C9A38200990F7F727F90998F7F718F9D6
:10F5F0000B990C9A39200A90F7F71EF90A98F7F739
:10F600000FF90B990C9A3A200D90F7F715F90D9810
:10F61000F7F706F90E9A3C200F901146F7F70CF910
:10F620000F98F7F7FDF812B080BD00000000000051
:10F6300080B582B045F2F040C2F2004000904AF23C
:10F640000001C4F200010160002201928260C260E8
:10F6500002744274012181744FF0030EC0F814E06B
:10F660000A2383614FF01D0CC0F81CC00362C0F870
:10F6700024E08362C0F82CC0036342638163C263E9
:10F680000C230364042141648264C1640265416502
:10F690008265C265036642668166F6F729F918B18C
:10F6A000FFE7F1F705FFFFE702B080BD00000000B3
:10F6B00080B582B045F29050C2F2004000904AF20C
:10F6C0000041C4F200010160002201928260C26028
:10F6D00002744274012181744FF0030EC0F814E0EB
:10F6E0000A2383614FF01D0CC0F81CC00362C0F8F0
:10F6F00024E08362C0F82CC0036340F256334363B6
:10F700008163C2630264042141640C238364C16485
:10F71000026541658265C265036642668166F6F7E9
:10F72000E7F818B1FFE7F1F7C3FEFFE702B080BDCD
:10F7300080B582B045F23060C2F2004000904DF2D8
:10F740000041C4F200010160002201928260C260A7
:10F7500002744274012181744FF0030EC0F814E06A
:10F760000A2383614FF01D0CC0F81CC00362C0F86F
:10F7700024E08362C0F82CC0036340F2AB634363B0
:10F780008163C2630C230364042141648264C16405
:10F79000026541658265C265036642668166F6F769
:10F7A000A7F818B1FFE7F1F783FEFFE702B080BDCD
:10F7B00080B592B00020119010900F900E900D9097
:10F7C000FFE744F2E040C5F60200016841F0100195
:10F7D0000160006800F010000C900C98FFE7FFE754
:10F7E00044F2E040C5F60200016841F00401016006
:10F7F000006800F004000B900B98FFE7FFE744F26D
:10F80000E040C5F60200016841F080010160006837
:10F8100000F080000A900A98FFE7FFE744F2E0401A
:10F82000C5F60200016841F001010160006800F0C6
:10F83000010009900998FFE7FFE744F2E040C5F6B0
:10F840000200016841F002010160006800F002005E
:10F8500008900898FFE7FFE744F2E040C5F6020091
:10F86000016841F008010160006800F0080007909D
:10F870000798FFE740F60000C5F60200009048F246
:10F88000090101220392F6F7FFFE03990020C5F655
:10F890000200029000220592F6F7F6FE0098039A05
:10F8A00005994FF400430D930E920F9110910DA9FD
:10F8B0000491F6F701FD0098039A049909230D932A
:10F8C0000E920F92022201921092F6F7F5FC019A25
:10F8D0000298DDF80CC00499059BCDF834C04FF0B8
:10F8E000110CCDF838C00F931092F6F7E5FC039891
:10F8F00004994FF4A0520D924FF404120E920F90FF
:10F9000041F20000C5F60200F6F7D6FC05994FF06B
:10F910000060FBF751FF05994FF08070FBF74CFF3B
:10F92000059A282006901146F6F786FF0698F6F706
:10F9300077FF12B080BD000080B582B045F6B430CC
:10F94000C2F20040009043F60001C4F200010160E1
:10F950004FF4800141600021019181600722C26063
:10F960004FF0007202614FF0807242614FF080628E
:10F9700082614FF04052C261016241628162C162A4
:10F980004FF0804242638163C163016441648164DA
:10F99000C164016541658165FAF726FF18B1FFE78B
:10F9A000F1F786FDFFE702B080BD00000000000017
:10F9B00080B590B0002101910F910E910D910C91A5
:10F9C0000B910A9109910891079106910591049173
:10F9D0000391029145F63C40C2F2004041F600021C
:10F9E000C4F200020260EF224260816040F2E7321E
:10F9F000C26001618161FBF7C3FF18B1FFE7F1F756
:10FA000057FDFFE74FF480500C9045F63C40C2F2A2
:10FA100000400CA9FCF71CF918B1FFE7F1F748FD0D
:10FA2000FFE745F63C40C2F20040FCF75DFC18B130
:10FA3000FFE7F1F73DFDFFE7002009900B9045F649
:10FA40003C40C2F2004009A9FBF7DAFE18B1FFE71B
:10FA5000F1F72EFDFFE76020029000200390049054
:10FA6000069045F63C40C2F2004002A90422FCF791
:10FA700063FB18B1FFE7F1F71BFDFFE745F63C40DC
:10FA8000C2F20040FCF7F8FA10B080BD00000000A0
:10FA900080B590B0002101910F910E910D910C91C4
:10FAA0000B910A9109910891079106910591049192
:10FAB0000391029145F68840C2F2004040F20042B4
:10FAC000C4F20002026017224260816042F20F72AB
:10FAD000C260016180218161FBF752FF18B1FFE72D
:10FAE000F1F7E6FCFFE74FF480500C9045F68840B4
:10FAF000C2F200400CA9FCF7ABF818B1FFE7F1F730
:10FB0000D7FCFFE745F68840C2F20040FCF7ECFB6B
:10FB100018B1FFE7F1F7CCFCFFE7002009900B904C
:10FB200045F68840C2F2004009A9FBF769FE18B10A
:10FB3000FFE7F1F7BDFCFFE7602002900020039093
:10FB40000490069045F68840C2F2004002A90C22BB
:10FB5000FCF7F2FA18B1FFE7F1F7AAFCFFE745F668
:10FB60008840C2F20040FCF787FA10B080BD000068
:10FB700080B588B00021009107910691059104910C
:10FB800003910291019145F6D440C2F2004040F643
:10FB90000002C4F200020260EF224260816040F283
:10FBA000E732C26001618161FBF7EAFE18B1FFE74D
:10FBB000F1F77EFCFFE74FF48050049045F6D44007
:10FBC000C2F2004004A9FCF743F818B1FFE7F1F7CF
:10FBD0006FFCFFE700200190039045F6D440C2F28D
:10FBE000004001A9FBF70CFE18B1FFE7F1F760FC3C
:10FBF000FFE708B080BD000080B588B0002100910B
:10FC0000079106910591049103910291019145F6A6
:10FC10002050C2F2004040F60042C4F200020260EE
:10FC2000EF224260816040F2E732C260016181618F
:10FC3000FBF7A6FE18B1FFE7F1F73AFCFFE74FF438
:10FC40008050049045F62050C2F2004004A9FBF712
:10FC5000FFFF18B1FFE7F1F72BFCFFE70020019051
:10FC6000039045F62050C2F2004001A9FBF7C8FD01
:10FC700018B1FFE7F1F71CFCFFE708B080BD0000FA
:10FC800080B582B045F69460C2F20040019045F222
:10FC90000001C4F20001016048F2A061C0F201015C
:10FCA00041604FF4805181604FF40051C1604FF4C6
:10FCB000806101610421416100218161C1610162B2
:10FCC00041628162FDF708FE18B1FFE7F1F7F0FB32
:10FCD000FFE745F69460C2F200400021FDF798F975
:10FCE00018B1FFE7F1F7E4FBFFE745F69460C2F2D5
:10FCF00000400021FDF744F918B1FFE7F1F7D8FB08
:10FD0000FFE745F69460C2F20040FCF7E9FD18B148
:10FD1000FFE7F1F7CDFBFFE702B080BD0000000078
:10FD200080B582B045F62870C2F20040009047F6D8
:10FD30000001C4F2000101604FF4E1314160002193
:10FD400001918160C16001610C2242618161C161E8
:10FD5000016241628162FDF7BFFD18B1FFE7F1F773
:10FD6000A7FBFFE745F62870C2F200400021FDF72F
:10FD70004FF918B1FFE7F1F79BFBFFE745F6287055
:10FD8000C2F200400021FDF7FBF818B1FFE7F1F7E0
:10FD90008FFBFFE745F62870C2F20040FCF7A0FD9C
:10FDA00018B1FFE7F1F784FBFFE702B080BD000068
:10FDB00080B582B045F6BC70C2F20040009047F6B4
:10FDC0000041C4F2000101604FF4E13141600021C3
:10FDD00001918160C16001610C2242618161C16158
:10FDE000016241628162FDF777FD18B1FFE7F1F72B
:10FDF0005FFBFFE745F6BC70C2F200400021FDF753
:10FE000007F918B1FFE7F1F753FBFFE745F6BC70C0
:10FE1000C2F200400021FDF7B3F818B1FFE7F1F797
:10FE200047FBFFE745F6BC70C2F20040FCF758FD07
:10FE300018B1FFE7F1F73CFBFFE702B080BD00001F
:10FE400080B582B046F25000C2F20040009041F608
:10FE50000001C4F2010101604FF4E1314160002171
:10FE600001918160C16001610C2242618161C161C7
:10FE7000016241628162FDF72FFD18B1FFE7F1F7E2
:10FE800017FBFFE746F25000C2F200400021FDF7E9
:10FE9000BFF818B1FFE7F1F70BFBFFE746F25000A0
:10FEA000C2F200400021FDF76BF818B1FFE7F1F74F
:10FEB000FFFAFFE746F25000C2F20040FCF710FDE7
:10FEC00018B1FFE7F1F7F4FAFFE702B080BD0000D8
:10FED00080B582B045F60060C2F20040019041F664
:10FEE0000041C4F2010101604FF4E13141600021A1
:10FEF0008160C16001610C2242618161C161016266
:10FF00004162102181624FF48051C163FDF7E4FC2E
:10FF100018B1FFE7F1F7CCFAFFE745F60060C2F24F
:10FF200000400021FDF774F818B1FFE7F1F7C0FABF
:10FF3000FFE745F60060C2F200400021FDF720F81F
:10FF400018B1FFE7F1F7B4FAFFE745F60060C2F237
:10FF50000040FCF7C5FC18B1FFE7F1F7A9FAFFE78D
:10FF600002B080BD0000000080B582B045F66C5044
:10FF7000C2F20040009041F20001C4F201010160B0
:10FF80004FF461214160002101918160C1600161F4
:10FF90000C2242618161C161016241628162FDF7AF
:10FFA0009BFC18B1FFE7F1F783FAFFE745F66C50C9
:10FFB000C2F200400021FDF72BF818B1FFE7F1F77E
:10FFC00077FAFFE745F66C50C2F200400021FCF7DB
:10FFD000D7FF18B1FFE7F1F76BFAFFE745F66C5072
:10FFE000C2F20040FCF77CFC18B1FFE7F1F760FAC1
:10FFF000FFE702B080BD000080B544F67440C2F255
:020000040801F1
:10000000004040F23801C2F20041012204F088FBB6
:1000100018B1FFE7F1F74CFAFFE744F67440C2F27B
:10002000004040F2F001C2F2004105F0A5F818B11D
:10003000FFE7F1F73DFAFFE744F67440C2F20040F3
:1000400040F28C11C2F2004103F09AFD18B1FFE7B3
:10005000F1F72EFAFFE744F67440C2F2004005F0D3
:100060001BFA18B1FFE7F1F723FAFFE7F7F710FEE5
:1000700080BD000000000000FFE7FEE70000000078
:10008000FFE7FEE70000000088B0079006910592A8
:10009000079800F0070004900498C0F107000528B5
:1000A00003D3FFE70420019004E00498C0F10700A7
:1000B0000190FFE70198039004980430062803D8C4
:1000C000FFE70020009003E0049803380090FFE76A
:1000D0000098029006980399012202FA01F1013971
:1000E0000840029B984005999A40013A1140084304
:1000F00008B070470000000080B545F2D060C2F241
:100100000040F6F7CDFE80BD80B586B00590049125
:10011000059800680390039802900398006C019082
:100120000298049900EB4110D0F8080B0090019858
:1001300043F20B01C4F6547188420FD3FFE79DF8D8
:1001400001000006002809D5FFE70298049900EB9A
:1001500041114FF40040C1F8080BFFE70598F7F78D
:10016000D7FC019843F20B01C4F6547188420DD3B9
:10017000FFE705988079012808D1FFE7059908680D
:1001800001F29C42012105F0B3FFFFE7002006B019
:1001900080BD00000000000080B588B00790069187
:1001A000079800680490049803900498006C0290EB
:1001B0000398069900EB4110D0F8080B01900798BE
:1001C0008079012840F08180FFE79DF80400000756
:1001D000002818D5FFE7029843F20B01C4F65471CA
:1001E00088420FD3FFE79DF805000006002809D5D7
:1001F000FFE70398069900EB41114FF40040C1F866
:10020000080BFFE760E09DF804008006002808D591
:10021000FFE70398069900EB41112020C1F8080B75
:1002200051E09DF8040010F0280F4AD1FFE7029832
:1002300043F20B01C4F6547188420FD3FFE79DF8D7
:1002400005000006002809D5FFE70398069900EB92
:1002500041114FF40040C1F8080B31E007980699AE
:1002600001EBC10100EB810000F5157005900598C8
:10027000006A0399069A01EB4211D1F8101B6FF343
:10028000DF41401A05994861069898B9FFE705983B
:10029000006940B9FFE70799086801F29C42012113
:1002A00005F026FF05E00599C8684A691044C86052
:1002B000FFE7FFE707989DF81810F6F77DFBFFE7CB
:1002C00000E0FFE7FFE7FFE747E0029843F20A118B
:1002D000C4F65471884224D1FFE79DF8050000065A
:1002E000002809D5FFE70398069900EB41114FF468
:1002F0000040C1F8080B13E09DF8040080060028B8
:1003000008D5FFE70398069900EB41112020C1F8BA
:10031000080BFFE707989DF81810F6F74DFBFFE76D
:100320001AE0069890B9FFE70798069901EBC1011A
:1003300000EB8100D0F8640240B9FFE70799086834
:1003400001F29C42002105F0D3FEFFE707989DF8DB
:100350001810F6F731FBFFE7FFE7002008B080BD7B
:1003600080B58CB00A9009910A98006808900898A6
:1003700007900A98099901EBC10100EB8100143044
:100380000690069801694069884204D9FFE7012078
:100390008DF82F0079E0069908694969401A05909F
:1003A000059806998968884204D9FFE7069880680D
:1003B0000590FFE70598033080080490FFE7079851
:1003C000099900EB4110D0F8180981B2049A002075
:1003D000914202900FD3FFE706980269416900201D
:1003E0009142029007D2FFE706980069002818BFE3
:1003F00001200290FFE70298C00770B3FFE706995B
:1004000008694969401A05900598069989688842E3
:1004100004D9FFE7069880680590FFE70598033048
:100420008008049008980699C9689DF82420BDF8B2
:100430001430DDF828C09CF806C0EE46CEF800C0A7
:1004400006F0E2FC059A0699C8681044C860059A4F
:100450000699486910444861B1E7069908694969F5
:1004600088420ED8FFE7099800F00F01012088406C
:100470000390039A0799D1F834089043C1F83408DF
:10048000FFE700208DF82F00FFE79DF82F000CB04C
:1004900080BD000000000000704700000000000068
:1004A00080B586B00490039100208DF8070044F2D7
:1004B0002840C5F60200006800F00300032804D1BC
:1004C000FFE701208DF81700CBE044F20041C5F6AC
:1004D0000201086820F080600860F6F7EDF80290ED
:1004E000FFE744F20040C5F60200006800F000613A
:1004F0000020B0EBD16F0CD0FFE7F6F7DDF80299E2
:10050000401A032804D3FFE703208DF81700A8E062
:10051000E7E7FFE744F22841C5F60201086820F446
:100520007C30049A126840EA0230086004994868F6
:10053000D1F808C0CB680A6901386FF35F204FF625
:100540000061CFF6FF7101EB4C2189B20844002114
:10055000CFF6FF7101EB034101F4FE0108444FF0B7
:100560007F4101EB026101F0FE41084444F2384151
:10057000C5F602010860FFE744F22C41C5F602010E
:100580000091086820F0C000049A52691043086086
:10059000086820F02000049A9269104308600868F7
:1005A00020F01000086044F23C42C5F602021068D8
:1005B0004FF6F8739843049BDB6940EAC300106070
:1005C000086840F010000860039848B9FFE744F25B
:1005D0002C41C5F60201086840F40020086016E0CE
:1005E0000398012809D1FFE744F22C41C5F6020126
:1005F000086840F48010086008E044F22C41C5F619
:100600000201086840F400100860FFE7FFE744F2C9
:100610000041C5F60201086840F080600860F6F706
:100620004BF80290FFE744F20040C5F60200006874
:1006300000F000610020B0EBD16F0CD1FFE7F6F7BE
:100640003BF80299401A032804D3FFE703208DF8F2
:10065000170006E0E7E7FFE79DF807008DF81700B1
:10066000FFE79DF8170006B080BD00000000000005
:1006700080B586B00490039100208DF8070044F205
:100680002840C5F60200006800F00300032804D1EA
:10069000FFE701208DF81700CBE044F20041C5F6DA
:1006A0000201086820F080500860F6F705F8029013
:1006B000FFE744F20040C5F60200006800F0005178
:1006C0000020B0EB517F0CD0FFE7F5F7F5FF029962
:1006D000401A032804D3FFE703208DF81700A8E091
:1006E000E7E7FFE744F22841C5F60201086820F079
:1006F0007C70049A126840EA0250086004994868C5
:10070000D1F808C0CB680A6901386FF35F204FF653
:100710000061CFF6FF7101EB4C2189B20844002142
:10072000CFF6FF7101EB034101F4FE0108444FF0E5
:100730007F4101EB026101F0FE41084444F2404177
:10074000C5F602010860FFE744F22C41C5F602013C
:100750000091086820F44060049A526910430860D0
:10076000086820F40070049A9269104308600868D1
:1007700020F48070086044F24442C5F6020210681A
:100780004FF6F8739843049BDB6940EAC30010609E
:10079000086840F480700860039848B9FFE744F2A5
:1007A0002C41C5F60201086840F48000086016E09C
:1007B0000398012809D1FFE744F22C41C5F6020154
:1007C000086840F40000086008E044F22C41C5F6D7
:1007D0000201086840F080700860FFE7FFE744F21C
:1007E0000041C5F60201086840F080500860F5F746
:1007F00063FF0290FFE744F20040C5F60200006884
:1008000000F000510020B0EB517F0CD1FFE7F5F76D
:1008100053FF0299401A032804D3FFE703208DF801
:10082000170006E0E7E7FFE79DF807008DF81700DF
:10083000FFE79DF8170006B080BD00000000000033
:1008400080B545F6B430C2F20040F9F705FE80BD30
:1008500082B0019001980068406900900198016899
:10086000886940F00800886101980168886940F053
:100870001000886101980168086820F00100086094
:1008800001980168086940F26F329043086101984D
:100890000168886820F440408860019890F88100E1
:1008A000042815D0FFE79DF80000800600280ED52B
:1008B000FFE70199D1F8840040F08000C1F884007E
:1008C00001980168886940F020008861FFE7FFE730
:1008D000019890F88100032815D0FFE79DF80000EB
:1008E000400600280ED5FFE70199D1F8840040F0BA
:1008F0000400C1F8840001980168886940F0400054
:100900008861FFE7FFE79DF80100800700280ED50A
:10091000FFE70199D1F8840040F00100C1F884009C
:1009200001980168886940F400708861FFE79DF8CC
:100930000100C00770B1FFE70199D1F8840040F0D1
:100940000800C1F8840001980168886940F480704B
:100950008861FFE701990020A1F862000199A1F8E0
:100960006A0002B07047000080B582B00190019823
:10097000806B009000990020A1F86A000099A1F80E
:1009800062000099012081F881000098F9F760FD6C
:1009900002B080BD0000000080B582B001900198D7
:1009A000806B00900198F1F7A7FF022812D0FFE7B3
:1009B0000098FFF74DFF0099D1F8840040F0100037
:1009C000C1F884000099012081F881000098F9F7AE
:1009D0003FFDFFE702B080BD80B582B00190019875
:1009E000806B00900098FAF7E3FE02B080BD000033
:1009F00080B582B001900198806B0090009890F8CB
:100A00008100072813D0FFE70098806FC069B0F518
:100A1000807F04D1FFE70098FAF76EFE06E00098A9
:100A20000168086940F008000861FFE7FFE702B0CD
:100A300080BD00000000000083B002900298C16BEE
:100A4000012000EB511001900298C0680130009025
:100A500000980730C008009000980199484303B0FF
:100A6000704700000000000082B0019000910198E2
:100A7000006843F20001C4F2010188420AD1FFE795
:100A8000019840F25451C2F2004108600098C1F848
:100A9000100127E00198006843F60001C4F200014C
:100AA00088420AD1FFE7019840F26861C2F2004132
:100AB00008600098C1F8100113E00198006843F63F
:100AC0000041C4F2000188420AD1FFE7019840F2D8
:100AD0007C71C2F2004108600098C1F81001FFE784
:100AE000FFE7FFE702B0704780B586B084460898FC
:100AF000CDF810C00391ADF80A20ADF80830ADF87C
:100B000006000498006843F20001C4F20101884223
:100B10001FD1FFE7039840F25452C2F200425060E6
:100B2000BDF80A001081BDF80800A2F80A01BDF85E
:100B30000600A2F80C0104986B464FF47A71196014
:100B400002F10A018A320123FAF77EF88DF81700C4
:100B500054E00498006843F60001C4F200018842A2
:100B60001FD1FFE7039840F26862C2F20042506072
:100B7000BDF80A001081BDF80800A2F80A01BDF80E
:100B80000600A2F80C0104986B464FF47A711960C4
:100B900002F10A018A320123FAF756F88DF817009C
:100BA0002CE00498006843F60041C4F2000188423A
:100BB00020D1FFE7039840F27C72C2F200425060FD
:100BC000BDF80A001081BDF80800A2F80A01BDF8BE
:100BD0000600A2F80C010498BDF80810BDF8063014
:100BE00019448BB202F10A018A32FAF7B1FB8DF88F
:100BF000170003E000208DF81700FFE79DF81700AD
:100C000006B080BD0000000080B586B0DDF820C0D1
:100C1000049003918DF80B200193FFE7049800687E
:100C2000406903990840401AB0FA80F040099DF8E5
:100C30000B10884214D1FFE7F5F73EFD0899401AE2
:100C40000199884204D3FFE70198013018B9FFE702
:100C5000019820B9FFE703208DF8170004E0DDE7D5
:100C600000208DF81700FFE79DF8170006B080BD43
:100C7000704700000000000084B0039003980090CB
:100C800000980078ADF808000098013000900098B6
:100C90000078ADF80600BDF80610BDF8080040EA7F
:100CA0000120ADF80A00BDF80A0004B0704700004A
:100CB00080B582B0009000980138B0F1807F03D3F6
:100CC000FFE70120019019E0009801384EF214016D
:100CD000CEF2000108604FF0FF300F2111F0ECFB65
:100CE0004EF21801CEF20001002008604EF2100210
:100CF000CEF20002072111600190FFE7019802B0D7
:100D000080BD00000000000080B5F5F7DDFC80BD6F
:100D100080B59EB00BA84C21EFF742FB002001905C
:100D20000A9009900890079006900590049003900F
:100D30000220F6F759FFFFE70020029044F6180062
:100D4000C5F60200016821F440410160006800F42A
:100D5000404002900298FFE7FFE744F61800C5F60E
:100D60000200006800F40050B0F5005F01D0FFE71A
:100D7000F3E721200B904FF480300C90012111916A
:100D80000220149015901690282217921891042191
:100D900019911A900C201B9000201C901D900BA8FC
:100DA000F8F746FE18B1FFE7F0F782FBFFE73F20B8
:100DB0000390032104910020059008200690402014
:100DC000079008904FF4806209920A9003A8F8F700
:100DD0000FFA18B1FFE7F0F76BFBFFE71EB080BD1D
:100DE0004EF68851CEF20001086840F470000860A9
:100DF00042F20000C5F20020006800F00F00062853
:100E00000AD8FFE742F20001C5F200210868072274
:100E100062F303000860FFE744F20041C5F60201F7
:100E2000086840F00100086044F21042C5F6020272
:100E30000020106008684EF67F52CEF6F622104071
:100E4000086042F20000C5F20020006800F00F00C8
:100E500008280AD3FFE742F20001C5F20021086822
:100E6000072262F303000860FFE744F21841C5F669
:100E700002010020086044F21C41C5F6020108602E
:100E800044F22041C5F60201086044F22842C5F64A
:100E9000020240F20021C0F20221116044F22C4211
:100EA000C5F602020021C0F2FF11116044F2304287
:100EB000C5F6020240F28021C0F20111116044F235
:100EC0003442C5F60202106044F23842C5F602020E
:100ED000116044F23C42C5F60202106044F2404206
:100EE000C5F60202116044F24441C5F602010860F1
:100EF00044F20042C5F60202116821F4802111601B
:100F000044F26041C5F60201086044F20001C5F2F6
:100F1000002143F2D200086070470000000000008A
:100F200080B545F6D440C2F20040FAF77DFF80BD9F
:100F300080B545F62050C2F20040FAF775FF80BD3B
:100F400083B00290019102980068009002980021FD
:100F5000C4F20101884225D0FFE70298B0F1804F2A
:100F600020D0FFE7029840F20041C4F2000188421D
:100F700018D0FFE7029840F60001C4F20001884251
:100F800010D0FFE7029840F60041C4F20001884209
:100F900008D0FFE7029840F20041C4F20101884204
:100FA0000AD1FFE7009820F0700000900198416896
:100FB000009808430090FFE702980021C4F2010165
:100FC00088424DD0FFE70298B0F1804F48D0FFE74C
:100FD000029840F20041C4F20001884240D0FFE78D
:100FE000029840F60001C4F20001884238D0FFE7C1
:100FF000029840F60041C4F20001884230D0FFE779
:10100000029840F20041C4F20101884228D0FFE773
:10101000029844F20001C4F20101884220D0FFE7A7
:10102000029844F20041C4F20101884218D0FFE75F
:10103000029844F60001C4F20101884210D0FFE793
:1010400002984EF20001C4F20001884208D0FFE786
:1010500002984EF20041C4F2000188420AD1FFE733
:10106000009820F4407000900198C16800980843EF
:101070000090FFE7009820F080000199496908433B
:101080000090019880680299C862019800680299EE
:10109000886202980021C4F20101884220D0FFE753
:1010A000029840F20041C4F20101884218D0FFE7E3
:1010B000029844F20001C4F20101884210D0FFE717
:1010C000029844F20041C4F20101884208D0FFE7CF
:1010D000029844F60001C4F20101884205D1FFE7FD
:1010E0000198006902990863FFE70299086840F0D7
:1010F0000400086002990120486100980299086084
:1011000003B070470000000080B584B042F2E9707F
:10111000C2F2004001780131017042F2E872C2F27D
:10112000004211780131117042F2EA72C2F20042BB
:10113000117801311170007805283ED1FFE742F2A5
:10114000E971C2F200410020087045F29050C2F2ED
:101150000040039040F27032C2F20042772108232F
:101160000293EFF7C5FA029B039840F27832C2F27D
:1011700000427821EFF7BCFA029B039840F28032DC
:10118000C2F200427921EFF7B3FA029B45F2F04038
:10119000C2F2004040F24822C2F200424FF4007115
:1011A0000191EFF7A5FA0199029B039840F22032D2
:1011B000C2F20042EFF79CFAFFE742F2E870C2F297
:1011C00000400078022820D1FFE745F29050C2F29B
:1011D000004040F23032C2F20042F1210823009375
:1011E000EFF786FA009B45F2F040C2F2004040F271
:1011F000D022C2F20042A021EFF77AFA42F2E8715F
:10120000C2F2004100200870FFE745F29050C2F2A0
:10121000004040F2D822C2F2004240F241110823BD
:10122000EFF766FA42F2EA70C2F2004000780A284C
:1012300007D1FFE742F2EA71C2F2004100200870D4
:10124000FFE740F25050C2F200400078C00798B16A
:10125000FFE745F2F040C2F2004040F21C02C2F249
:101260000042F2210823EFF743FA40F25051C2F254
:10127000004100200870FFE704B080BD00000000BE
:1012800084B0039002910192029800F01F010120A6
:1012900088400090009A0399086A90430862019878
:1012A000029901F01F0100FA01F20399086A104344
:1012B000086204B07047000085B004900391029268
:1012C0000193049880680090009820F47F4000907B
:1012D00003980299019A41EA0221014300980843C8
:1012E000009000980499886005B0704700000000E5
:1012F00083B00290019102988068009000984FF6A8
:101300008F71CFF6CF710840009001980099084383
:1013100040F00700009000980299886003B0704781
:1013200082B001900091019800680021C4F201018F
:10133000884209D1FFE7019840F6A001C2F20041BE
:1013400008600098486081E001980068B0F1804F23
:1013500009D1FFE7019840F6A801C2F200410860F8
:101360000098486071E00198006840F20041C4F2C2
:101370000001884209D1FFE7019840F6B001C2F2AE
:1013800000410860009848605EE00198006840F6FF
:101390000001C4F20001884209D1FFE7019840F63C
:1013A000B801C2F200410860009848604BE0019823
:1013B000006840F60041C4F20001884209D1FFE70D
:1013C000019840F6C001C2F20041086000984860F0
:1013D00038E00198006841F20001C4F2000188423F
:1013E00009D1FFE7019840F6C801C2F20041086048
:1013F0000098486025E00198006841F20041C4F27D
:101400000001884209D1FFE7019840F6D001C2F2FD
:10141000004108600098486012E00198006840F2BE
:101420000041C4F20101884209D1FFE7019840F66A
:10143000D801C2F20041086000984860FFE7FFE76A
:10144000FFE7FFE7FFE7FFE7FFE7FFE702B07047CF
:1014500085B0049003910498006A01900499086A89
:1014600020F00100086204984068009004988069A8
:10147000029002984FF68F71CFF6FE7108400290ED
:10148000029820F003000290039801680298084334
:101490000290019820F00200019003988168019861
:1014A0000843019004980021C4F20101884220D031
:1014B000FFE7049840F20041C4F20101884218D0CD
:1014C000FFE7049844F20001C4F20101884210D001
:1014D000FFE7049844F20041C4F20101884208D0B9
:1014E000FFE7049844F60001C4F2010188420ED1DE
:1014F000FFE7019820F0080001900398C168019867
:1015000008430190019820F004000190FFE704983F
:101510000021C4F20101884220D0FFE7049840F284
:101520000041C4F20101884218D0FFE7049844F258
:101530000001C4F20101884210D0FFE7049844F290
:101540000041C4F20101884208D0FFE7049844F644
:101550000001C4F20101884213D1FFE7009820F492
:1015600080700090009820F400700090039841690A
:101570000098084300900398816900980843009000
:10158000FFE70098049948600298049988610398DD
:1015900040680499486301980499086205B070474F
:1015A00085B0049003910498006A01900499086A38
:1015B00020F0100008620498406800900498806948
:1015C0000290029848F6FF71CFF6FF610840029042
:1015D000029820F44070029003980168029840EA53
:1015E00001200290019820F020000190039881686A
:1015F000019840EA0110019004980021C4F2010111
:10160000884229D0FFE7049840F20041C4F201016A
:10161000884221D0FFE7049844F20001C4F201019E
:10162000884203D1FFE70020B0B9FFE7049844F2F5
:101630000041C4F20101884203D1FFE7002058B9FC
:10164000FFE7049844F60001C4F20101884212D178
:10165000FFE7012078B9FFE7019820F080000190B2
:101660000398C168019840EA01100190019820F0A8
:1016700040000190FFE704980021C4F20101884274
:1016800020D0FFE7049840F20041C4F201018842F3
:1016900018D0FFE7049844F20001C4F20101884227
:1016A00010D0FFE7049844F20041C4F201018842DF
:1016B00008D0FFE7049844F60001C4F20101884213
:1016C00015D1FFE7009820F480600090009820F486
:1016D0000060009003984169009840EA8100009002
:1016E00003988169009840EA81000090FFE7009824
:1016F00004994860029804998861039840680499A5
:10170000886301980499086205B0704700000000E2
:1017100085B0049003910498006A01900499086AC6
:1017200020F4807008620498406800900498C069B2
:10173000029002984FF68F71CFF6FE71084002902A
:10174000029820F003000290039801680298084371
:101750000290019820F4007001900398816801982C
:1017600040EA0120019004980021C4F2010188425E
:1017700029D0FFE7049840F20041C4F201018842F9
:1017800021D0FFE7049844F20001C4F2010188422D
:1017900003D1FFE70020B0B9FFE7049844F200410D
:1017A000C4F20101884203D1FFE7002058B9FFE7E6
:1017B000049844F60001C4F20101884212D1FFE707
:1017C000012078B9FFE7019820F4006001900398A8
:1017D000C168019840EA01200190019820F48060DE
:1017E0000190FFE704980021C4F20101884220D053
:1017F000FFE7049840F20041C4F20101884218D08A
:10180000FFE7049844F20001C4F20101884210D0BD
:10181000FFE7049844F20041C4F20101884208D075
:10182000FFE7049844F60001C4F20101884215D193
:10183000FFE7009820F480500090009820F40050BA
:10184000009003984169009840EA011000900398C5
:101850008169009840EA01100090FFE70098049920
:10186000486002980499C861039840680499C86365
:1018700001980499086205B070470000000000005C
:1018800085B0049003910498006A01900499086A55
:1018900020F4805008620498406800900498C06961
:1018A0000290029848F6FF71CFF6FF61084002905F
:1018B000029820F44070029003980168029840EA70
:1018C00001200290019820F4005001900398816853
:1018D000019840EA0130019004980021C4F201010E
:1018E000884220D0FFE7049840F20041C4F2010191
:1018F000884218D0FFE7049844F20001C4F20101C5
:10190000884210D0FFE7049844F20041C4F201017C
:10191000884208D0FFE7049844F60001C4F20101B0
:1019200088420BD1FFE7009820F480400090039894
:101930004169009840EA81100090FFE700980499FF
:10194000486002980499C861039840680499086443
:1019500001980499086205B070470000000000007B
:1019600085B0049003910498006A01900499086A74
:1019700020F4803008620498406800900498406D1C
:10198000029002984FF68F71CFF6FE7108400290D8
:1019900003980168029808430290019820F40030EF
:1019A000019003988168019840EA014001900498F1
:1019B0000021C4F20101884220D0FFE7049840F2E0
:1019C0000041C4F20101884218D0FFE7049844F2B4
:1019D0000001C4F20101884210D0FFE7049844F2EC
:1019E0000041C4F20101884208D0FFE7049844F6A0
:1019F0000001C4F2010188420BD1FFE7009820F4F6
:101A00008030009003984169009840EA01200090DE
:101A1000FFE7009804994860029804994865039884
:101A200040680499886501980499086205B0704778
:101A300085B0049003910498006A01900499086AA3
:101A400020F4801008620498406800900498406D6B
:101A50000290029848F6FF71CFF6FF6108400290AD
:101A600003980168029840EA01200290019820F44E
:101A70000010019003988168019840EA015001909C
:101A800004980021C4F20101884220D0FFE70498A5
:101A900040F20041C4F20101884218D0FFE70498E7
:101AA00044F20001C4F20101884210D0FFE704981B
:101AB00044F20041C4F20101884208D0FFE70498D3
:101AC00044F60001C4F2010188420BD1FFE70098FF
:101AD00020F48020009003984169009840EA81201A
:101AE0000090FFE7009804994860029804994865BF
:101AF000039840680499C86501980499086205B084
:101B0000704700000000000085B00490039102922D
:101B10000498006A00900499086A20F001000862A5
:101B2000049880690190019820F0F00001900299DA
:101B3000019840EA01100190009820F00A000090FE
:101B400003990098084300900198049988610098CF
:101B50000499086205B0704785B004900391029221
:101B60000498006A00900499086A20F01000086246
:101B7000049880690190019820F4704001900299C6
:101B8000019840EA01300190009820F0A0000090F8
:101B90000399009840EA0110009001980499886127
:101BA00000980499086205B070470000000000002A
:101BB00080B582B04FF4F070EFF71AFC45F2F040B8
:101BC000C2F2004047F60111C0F60101EEF7E8FC51
:101BD00045F29050C2F2004047F6C911C0F601012B
:101BE000EEF7DEFC45F23060C2F2004047F601310C
:101BF000C0F60101EEF7D4FC45F6B430C2F2004065
:101C000047F2D961C0F60101FEF72EFF45F6946058
:101C1000C2F2004047F2A961C0F60101122200F0B1
:101C200077FB45F66C50C2F2004047F26161C0F6A6
:101C300001013C2200F06CFB45F6D440C2F20040AA
:101C4000009047F6C101C0F60101FFF769FB45F6B8
:101C50002050C2F20040019047F2E961C0F6010154
:101C6000FFF75EFB42F67000C2F200409FED090AEA
:101C70000BF05EFA42F64800C2F20040052111F076
:101C80009BFA0098F9F750FF0198F9F74DFF02B061
:101C900080BD00BF00000000704700000000000091
:101CA00080B545F69460C2F20040FBF795FA80BD1E
:101CB00080B545F62870C2F20040FBF78DFA80BD72
:101CC00080B545F6BC70C2F20040FBF785FA80BDD6
:101CD00080B546F25000C2F20040FBF77DFA80BDAD
:101CE00082B001900198406E40B9FFE70199012050
:101CF000A1F86A000199A1F8680032E010208DF87F
:101D000003008DF80200019800688068C0F342600B
:101D10008DF80100019800688068400F8DF8000080
:101D20009DF802009DF8002044F69C23C0F60203B3
:101D3000995C484344F69421C0F602018A5CB0FBEA
:101D4000F2F0019AA2F86A009DF803009DF80120C4
:101D50009B5C5843895CB0FBF1F00199A1F86800E5
:101D6000FFE702B07047000081B00090009890F843
:101D70002800000700280BD5FFE70098006840689E
:101D800020F40040009A1168926B10434860FFE70E
:101D9000009890F82800C00758B1FFE70098006845
:101DA000406820F40030009A1168D26A10434860FD
:101DB000FFE7009890F82800800700280BD5FFE780
:101DC00000980068406820F48030009A1168126B17
:101DD00010434860FFE7009890F82800400700286B
:101DE0000BD5FFE700980068406820F48020009A37
:101DF0001168526B10434860FFE7009890F8280084
:101E0000C00600280BD5FFE700980068806820F422
:101E10008050009A1168D26B10438860FFE70098E9
:101E200090F82800800600280BD5FFE7009800688E
:101E3000806820F40050009A1168126C104388608A
:101E4000FFE7009890F82800400600281CD5FFE71F
:101E500000980068406820F48010009A1168526C65
:101E6000104348600098406CB0F5801F0BD1FFE72D
:101E700000980068406820F4C000009A1168926CD5
:101E800010434860FFE7FFE7009890F8280000063D
:101E900000280BD5FFE700980068406820F4002078
:101EA000009A1168D26C10434860FFE701B0704798
:101EB00080B588B0069006990020C1F89000F4F72C
:101EC000FBFB0590069800680068000700282FD5E6
:101ED000FFE70698059B6A466FF07E4111604FF45C
:101EE0000011002201F048FA08B3FFE7FFE7FFE71F
:101EF0000698006850E8000F20F080000490FFE78B
:101F000004990698026842E800100028F0D1FFE723
:101F1000FFE706992020C1F88800FFE70699002016
:101F200081F88400FFE703208DF81F005FE0FFE7E2
:101F30000698006800684007002842D5FFE7069829
:101F4000059B6A466FF07E4111604FF480010022CC
:101F500001F012FAA0B3FFE7FFE7FFE70698006879
:101F600050E8000F20F490700390FFE70399069863
:101F7000026842E800100028F0D1FFE7FFE7FFE722
:101F8000FFE70698006850E8020F20F00100029079
:101F9000FFE702990698026842E802100028F0D193
:101FA000FFE7FFE706992020C1F88C00FFE70699BC
:101FB000002081F88400FFE703208DF81F0016E061
:101FC000FFE706992020C1F888000699C1F88C0027
:101FD00006990020C86606990867FFE70699002061
:101FE00081F88400FFE700208DF81F00FFE79DF8CF
:101FF0001F0008B080BD000080B582B0019001983C
:10200000806B009000990020A1F85E000098FBF71B
:10201000DFF802B080BD000080B584B00390039863
:10202000806B02900298D0F8880001900298D0F856
:102030008C000090029800688068000600280CD58B
:10204000FFE70198212808D1FFE702990020A1F8B5
:102050005600029800F02CF9FFE7029800688068AB
:10206000400600280CD5FFE70098222808D1FFE79A
:1020700002990020A1F85E00029800F0A5F8FFE7A1
:102080000299D1F8900040F01000C1F89000029839
:10209000FBF79EF804B080BD80B586B0059005982A
:1020A000806B04900598C069B0F5807F5BD0FFE736
:1020B00004990020A1F85E00FFE7FFE7049800689C
:1020C00050E8000F20F480700390FFE70399049814
:1020D000026842E800100028F0D1FFE7FFE7FFE7C1
:1020E000FFE70498006850E8020F20F0010002901A
:1020F000FFE702990498026842E802100028F0D134
:10210000FFE7FFE7FFE7FFE70498006850E8020FEA
:1021100020F040000190FFE701990498026842E82E
:1021200002100028F0D1FFE7FFE704992020C1F852
:102130008C000498C06E012814D1FFE7FFE7FFE789
:102140000498006850E8000F20F010000090FFE7AE
:1021500000990498026842E800100028F0D1FFE7D7
:10216000FFE7FFE7FFE70499002008670498C06EC7
:10217000012806D1FFE70498B0F85C10FAF748FC94
:1021800003E00498FBF7F4FFFFE706B080BD000012
:1021900080B582B001900198806B00900099012079
:1021A00008670098C06E012807D1FFE70098B0F8D3
:1021B0005C104908FAF72CFC03E00098FBF7DCFF01
:1021C000FFE702B080BD000084B00390FFE7FFE7A7
:1021D0000398006850E8000F20F490700290FFE729
:1021E00002990398026842E800100028F0D1FFE746
:1021F000FFE7FFE7FFE70398006850E8020F4FF69C
:10220000FE71CEF6FF7108400190FFE70199039837
:10221000026842E802100028EDD1FFE7FFE70398CB
:10222000C06E012814D1FFE7FFE7FFE703980068BD
:1022300050E8000F20F010000090FFE7009903988D
:10224000026842E800100028F0D1FFE7FFE7FFE74F
:1022500003992020C1F88C0003990020C8660399D7
:10226000486704B07047000080B582B00190FFE776
:10227000FFE70198006850E8000F20F04000009050
:10228000FFE700990198026842E800100028F0D1A9
:10229000FFE7FFE701992020C1F88800019900209D
:1022A00088670198FBF76CFF02B080BD000000005A
:1022B00083B00290FFE7FFE70298006850E8000F44
:1022C00020F0C0000190FFE701990298026842E8FF
:1022D00000100028F0D1FFE7FFE7FFE7FFE70298D3
:1022E000006850E8020F20F400000090FFE700991A
:1022F0000298026842E802100028F0D1FFE7FFE7E9
:1023000002992020C1F8880003B070470000000047
:1023100080B584B003900291ADF806200398006860
:1023200041F20001C4F20101884240F0EF80FFE772
:10233000039840F6F011C2F2004108600298C1F81B
:102340000C01BDF80600A1F804010398B1F80421BE
:102350008431FAF705FB45F20040C2F20040006804
:102360001021C4F20201884200F0B280FFE745F27A
:102370000040C2F2004000682821C4F202018842F5
:1023800000F0A680FFE745F20040C2F2004000687E
:102390004021C4F20201884200F09A80FFE745F232
:1023A0000040C2F2004000685821C4F20201884295
:1023B00000F08E80FFE745F20040C2F20040006866
:1023C0007021C4F20201884200F08280FFE745F2EA
:1023D0000040C2F2004000688821C4F20201884235
:1023E00076D0FFE745F20040C2F200400068A0212D
:1023F000C4F2020188426BD0FFE745F20040C2F20E
:1024000000400068B821C4F20201884260D0FFE7B2
:1024100045F20040C2F20040006840F21041C4F2B0
:102420000201884254D0FFE745F20040C2F200406A
:10243000006840F22841C4F20201884248D0FFE718
:1024400045F20040C2F20040006840F24041C4F250
:10245000020188423CD0FFE745F20040C2F2004052
:10246000006840F25841C4F20201884230D0FFE7D0
:1024700045F20040C2F20040006840F27041C4F2F0
:102480000201884224D0FFE745F20040C2F200403A
:10249000006840F28841C4F20201884218D0FFE788
:1024A00045F20040C2F20040006840F2A041C4F290
:1024B000020188420CD0FFE745F20040C2F2004022
:1024C000006840F2B841C4F2020188420AD1FFE735
:1024D00045F20040C2F200400168086820F00800A0
:1024E000086009E045F20040C2F200400168086857
:1024F00020F004000860FFE740F6F010C2F2004050
:10250000B0F804118430EDF74BFF72E103980068D6
:1025100045F20001C4F20001884216D1FFE703989A
:1025200040F63061C2F2004108600298C1F80C0127
:10253000BDF80600A1F804010398B1F80421520087
:10254000843192B2FAF70CFA52E10398006847F628
:102550000001C4F20001884214D1FFE7039841F260
:102560005001C2F2004108600298C1F80C01BDF8A8
:102570000600A1F804010398B1F804218431FAF7A8
:10258000EFF934E10398006847F60041C4F2000116
:10259000884214D1FFE7039841F26011C2F2004172
:1025A00008600298C1F80C01BDF80600A1F804010A
:1025B0000398B1F804218431FAF7D2F916E10398AF
:1025C000006841F60001C4F20101884214D1FFE71E
:1025D000039841F27021C2F2004108600298C1F8EC
:1025E0000C01BDF80600A1F804010398B1F804211C
:1025F0008431FAF7B5F9F8E00398006841F6004134
:10260000C4F20101884240F0EF80FFE7039840F6F2
:10261000E001C2F2004108600298C1F80C01BDF867
:102620000600A1F804010398B1F804218431FAF7F7
:1026300097F945F21030C2F2004000681021C4F250
:102640000201884200F0B280FFE745F21030C2F28A
:10265000004000682821C4F20201884200F0A680F0
:10266000FFE745F21030C2F2004000684021C4F29A
:102670000201884200F09A80FFE745F21030C2F272
:10268000004000685821C4F20201884200F08E80A8
:10269000FFE745F21030C2F2004000687021C4F23A
:1026A0000201884200F08280FFE745F21030C2F25A
:1026B000004000688821C4F20201884276D0FFE71A
:1026C00045F21030C2F200400068A021C4F20201BD
:1026D00088426BD0FFE745F21030C2F2004000683C
:1026E000B821C4F20201884260D0FFE745F2103001
:1026F000C2F20040006840F21041C4F20201884278
:1027000054D0FFE745F21030C2F20040006840F2BA
:102710002841C4F20201884248D0FFE745F2103058
:10272000C2F20040006840F24041C4F20201884217
:102730003CD0FFE745F21030C2F20040006840F2A2
:102740005841C4F20201884230D0FFE745F2103010
:10275000C2F20040006840F27041C4F202018842B7
:1027600024D0FFE745F21030C2F20040006840F28A
:102770008841C4F20201884218D0FFE745F21030C8
:10278000C2F20040006840F2A041C4F20201884257
:102790000CD0FFE745F21030C2F20040006840F272
:1027A000B841C4F2020188420AD1FFE745F2103075
:1027B000C2F200400168086820F00800086009E0E3
:1027C00045F21030C2F200400168086820F00400B1
:1027D0000860FFE740F6E000C2F20040B0F80411E4
:1027E0008430EDF7DDFDFFE7FFE7FFE7FFE7FFE7F9
:1027F000FFE704B080BD000080B59EB01D900020B2
:102800008DF867001D98006840F60041C5F600018C
:10281000884201D1FFE700E0FFE71D9988680B6956
:102820004A69C9691843104308431C901D98006801
:10283000006846F6F311CCF6FF7108401C99084376
:102840001D99096808601D980068406820F4405090
:102850001D9A1168D268104348601D9880691C90C9
:102860001D98006840F60041C5F60001884206D078
:10287000FFE71D98016A1C9808431C90FFE71D980C
:10288000006880684FF2FF41C1F2FF1108401C99B7
:1028900008431D99096888601D980068C06A20F087
:1028A0000F001D9A1168526A1043C862FFE71D9815
:1028B000006841F20001C4F20101884240F0418009
:1028C000FFE744F25440C5F60200006800F038000B
:1028D0000146109128282FD81099DFE801F0152D16
:1028E0002D2D2D2D2D2D192D2D2D2D2D2D2D1D2D3C
:1028F0002D2D2D2D2D2D212D2D2D2D2D2D2D252D1C
:102900002D2D2D2D2D2D290001208DF86D0017E086
:1029100004208DF86D0013E008208DF86D000FE0A5
:1029200010208DF86D000BE020208DF86D0007E081
:1029300040208DF86D0003E080208DF86D00FFE7EA
:102940006CE21D98006844F20041C4F20001884224
:102950002ED1FFE744F25440C5F60200006800F0B3
:10296000070001460F9105281DD80F99DFE801F0F7
:1029700003070B0F131700208DF86D0017E00420DC
:102980008DF86D0013E008208DF86D000FE0102029
:102990008DF86D000BE020208DF86D0007E04020E1
:1029A0008DF86D0003E080208DF86D00FFE734E2C4
:1029B0001D98006844F60001C4F2000188422ED13F
:1029C000FFE744F25440C5F60200006800F007003B
:1029D00001460E9105281DD80E99DFE801F0030786
:1029E0000B0F131700208DF86D0017E004208DF8F1
:1029F0006D0013E008208DF86D000FE010208DF8B9
:102A00006D000BE020208DF86D0007E040208DF870
:102A10006D0003E080208DF86D00FFE7FCE11D985C
:102A2000006844F60041C4F2000188422ED1FFE75D
:102A300044F25440C5F60200006800F00700014669
:102A40000D9105281DD80D99DFE801F003070B0F44
:102A5000131700208DF86D0017E004208DF86D002D
:102A600013E008208DF86D000FE010208DF86D0048
:102A70000BE020208DF86D0007E040208DF86D0000
:102A800003E080208DF86D00FFE7C4E11D98006829
:102A900045F20001C4F2000188422ED1FFE744F262
:102AA0005440C5F60200006800F0070001460C9192
:102AB00005281DD80C99DFE801F003070B0F131749
:102AC00000208DF86D0017E004208DF86D0013E0F4
:102AD00008208DF86D000FE010208DF86D000BE0E0
:102AE00020208DF86D0007E040208DF86D0003E098
:102AF00080208DF86D00FFE78CE11D98006841F2A1
:102B00000041C4F20101884240F04180FFE744F2F5
:102B10005440C5F60200006800F0380001460B91F1
:102B200028282FD80B99DFE801F0152D2D2D2D2DFC
:102B30002D2D192D2D2D2D2D2D2D1D2D2D2D2D2DE9
:102B40002D2D212D2D2D2D2D2D2D252D2D2D2D2DC9
:102B50002D2D290001208DF86D0017E004208DF83F
:102B60006D0013E008208DF86D000FE010208DF847
:102B70006D000BE020208DF86D0007E040208DF8FF
:102B80006D0003E080208DF86D00FFE741E11D98A6
:102B9000006847F60001C4F2000188422ED1FFE729
:102BA00044F25440C5F60200006800F007000146F8
:102BB0000A9105281DD80A99DFE801F003070B0FD9
:102BC000131700208DF86D0017E004208DF86D00BC
:102BD00013E008208DF86D000FE010208DF86D00D7
:102BE0000BE020208DF86D0007E040208DF86D008F
:102BF00003E080208DF86D00FFE709E11D98006873
:102C000047F60041C4F2000188422ED1FFE744F2AA
:102C10005440C5F60200006800F007000146099123
:102C200005281DD80999DFE801F003070B0F1317DA
:102C300000208DF86D0017E004208DF86D0013E082
:102C400008208DF86D000FE010208DF86D000BE06E
:102C500020208DF86D0007E040208DF86D0003E026
:102C600080208DF86D00FFE7D1E01D98006841F6E7
:102C70000001C4F20101884240F04180FFE744F2C4
:102C80005440C5F60200006800F038000146089183
:102C900028282FD80899DFE801F0152D2D2D2D2D8E
:102CA0002D2D192D2D2D2D2D2D2D1D2D2D2D2D2D78
:102CB0002D2D212D2D2D2D2D2D2D252D2D2D2D2D58
:102CC0002D2D290001208DF86D0017E004208DF8CE
:102CD0006D0013E008208DF86D000FE010208DF8D6
:102CE0006D000BE020208DF86D0007E040208DF88E
:102CF0006D0003E080208DF86D00FFE786E01D98F1
:102D0000006841F60041C4F20101884240F0418070
:102D1000FFE744F25440C5F60200006800F03800B6
:102D20000146079128282FD80799DFE801F0152DD3
:102D30002D2D2D2D2D2D192D2D2D2D2D2D2D1D2DE7
:102D40002D2D2D2D2D2D212D2D2D2D2D2D2D252DC7
:102D50002D2D2D2D2D2D290001208DF86D0017E032
:102D600004208DF86D0013E008208DF86D000FE051
:102D700010208DF86D000BE020208DF86D0007E02D
:102D800040208DF86D0003E080208DF86D00FFE796
:102D90003BE01D98006840F60041C5F600018842FE
:102DA0002ED1FFE744F25840C5F60200006800F05B
:102DB00007000146069105281DD80699DFE801F0B5
:102DC00003070B0F131702208DF86D0017E0042086
:102DD0008DF86D0013E008208DF86D000FE01020D5
:102DE0008DF86D000BE020208DF86D0007E040208D
:102DF0008DF86D0003E080208DF86D00FFE703E0A3
:102E000080208DF86D00FFE7FFE7FFE7FFE7FFE7B2
:102E1000FFE7FFE7FFE7FFE7FFE7FFE7FFE71D98B3
:102E2000006840F60041C5F60001884240F0B480D9
:102E3000FFE79DF86D0001460591022814D0FFE7D9
:102E40000598042814D0FFE70598082816D0FFE756
:102E50000598102818D0FFE70598202835D0FFE7FF
:102E60000598402837D03AE0F4F71EFF11903CE077
:102E700015A8F4F72DFF1698119036E012A8F5F773
:102E800073F81398119030E044F20040C5F6020048
:102E9000006800F020010020B0EB511F0ED0FFE7CA
:102EA00044F20040C5F602000068C0F3C10149F2D7
:102EB0000000C0F2D030C840119005E049F2000097
:102EC000C0F2D0301190FFE70FE040F60010C0F2E2
:102ED0003D00119009E04FF40040119005E0002002
:102EE000119001208DF86700FFE71198002852D05B
:102EF000FFE711981D994A6A44F6A421C0F6020121
:102F000031F81210B0FBF1F0189018981D9949682B
:102F100001EB4101884207D3FFE718981D994968E2
:102F2000B0EB013F04D9FFE701208DF8670031E0E5
:102F300011981D994A6803924A6A44F6A421C0F682
:102F4000020131F81220002304931946EDF7DEF94F
:102F5000039A049B090241EA1061000210EB52003F
:102F600041F10001EDF7D2F91A901A98B0F5407FBF
:102F70000BD3FFE71A990020B0EB115F05D1FFE7F3
:102F80001A981D990968C86003E001208DF8670050
:102F9000FFE7FFE7FFE746E11D98C069B0F5004F86
:102FA00040F0A880FFE79DF86D000146029140289F
:102FB00000F263800299DFE801F02125606029605A
:102FC00060602F606060606060603560606060605D
:102FD00060606060606060606060566060606060FB
:102FE00060606060606060606060606060606060E1
:102FF000606060606060606060605C00F6F770FB5D
:10300000119040E0F6F780FB11903CE015A8F4F732
:103010005FFE1698119036E012A8F4F7A5FF1398FA
:10302000119030E044F20040C5F60200006800F064
:1030300020010020B0EB511F0ED0FFE744F200400A
:10304000C5F602000068C0F3C10149F20000C0F2F9
:10305000D030C840119005E049F20000C0F2D030F5
:103060001190FFE70FE040F60010C0F23D00119014
:1030700009E04FF40040119005E00020119001207C
:103080008DF86700FFE7119898B3FFE711981D9A34
:103090005168536A44F6A422C0F6020232F81320A3
:1030A000B0FBF2F0400000EB5100B0FBF1F01A90E1
:1030B0001A98102818D3FFE7BDF86A00A0B9FFE7F7
:1030C0001A9820F00F00ADF86E001A9800F00E016B
:1030D000BDF86E0040EA5100ADF86E00BDF86E001C
:1030E0001D990968C86003E001208DF86700FFE7BB
:1030F000FFE797E09DF86D0001460191402800F23E
:1031000063800199DFE801F021256060296060603B
:103110002F6060606060606035606060606060600B
:1031200060606060606060605660606060606060A9
:10313000606060606060606060606060606060608F
:1031400060606060606060605C00F6F7C9FA1190D2
:1031500040E0F6F7D9FA11903CE015A8F4F7B8FD75
:103160001698119036E012A8F4F7FEFE139811900D
:1031700030E044F20040C5F60200006800F0200193
:103180000020B0EB511F0ED0FFE744F20040C5F61F
:1031900002000068C0F3C10149F20000C0F2D03063
:1031A000C840119005E049F20000C0F2D030119003
:1031B000FFE70FE040F60010C0F23D00119009E07B
:1031C0004FF40040119005E00020119001208DF88F
:1031D0006700FFE7119820B3FFE711981D9A516827
:1031E000536A44F6A422C0F6020232F81320B0FB60
:1031F000F2F000EB5100B0FBF1F01A901A98102891
:103200000AD3FFE7BDF86A0030B9FFE7BDF86800F0
:103210001D990968C86003E001208DF86700FFE789
:10322000FFE7FFE7FFE71D990120A1F86A001D995C
:10323000A1F868001D99002048671D9988679DF8CE
:1032400067001EB080BD000080B588B00690059173
:10325000ADF81220059806998865BDF81200069908
:10326000A1F85C0006990020C1F890000699222080
:10327000C1F88C000698D0F88000B0B3FFE706983C
:10328000D0F8801042F29900C0F60100C863069899
:10329000D0F8801042F29110C0F601000864069840
:1032A000D0F8801042F21900C0F60100C8640698F8
:1032B000D0F880100020086506980168826DD0F86B
:1032C00080002431BDF81230F1F7AEF860B1FFE7AD
:1032D00006991020C1F8900006992020C1F88C00B2
:1032E00001208DF81F0042E0FFE706980069A0B1B9
:1032F000FFE7FFE7FFE70698006850E8000F40F49B
:1033000080700390FFE703990698026842E8001076
:103310000028F0D1FFE7FFE7FFE7FFE7FFE70698A8
:10332000006850E8020F40F001000290FFE70299A8
:103330000698026842E802100028F0D1FFE7FFE794
:10334000FFE7FFE70698006850E8020F40F04000F2
:103350000190FFE701990698026842E802100028F0
:10336000F0D1FFE7FFE700208DF81F00FFE79DF891
:103370001F0008B080BD000080B586B0DDF820C019
:10338000049003918DF80B200193FFE704980068E7
:10339000C06903990840401AB0FA80F040099DF8CE
:1033A0000B10884266D1FFE708980130002860D0F2
:1033B000FFE7F3F781F90199401A0899884203D889
:1033C000FFE7089820B9FFE703208DF8170055E0C4
:1033D0000498006800684007002849D5FFE7039873
:1033E000802845D0FFE70398402841D0FFE70498A4
:1033F0000068C06900F008010120B0EBD10F16D1C0
:10340000FFE7049801680820009008620498FEF71E
:10341000DBFE00980499C1F89000FFE704990020B2
:1034200081F88400FFE701208DF8170026E004985A
:103430000068C06900F400610120B0EBD12F16D103
:10344000FFE7049801684FF4006008620498FEF7F3
:10345000BBFE04992020C1F89000FFE704990020EA
:1034600081F88400FFE703208DF8170006E0FFE7EE
:10347000FFE78BE700208DF81700FFE79DF81700A6
:1034800006B080BD0000000080B545F60060C2F2C5
:103490000040F9F7A1FE80BD80B545F66C50C2F240
:1034A0000040F9F799FE80BD80B586B004908DF894
:1034B0000F100498D0F8C80201900498D0F8D412E4
:1034C00000EB8100D0F8C00220B9FFE703208DF89F
:1034D00017005FE00498D0F8D41200EB8100D0F818
:1034E000C002029004989DF80F1001F00F0101EB4B
:1034F000810100EB8100806940B3FFE704989DF8EB
:103500000F1001F00F0101EB810200EB82008269D4
:10351000019801EBC10100EB8100C169B2FBF1F040
:1035200000FB112090B9FFE704989DF80F1001F0FF
:103530000F0101EB810100EB8100002383610498FE
:103540009DF80F101A4601F0BFFD1FE00299002000
:10355000C1F814020498D0F8D41200EB8100D0F81E
:10356000C402006988B1FFE70498D0F8D41200EBD8
:103570008100D0F8C40203690299D1F8080201F56C
:1035800004719DF80F209847FFE7FFE700208DF8B2
:103590001700FFE79DF8170006B080BD000000008F
:1035A00080B584B002908DF807100298D0F8D4123C
:1035B00000EB8100D0F8C00200900298D0F8D4123D
:1035C00000EB8100D0F8C00220B9FFE703208DF89E
:1035D0000F0019E002989DF8071001F0E5FA009934
:1035E000C1F80C020298D0F8D41200EB8100D0F898
:1035F000C402C2680099D1F8040201F50371904732
:1036000000208DF80F00FFE79DF80F0004B080BD8B
:1036100080B586B005908DF81310059840F225010D
:10362000C2F200410091097801F0D2F800990598A2
:10363000097801F00F0101EB810100EB810100200D
:1036400003908884059840F22601C2F2004101915E
:10365000097801F0BDF8019A03980599127802F0F3
:103660000F0202EB820201EB8201A1F864010598CE
:1036700040F22401C2F200410291097801F0A8F859
:10368000029A03980599137803F00F0303EB830361
:1036900001EB830188840599127802F00F0202EB96
:1036A000820201EB8201C8840598D0F8D41200EBA5
:1036B0008100D0F8C002F0B1FFE70598D0F8D4122D
:1036C00000EB8100D0F8C402406880470598D0F82C
:1036D000D41200EB8100D0F8C00202F0A1F90598E5
:1036E000D0F8D41200EB81010020C1F8C002059986
:1036F000C1F8BC02FFE7002006B080BD000000005A
:1037000080B584B002900298D0F8D41200EB81000A
:10371000D0F8C0020190019820B9FFE703208DF88E
:103720000F0025E00298D0F8D41200EB8100D0F809
:10373000C402C8B1FFE7019890F80002FF2813D037
:10374000FFE70298D0F8D41200EB8100D0F8C40251
:103750008368019991F8000291F801229847019934
:10376000FF2081F80002FFE700208DF80F00FFE73F
:103770009DF80F0004B080BD81B0009000990A2030
:10378000088040F26C10C2F2004001B070470000A7
:1037900080B586B0059040F22810C2F2004001903A
:1037A000822100F0D5FD014601980491012100F02D
:1037B000CFFD014601980391812100F0C9FD0290DF
:1037C000049820B1FFE7049910208871FFE703985F
:1037D00020B1FFE7039940208880FFE7029820B1DD
:1037E000FFE7029940208880FFE705994320088081
:1037F00040F22810C2F2004006B080BD0000000078
:1038000080B586B0059040F22810C2F200400190C9
:10381000822100F09DFD014601980491012100F0F4
:1038200097FD014601980391812100F091FD0290DE
:10383000049820B1FFE7049910208871FFE70398EE
:1038400028B1FFE703994FF400708880FFE70298E2
:1038500028B1FFE702994FF400708880FFE70599CF
:103860004320088040F22810C2F2004006B080BD1C
:1038700080B586B0059040F22810C2F20040019059
:10388000822100F065FD014601980491012100F0BC
:103890005FFD014601980391812100F059FD0290DE
:1038A000049820B1FFE7049910208871FFE703987E
:1038B00020B1FFE7039940208880FFE7029820B1FC
:1038C000FFE7029940208880FFE7059943200880A0
:1038D00040F22810C2F2004006B080BD0000000097
:1038E00080B590B00E908DF837104FF4077002F04D
:1038F0009BF80C900C9860B9FFE70E98D0F8D412A2
:1039000000EB81010020C1F8C00202208DF83F00C9
:10391000F0E00C984FF40771ECF742FD0C980E990B
:10392000D1F8D42201EB8201C1F8C0020E99D1F87E
:10393000D40201EB8000D0F8C002C1F8BC020E989E
:10394000007C002840D1FFE70E9840F22501C2F22A
:10395000004107910978022208924FF400730993FD
:1039600001F016FA0799089A099B0E98097801F058
:103970000F0101EB810100EB810101200B90888494
:103980000E9840F22601C2F200410A91097801F036
:10399000FFF90A9A0B980E99127802F00F0202EBC7
:1039A000820201EB8201A1F864010E9840F2240129
:1039B000C2F20041097801F00F0101EB810100EB37
:1039C00081011020C8843EE00E9840F22501C2F229
:1039D000004102910978022203924023049301F0EE
:1039E000D7F90299039A049B0E98097801F00F0108
:1039F00001EB810100EB81010120069088840E9883
:103A000040F22601C2F200410591097801F0C0F9A7
:103A1000059A06980E99127802F00F0202EB8202C4
:103A200001EB8201A1F864010E9840F22401C2F278
:103A30000041097801F00F0101EB810100EB8101E8
:103A40001020C884FFE70E9840F22401C2F2004122
:103A5000009109780322082301F09AF900990E9841
:103A6000097801F00F0101EB810100EB81010120D8
:103A700088840C9900200190C1F804020E98D0F8B7
:103A8000D41200EB8100D0F8C4020068804701988E
:103A90000C99C1F814020C99C1F818020C98D0F8CE
:103AA000040220B9FFE702208DF83F0022E00E98C3
:103AB000007C70B9FFE70E9840F22601C2F2004187
:103AC00009780C9AD2F804224FF4007301F088F9B7
:103AD0000CE00E9840F22601C2F2004109780C9ADF
:103AE000D2F80422402301F07BF9FFE700208DF893
:103AF0003F00FFE79DF83F0010B080BD00000000D0
:103B000080B584B002900298D0F8D41200EB810006
:103B1000D0F8C00201900298D0F8D41200EB8100D6
:103B2000D0F8C00220B9FFE703208DF80F0022E093
:103B30000298007C70B9FFE7029840F22601C2F2B9
:103B400000410978019AD2F804224FF4007301F081
:103B500047F90CE0029840F22601C2F200410978D0
:103B6000019AD2F80422402301F03AF9FFE700203D
:103B70008DF80F00FFE79DF80F0004B080BD000036
:103B800083B001900091009820B9FFE703208DF8E1
:103B90000B000BE000980199D1F8D42201EB8201CF
:103BA000C1F8C40200208DF80B00FFE79DF80B0060
:103BB00003B070470000000084B0029001910298A9
:103BC000D0F8D41200EB8100D0F8C0020090009829
:103BD00020B9FFE703208DF80F0007E00198009956
:103BE000C1F8040200208DF80F00FFE79DF80F00D8
:103BF00004B070470000000085B00390029101926C
:103C00000398D0F8D41200EB8100D0F8C0020090E5
:103C1000009820B9FFE703208DF813000BE002980D
:103C20000099C1F8080201980099C1F8100200201B
:103C30008DF81300FFE79DF8130005B070470000F2
:103C400080B58AB0089007910898D0F8D41200EB9C
:103C50008100D0F8C002069000208DF81500ADF864
:103C600012008DF81100069820B9FFE703208DF8A7
:103C70002700C7E00798007800F060000146039134
:103C800000285ED0FFE70398202840F0AE80FFE7D1
:103C90000798C088002846D0FFE7079800780006FC
:103CA000002823D5FFE70898D0F8D41200EB810054
:103CB000D0F8C4028368079A50780699D28898474A
:103CC0000798C088082803D3FFE70720029003E085
:103CD0000798C0880290FFE70298ADF81600089890
:103CE0000699BDF8162000F03FF91BE007984078D0
:103CF000069981F800020798C0883F2804D8FFE79A
:103D00000798C088019002E040200190FFE70198E9
:103D1000069981F801020898069991F8012200F0AD
:103D2000F3F8FFE70CE00898D0F8D41200EB81001C
:103D3000D0F8C40283680799487800229847FFE7C3
:103D40005BE007984078014600910B2844D8009921
:103D5000DFE801F0064142424242424242421C3206
:103D6000089890F89C02032807D1FFE708980DF106
:103D70001201022200F0F8F807E00898079900F015
:103D8000B3F803208DF81100FFE72DE0089890F8B4
:103D90009C02032807D1FFE708980DF115010122C5
:103DA00000F0E2F807E00898079900F09DF803207A
:103DB0008DF81100FFE717E0089890F89C0203289F
:103DC00008D0FFE70898079900F08EF803208DF8D7
:103DD0001100FFE708E007E00898079900F084F871
:103DE00003208DF81100FFE707E00898079900F01D
:103DF0007BF803208DF81100FFE79DF811008DF886
:103E00002700FFE79DF827000AB080BD00000000F2
:103E100080B582B001908DF8031000208DF802006B
:103E20000198D0F8B8124A689DF80310904720B165
:103E3000FFE703208DF80200FFE79DF8020002B0C3
:103E400080BD00000000000080B582B001900091AC
:103E5000019890F89C02013802280ED8FFE70098DC
:103E60004088012808D1FFE701990020C1F8A40289
:103E7000019800F095F8FFE704E00198009900F040
:103E800033F8FFE702B080BD82B001908DF80310D7
:103E9000002002B07047000082B001908DF803103E
:103EA000002002B07047000080B584B003900291FA
:103EB00001920398029A019B0021009100F090FF6B
:103EC000009804B080BD000080B584B003900291DA
:103ED00001920398029A019B0021009101F0F4F8ED
:103EE000009804B080BD000080B582B001900091C0
:103EF0000198802101F094F80198002101F090F8D8
:103F000002B080BD0000000080B584B00390029133
:103F1000019203990320C1F8940201980399C1F812
:103F2000580101980399C1F85C010398029A019B1A
:103F30000021009100F054FF009804B080BD000003
:103F400080B582B0019001990520C1F894020198D2
:103F50000023009319461A4600F042FF009802B071
:103F600080BD00000000000080B584B00390029185
:103F7000019203990220C1F8940201980399886183
:103F800001980399C8610398029A019B002100914E
:103F900001F09AF8009804B080BD00000000000015
:103FA00080B582B0019001990420C1F89402019873
:103FB0000023009319461A4601F086F8009802B0D3
:103FC00080BD00000000000080B584B00390029125
:103FD0000298C088012805D0FFE703980299FFF7EF
:103FE00083FF21E0039890F89C12481E019102285B
:103FF00004D3FFE7019803280AD00FE003990020BB
:104000008860039800F108010122FFF7ADFF0AE084
:104010000398011D0122FFF7A7FF04E0039802990E
:10402000FFF762FFFFE7FFE704B080BD000000007C
:1040300080B588B0079006910020ADF81600049076
:104040008DF80F000698C0780138014602910E28BD
:1040500000F241810299DFE811F02A00340051009A
:104060003E013E010B0123013E013E013E013E01A6
:104070003E013E013E010F000798D0F8B402C0692E
:1040800050B1FFE70798D0F8B412CA69007C0DF16F
:1040900016019047049009E007980699FFF724FF5E
:1040A0009DF80F0001308DF80F00FFE71DE1079824
:1040B000D0F8B4120A68007C0DF116019047049004
:1040C00013E10798007C60B9FFE70798D0F8B802C1
:1040D000816A0DF116008847049004990220487007
:1040E0000BE00798D0F8B802C16A0DF116008847B6
:1040F0000490049902204870FFE7F6E00698807863
:1041000001460191052800F2A8800199DFE801F03D
:10411000031E39546F8A0798D0F8B402406850B132
:10412000FFE70798D0F8B4124A68007C0DF1160139
:104130009047049009E007980699FFF7D5FE9DF88F
:104140000F0001308DF80F00FFE790E00798D0F8DE
:10415000B402806850B1FFE70798D0F8B4128A68BB
:10416000007C0DF116019047049009E0079806992C
:10417000FFF7BAFE9DF80F0001308DF80F00FFE742
:1041800075E00798D0F8B402C06850B1FFE707980F
:10419000D0F8B412CA68007C0DF116019047049063
:1041A00009E007980699FFF79FFE9DF80F00013080
:1041B0008DF80F00FFE75AE00798D0F8B4020069C5
:1041C00050B1FFE70798D0F8B4120A69007C0DF1EE
:1041D00016019047049009E007980699FFF784FEBE
:1041E0009DF80F0001308DF80F00FFE73FE00798C2
:1041F000D0F8B402406950B1FFE70798D0F8B41284
:104200004A69007C0DF116019047049009E0079877
:104210000699FFF769FE9DF80F0001308DF80F0039
:10422000FFE724E00798D0F8B402806950B1FFE7B7
:104230000798D0F8B4128A69007C0DF116019047F6
:10424000049009E007980699FFF74EFE9DF80F00CD
:1042500001308DF80F00FFE709E007980699FFF796
:1042600043FE9DF80F0001308DF80F00FFE73CE0A2
:104270000798007C48B9FFE70798D0F8B802416B6F
:104280000DF116008847049009E007980699FFF79A
:104290002BFE9DF80F0001308DF80F00FFE724E0A2
:1042A0000798007C60B9FFE70798D0F8B802016B67
:1042B0000DF116008847049004990720487009E022
:1042C00007980699FFF710FE9DF80F0001308DF852
:1042D0000F00FFE709E007980699FFF705FE9DF834
:1042E0000F0001308DF80F00FFE79DF80F0008B1B7
:1042F000FFE72AE00698C08818B3FFE7BDF816006C
:10430000C8B1FFE7BDF816000699C988884204DAEB
:10431000FFE7BDF81600009003E00698C088009003
:10432000FFE70098ADF8160007980499BDF816202D
:10433000FFF71AFE04E007980699FFF7D5FDFFE79F
:1043400003E00798FFF72CFEFFE708B080BD0000F0
:1043500080B586B005908DF81310059803900598E8
:10436000029000200190029948880978884227DD50
:10437000FFE702980078ADF80200FFE7BDF8020001
:104380000299498888421ADAFFE703980DF1020181
:1043900000F036F803900398407805280ED1FFE727
:1043A00003980190019880789DF81310884201D1FC
:1043B000FFE704E000200190FFE7FFE7DEE7FFE70B
:1043C000019806B080BD000083B0029000208DF8F7
:1043D000070002980090FFE70098007848B1FFE7D7
:1043E0009DF8070001308DF807000098013000901B
:1043F000F2E79DF8070003B07047000000000000DE
:1044000083B002900191029800900098027801997F
:1044100008881044088002980099097808440090A0
:10442000009803B07047000080B582B00190009101
:10443000019890F89C02013802281FD8FFE70098E5
:10444000C088022805D0FFE701980099FFF74CFDCE
:1044500019E001990120C8600198D0F8A40230B198
:10446000FFE70199C86840F00200C860FFE70198C3
:1044700000F10C010222FFF777FD04E0019800999A
:10448000FFF732FDFFE702B080BD00000000000032
:1044900080B586B005900491039200208DF80B0042
:1044A000059808B9FFE74FE0059801900198FFF7DC
:1044B0008BFF0146022000EB4100B0F5007F04D9DC
:1044C000FFE74FF40070009008E00198FFF77CFFD1
:1044D0000146022000EB41000090FFE7009803999D
:1044E00008800398007804999DF80B2088549DF863
:1044F0000B0001308DF80B0004999DF80B20032070
:1045000088549DF80B0001308DF80B00FFE70198EF
:104510000078C8B1FFE70198007804999DF80B2056
:1045200088540198013001909DF80B0001308DF8FE
:104530000B0004999DF80B20002088549DF80B0077
:1045400001308DF80B00E2E706B080BD00000000EE
:1045500082B08DF8070000208DF806009DF8070056
:1045600001460091032814D80099DFE801F0020603
:104570000A0E00208DF806000FE003208DF80600DB
:104580000BE001208DF8060007E003208DF80600FF
:1045900003E003208DF80600FFE79DF8060002B057
:1045A000704700000000000080B582B08DF8070061
:1045B00000919DF8070060B9FFE7009A45F272503C
:1045C000C0F6020041F28431C2F20041FFF760FF01
:1045D0000BE0009A45F27250C0F6020041F28431BD
:1045E000C2F20041FFF754FFFFE741F28430C2F20C
:1045F000004002B080BD000082B08DF8070000913D
:1046000000991220088040F27810C2F2004002B0F7
:10461000704700000000000080B582B08DF80700F0
:1046200000919DF8070060B9FFE7009A45F26450D9
:10463000C0F6020041F28431C2F20041FFF728FFC8
:104640000BE0009A45F26450C0F6020041F284315A
:10465000C2F20041FFF71CFFFFE741F28430C2F2D3
:10466000004002B080BD000082B08DF807000091CC
:1046700000990420088040F2A010C2F2004002B06D
:10468000704700000000000080B584B08DF80F0076
:104690000291029A45F27D50C0F6020041F2843147
:1046A000C2F200410191FFF7F3FE019804B080BD12
:1046B00080B582B08DF8070000919DF8070060B9C1
:1046C000FFE7009A45F29050C0F6020041F28431B3
:1046D000C2F20041FFF7DCFE0BE0009A45F2905079
:1046E000C0F6020041F28431C2F20041FFF7D0FE71
:1046F000FFE741F28430C2F2004002B080BD00000A
:1047000080B582B08DF80700009100991A200880CA
:10471000EDF7AEF840F2A410C2F2004002B080BD46
:1047200080B584B0029001918DF80320029820B9E1
:10473000FFE703208DF80F0023E002990020C1F865
:10474000B8020299C1F8C4020299C1F8D0020198D6
:1047500028B1FFE701980299C1F8B402FFE7029976
:10476000012081F89C029DF80300029908700298CC
:1047700000F02AFA8DF802009DF802008DF80F0073
:10478000FFE79DF80F0004B080BD000000000000AE
:1047900080B582B001908DF8031000208DF80200E2
:1047A0008DF801000198D0F8C8029DF80310F2F7C7
:1047B000A7F98DF802009DF80200FFF7C9FE8DF8F9
:1047C00001009DF8010002B080BD00000000000063
:1047D00080B582B001908DF8031000208DF80200A2
:1047E0008DF801000198D0F8C8029DF80310F2F787
:1047F00033F98DF802009DF80200FFF7A9FE8DF84D
:1048000001009DF8010002B080BD00000000000022
:1048100080B588B006908DF8171004929DF81700A7
:10482000002874D1FFE70698143003900698D0F85A
:10483000940202285DD1FFE703998868C96888421D
:1048400012D9FFE703998868CA68801A88600698B9
:104850000499039A9268FFF737FB069800231946DC
:104860001A4600F0BDFA43E003988168C0688842A8
:104870001ED1FFE703994868C968884218D3FFE74B
:10488000039840680699D1F89812884210D2FFE741
:104890000698002201921146FFF716FB019B06982D
:1048A000C0F89832069819461A4600F099FA1EE0A8
:1048B000069890F89C02032811D1FFE70698D0F8DB
:1048C000B802C06850B1FFE706990020C1F8D402D1
:1048D0000698D0F8B812C9688847FFE7FFE706983E
:1048E000802100F09DFB0698FFF72AFBFFE7FFE71A
:1048F000FFE7069890F8A00240B1FFE7069800F0A5
:1049000077FC0699002081F8A002FFE740E00698B6
:104910009DF8171041F08001FFF7B6FA8DF80A00F4
:104920009DF80A00FF2832D0FFE79DF80A0070BB0F
:10493000FFE7069890F89C02032827D1FFE7069826
:104940009DF80A1000EB8100D0F8B8024069E0B190
:10495000FFE79DF80A000699C1F8D40206989DF871
:104960000A1000EB8101D1F8B8124A699DF81710BE
:1049700090478DF80B009DF80B0028B1FFE79DF8DC
:104980000B008DF81F0007E0FFE7FFE7FFE7FFE7F9
:1049900000208DF81F00FFE79DF81F0008B080BDC4
:1049A00080B58AB008908DF81F10069200208DF80F
:1049B00013009DF81F00002840F08280FFE7089850
:1049C00000F5AA7005900898D0F89402032876D1D3
:1049D000FFE705998868C96888421DD9FFE70599EE
:1049E0008868CA68801A88600898029006980390C0
:1049F00005998868C968884204D2FFE705988068ED
:104A0000019003E00598C0680190FFE703990298C0
:104A1000019AFFF749FA51E0089890F8AA0200F0CD
:104A20001F000146009140B1FFE70098012808D01F
:104A3000FFE7009802280CD013E000208DF8120048
:104A400013E0089890F8AE12FFF726FA8DF81200DE
:104A50000BE0089890F8AE12FFF716FA8DF81200E6
:104A600003E000208DF81200FFE79DF8120008BB5C
:104A7000FFE7089890F89C0203281AD1FFE70898EE
:104A80009DF8121000EB8100D0F8B802006978B1EF
:104A9000FFE79DF812000899C1F8D40208989DF824
:104AA000121000EB8101D1F8B81209698847FFE7BD
:104AB000FFE7FFE70898FFF773FAFFE7FFE740E03B
:104AC00008989DF81F1001F07F01FFF7DDF98DF8C0
:104AD00012009DF81200FF2832D0FFE79DF8120067
:104AE00070BBFFE7089890F89C0203281ED1FFE7EF
:104AF00008989DF8121000EB8100D0F8B802806988
:104B000098B1FFE79DF812000899C1F8D4020898FF
:104B10009DF8121000EB8101D1F8B8128A699DF856
:104B20001F1090478DF81300FFE7FFE79DF8130073
:104B300028B1FFE79DF813008DF8270005E0FFE797
:104B4000FFE700208DF82700FFE79DF827000AB057
:104B500080BD00000000000081B00090002001B086
:104B6000704700000000000080B582B00190002076
:104B70008DF803000199012081F89C020198D0F87A
:104B8000B80268B1FFE70198D0F8B8124A68017915
:104B9000904720B1FFE703208DF80300FFE7FFE710
:104BA0009DF8030002B080BD80B582B001908DF801
:104BB00003100198D0F8C8029DF80310F2F704F82A
:104BC00002B080BD0000000080B584B0039003985F
:104BD0000078012838D1FFE7039945F2D060C2F28E
:104BE00000400290C0F8E0140399C1F8C802002107
:104BF000C4F204010160092101710222C271002185
:104C0000817142728172C17201738173C1730174C7
:104C1000F2F7AEFD18B1FFE7ECF74AFCFFE745F20B
:104C2000D060C2F20040019080210091F1F748FE6F
:104C3000009A01980021F1F74FFE019801214FF4ED
:104C4000BA72F1F749FEFFE7002004B080BD000012
:104C500084B002908DF807100298D0F8C802009036
:104C60009DF80700000600280DD5FFE700989DF885
:104C7000071001F07F0101EBC10100EB8100807D95
:104C80008DF80F000DE000989DF8071001F07F01EE
:104C900001EBC10100EB810090F856028DF80F0086
:104CA000FFE79DF80F0004B070470000000000000F
:104CB00080B584B002908DF807100298D0F8D41215
:104CC00000EB8100D0F8B80220B9FFE703208DF88F
:104CD0000F0020E0029890F89C02032817D1FFE70C
:104CE0000298D0F8D41200EB8100D0F8B802006A24
:104CF00060B1FFE70298D0F8D41200EB8101D1F83F
:104D0000B8120A6A9DF807109047FFE7FFE70020F6
:104D10008DF80F00FFE79DF80F0004B080BD000084
:104D200080B584B002908DF807100298D0F8D412A4
:104D300000EB8100D0F8B80220B9FFE703208DF81E
:104D40000F0020E0029890F89C02032817D1FFE79B
:104D50000298D0F8D41200EB8100D0F8B802406A73
:104D600060B1FFE70298D0F8D41200EB8101D1F8CE
:104D7000B8124A6A9DF807109047FFE7FFE7002046
:104D80008DF80F00FFE79DF80F0004B080BD000014
:104D900080B584B003908DF80B108DF80A20ADF823
:104DA000083000208DF807008DF806000398D0F831
:104DB000C8029DF80B10BDF808209DF80A30F1F7E5
:104DC00017FF8DF807009DF80700FFF7C1FB8DF86E
:104DD00006009DF8060004B080BD00000000000041
:104DE00080B586B005908DF81310039202930020D1
:104DF0008DF807008DF806000598D0F8C8029DF8D8
:104E00001310039A029BF1F76BFF8DF807009DF8D2
:104E10000700FFF79DFB8DF806009DF8060006B021
:104E200080BD00000000000080B586B00590002025
:104E30008DF81300059A012182F89C120599C1F89A
:104E40009402059948600599C1F8A402059981F872
:104E5000A0020598D0F8B802A0B1FFE70598D0F8F5
:104E6000B802406868B1FFE70598D0F8B8124A6800
:104E70000179904720B1FFE703208DF81300FFE789
:104E8000FFE7FFE7059800220192402303931146B4
:104E9000FFF77EFF019A039B059901200290A1F87C
:104EA00064010598C0F8603105988021FFF770FF14
:104EB00002990398059A9184059908629DF8130058
:104EC00006B080BD0000000081B00090009890F80E
:104ED0009C02042807D1FFE7009890F89D020099F2
:104EE00081F89C02FFE7002001B07047000000003D
:104EF00080B582B00190019890F89C02032813D1EC
:104F0000FFE70198D0F8B80268B1FFE70198D0F840
:104F1000B802C06930B1FFE70198D0F8B812C9698A
:104F20008847FFE7FFE7FFE7002002B080BD0000F1
:104F300082B001908DF803109DF803000199087468
:104F4000002002B07047000080B582B001908DF85B
:104F5000031000208DF802008DF801000198D0F8B0
:104F6000C8029DF80310F2F7A3FD8DF802009DF82A
:104F70000200FFF7EDFA8DF801009DF8010002B084
:104F800080BD00000000000080B584B00390029155
:104F9000039800F2AA20029900F0BAF803990120C0
:104FA000C1F894020399B1F8B002C1F898020398CD
:104FB00090F8AA0200F01F000146009140B1FFE7FF
:104FC000009801280CD0FFE70098022810D017E0C5
:104FD000039800F2AA2100F067FA8DF8070019E0A3
:104FE000039800F2AA2100F09FFC8DF8070011E061
:104FF000039800F2AA2100F0BFFA8DF8070009E03B
:10500000039890F8AA1201F0800100F009F88DF8D9
:105010000700FFE79DF8070004B080BD0000000016
:1050200080B582B001908DF8031000208DF8020049
:105030008DF801000198D0F8C8029DF80310F1F72F
:1050400087FE8DF802009DF80200FFF781FA8DF8C7
:1050500001009DF8010002B080BD000000000000CA
:1050600080B582B0019000208DF803008DF8020019
:105070000198D0F8C802F2F757FD8DF803009DF8AB
:105080000300FFF765FA8DF802009DF8020002B0F8
:1050900080BD00000000000081B00090009890F8F2
:1050A0009C02042807D0FFE7009890F89C02009922
:1050B00081F89D02FFE70099042081F89C020020FE
:1050C00001B070470000000080B586B005908DF8F3
:1050D00013100392029300208DF807008DF806004C
:1050E0000598D0F8C8029DF81310039A029BF1F7B7
:1050F0009FFE8DF807009DF80700FFF729FA8DF84D
:1051000006009DF8060006B080BD0000000000000B
:1051100080B584B0039002910298019001980078C4
:105120000399087001980130019001980078039963
:1051300048700198013001900198FBF79DFD03999B
:105140004880019801300190019801300190019848
:10515000FBF792FD03998880019801300190019836
:10516000013001900198FBF787FD0399C88004B0D6
:1051700080BD00000000000080B584B00290019165
:105180000020ADF80200019820B9FFE703208DF858
:105190000F0026E001980299C1F8B8020298D0F8F1
:1051A000D41200EB8100D0F8B802C06A78B1FFE7F2
:1051B0000298D0F8D41200EB8100D0F8B802C16A8E
:1051C0000DF1020088470299C1F8D002FFE7029969
:1051D000D1F8D8020130C1F8D80200208DF80F00B4
:1051E000FFE79DF80F0004B080BD00000000000044
:1051F00081B00090002001B0704700000000000066
:1052000080B584B00390029102988088B8BBFFE714
:105210000298C08898BBFFE7029840887F282ED864
:10522000FFE70298807800F07F008DF80700039870
:1052300090F89C02032805D1FFE703980299FEF736
:1052400053FE1BE09DF80700039981F89E02039826
:105250009DF80710FFF778FE0398FEF7A1FE9DF872
:10526000070028B1FFE70399022081F89C0204E0BF
:105270000399012081F89C02FFE7FFE704E003980F
:105280000299FEF731FEFFE704B080BD0000000088
:1052900080B582B001908DF8031000208DF80200D7
:1052A0000198D0F8B80250B1FFE70198D0F8B812D1
:1052B0000A689DF8031090478DF80200FFE79DF8FB
:1052C000020002B080BD000080B586B0049003915A
:1052D00000208DF80B000398817841F28030C2F2F3
:1052E000004001700078022808D3FFE70498039972
:1052F000FEF7FAFD03208DF81700A0E0049890F85F
:105300009C0201460191022804D0FFE7019803287E
:105310002FD07FE041F28030C2F20040007818B315
:10532000FFE741F28031C2F200410878049A5060F0
:1053300004980978FFF7ACFF8DF80B009DF80B007F
:1053400048B1FFE704980399FEF7CEFD04990220C7
:1053500081F89C0207E00498FEF722FE04990320DE
:1053600081F89C02FFE703E00498FEF719FEFFE7CF
:1053700060E041F28030C2F20040007898B9FFE767
:105380000499022081F89C0241F28031C2F200416E
:105390000878049A506004980978FEF739FD04985B
:1053A000FEF7FEFD35E041F28030C2F200400078A9
:1053B00004994968884227D0FFE704980179FEF7ED
:1053C00027FD41F28031C2F200410878049A506012
:1053D00004980978FFF75CFF8DF80B009DF80B002F
:1053E00068B1FFE704980399FEF77EFD0498017900
:1053F000FEF70EFD0499022081F89C0203E0049858
:10540000FEF7CEFDFFE703E00498FEF7C9FDFFE7D6
:10541000FFE70FE004980399FEF766FD049841F258
:105420008031C2F200410978FEF7F2FC03208DF8CA
:105430000B00FFE79DF80B008DF81700FFE79DF8C4
:10544000170006B080BD000080B582B001900091C9
:1054500000984088012808D1FFE701990120C1F890
:10546000A4020198FEF79CFD13E0009840880228F2
:1054700009D1FFE700984079019981F8A0020198CD
:10548000FEF78EFD04E001980099FEF72DFDFFE781
:10549000FFE702B080BD000080B582B001900198A6
:1054A000FFF7DEFD02B080BD80B586B005900491A7
:1054B00000208DF80F000498007800F0600001468D
:1054C0000291A8B1FFE70298202804D0FFE70298D4
:1054D000402846D1FFE70598D0F8D41200EB8101AF
:1054E000D1F8B8128A68049990478DF80F003DE012
:1054F000049840780146019109282CD80199DFE8E9
:1055000001F01B252A202A0A052A160F059804995E
:10551000FEF78EFD24E005980499FFF771FE1FE069
:1055200005980499FFF7D0FE8DF80F0018E0059854
:105530000499FEF749FD13E005980499FEF774FFFE
:105540000EE005980499FFF77FFF09E0059804999C
:10555000FEF77AFC04E005980499FEF7C5FCFFE726
:1055600004E005980499FEF7BFFCFFE79DF80F00E3
:1055700006B080BD0000000080B58CB00B900A9191
:1055800000208DF821000A9880888DF823000A9861
:10559000007800F0600001460791B8B3FFE7079874
:1055A000202805D0FFE70798402840F0B281FFE7A8
:1055B0000B989DF82310FEF767FC8DF822009DF8EC
:1055C0002200FF2821D0FFE79DF82200E8B9FFE77D
:1055D0009DF822000B99C1F8D4020B989DF8221077
:1055E00000EB8100D0F8B802806868B1FFE70B9843
:1055F0009DF8221000EB8101D1F8B8128A680A994F
:1056000090478DF82100FFE7FFE787E10A9840788F
:1056100001460691002800F0BD80FFE706980128AA
:105620004CD0FFE70698032840F06D81FFE70B9808
:1056300090F89C0201460591022804D0FFE70598E6
:10564000032819D034E09DF8230078B1FFE79DF8D6
:10565000230080280AD0FFE70B989DF82310FFF75E
:10566000DFFC0B988021FFF7DBFC04E00B980A9924
:10567000FEF73AFCFFE720E00A984088A0B9FFE770
:105680009DF8230078B1FFE79DF8230080280AD019
:10569000FFE70A98C08830B9FFE70B989DF8231000
:1056A000FFF7BEFCFFE7FFE70B98FEF779FC04E08D
:1056B0000B980A99FEF718FCFFE729E10B9890F880
:1056C0009C0201460491022804D0FFE704980328B5
:1056D00019D059E09DF8230078B1FFE79DF8230029
:1056E00080280AD0FFE70B989DF82310FFF798FC5D
:1056F0000B988021FFF794FC04E00B980A99FEF7C1
:10570000F3FBFFE745E00A984088E0BBFFE79DF820
:105710002300400630B1FFE70B989DF82310FFF7F8
:1057200037F8FFE70B98FEF73BFC0B989DF823102A
:10573000FEF7AAFB8DF822009DF82200FF2821D059
:10574000FFE79DF82200E8B9FFE79DF822000B99DA
:10575000C1F8D4020B989DF8221000EB8100D0F81C
:10576000B802806868B1FFE70B989DF8221000EB43
:105770008101D1F8B8128A680A9990478DF8210002
:10578000FFE7FFE7FFE704E00B980A99FEF7ACFBA1
:10579000FFE7BDE00B9890F89C02014603910228B8
:1057A00004D0FFE70398032838D0A6E09DF8230033
:1057B00050B1FFE79DF82300802805D0FFE70B9844
:1057C0000A99FEF791FB9DE09DF823000006002852
:1057D0000CD5FFE70B989DF8231001F07F0101EB3A
:1057E000810100EB8100143002900CE00B989DF8D1
:1057F000231001F07F0101EB810100EB810000F536
:10580000AA700290FFE702980990099900200860A9
:105810000B9809990222FEF7A7FB73E09DF823007D
:105820000006002812D5FFE70B989DF8231001F021
:105830000F0101EB810100EB8100808C28B9FFE7AB
:105840000B980A99FEF750FB5CE012E00B989DF86C
:10585000231001F00F0101EB810100EB8100B0F892
:10586000640128B9FFE70B980A99FEF73DFB49E070
:10587000FFE79DF82300000600280CD5FFE70B98F2
:105880009DF8231001F07F0101EB810100EB810005
:10589000143001900CE00B989DF8231001F07F016B
:1058A00001EB810100EB810000F5AA700190FFE798
:1058B000019809909DF8230028B1FFE79DF8230087
:1058C000802804D1FFE70999002008600FE00B98B9
:1058D0009DF82310FFF7BCF920B1FFE709990120DB
:1058E000086003E0099900200860FFE7FFE70B98D4
:1058F00009990222FEF738FB04E00B980A99FEF79B
:10590000F3FAFFE704E00B980A99FEF7EDFAFFE7D8
:1059100004E00B980A99FEF7E7FAFFE79DF82100EB
:105920000CB080BD0000000080B584B003900291EF
:1059300000208DF807000298007800F06000014612
:10594000009140B1FFE70098202804D0FFE70098BD
:1059500040285AD1FFE7039890F89C0201380228AA
:105960004DD8FFE702980079012842D8FFE7039855
:1059700002990979FEF790FA8DF806009DF8060065
:10598000FF2825D0FFE79DF8060008BBFFE7039836
:105990009DF8061000EB8100D0F8B802806890B145
:1059A000FFE79DF806000399C1F8D40203989DF81B
:1059B000061000EB8101D1F8B8128A68029990476D
:1059C0008DF8070003E003208DF80700FFE703E0F0
:1059D00003208DF80700FFE70298C08840B9FFE771
:1059E0009DF8070020B9FFE70398FEF7D9FAFFE713
:1059F00004E003980299FEF777FAFFE704E00398C2
:105A00000299FEF771FAFFE704E003980299FEF7A6
:105A10006BFAFFE79DF8070004B080BD00000000AE
:105A200081B0009001B0704781B0009041F2845085
:105A3000C2F2004001B0704784B003900291039815
:105A4000019002980078009002984078012830D1A7
:105A5000FFE70298007800F00F01012000FA01F240
:105A60000199D1F81C081043C1F81C08019800994D
:105A700000EB4110D0F800090004002818D4FFE71B
:105A8000029988686FF3DF20097940EA8140009A23
:105A900040EA8250019901EB4211D1F800291043EC
:105AA00048F20002C1F200021043C1F80009FFE70A
:105AB0002EE00298007800F00F01012000FA01F2B8
:105AC0000199D1F81C0840EA0240C1F81C0801986D
:105AD000009900EB4110D0F8000B0004002816D408
:105AE000FFE7029988686FF3DF20097940EA814077
:105AF0000199009A01EB4211D1F8002B104348F2B2
:105B00000002C1F200021043C1F8000BFFE7FFE7FB
:105B1000002004B07047000082B00190019800900E
:105B20000099D1F8000940F2FF729043C1F80009D2
:105B30000099D1F8040840F48070C1F804080020EE
:105B400002B070470000000080B58AB0DDF830C0B8
:105B5000CDF814C00493039202919DF814108DF8AF
:105B600024100299039A049B0893079206910190CE
:105B70009DF81D00012823D1FFE70199886B20F4CF
:105B8000803088630199C8684FF6BF72CFF6BD7246
:105B90001040C8600199C86820F44010C8609DF8A2
:105BA0002400012806D1FFE70199C86840F480105D
:105BB000C860FFE7019800F03FF88DF803001AE095
:105BC0000199C86840F04000C860019800F034F8BE
:105BD0008DF803009DF8210030B9FFE70199886B2B
:105BE00040F48030886305E00199886B20F48030B0
:105BF0008863FFE7FFE79DF81A00012816D1FFE749
:105C00000199C86D80B2C8650199C86D0022C0F2C3
:105C1000EE321043C8650199886840F0060088603C
:105C20000199886840F020008860FFE79DF8030034
:105C30000AB080BD0000000083B0019000200090F9
:105C4000FFE70098013000900098B0F1706F04D920
:105C5000FFE703208DF80B0026E0FFE701980069BD
:105C6000C00F0028EDD0FFE70020009001990869DF
:105C700040F001000861FFE70098013000900098B3
:105C8000B0F1706F04D9FFE703208DF80B000BE033
:105C9000FFE70198006900F001000128ECD0FFE760
:105CA00000208DF80B00FFE79DF80B0003B0704754
:105CB00084B00390029103980190029800780090BC
:105CC00002984078012845D1FFE70198009900EB40
:105CD0004110D0F80009C00FA8B1FFE70198009962
:105CE00000EB4111D1F8000940F00060C1F8000953
:105CF0000198009900EB4111D1F8000940F0804073
:105D0000C1F80009FFE70298007800F00F010120B8
:105D100000FA01F3019AD2F83C189943C2F83C18F2
:105D20000299097801F00F0100FA01F20199D1F806
:105D30001C089043C1F81C080198009900EB411120
:105D4000D1F8000947F60002CEF633421040C1F800
:105D5000000946E00198009900EB4110D0F8000BD3
:105D6000C00FA8B1FFE70198009900EB4111D1F8ED
:105D7000000B40F00060C1F8000B0198009900EBA7
:105D80004111D1F8000B40F08040C1F8000BFFE753
:105D90000298007800F00F01012000FA01F3019A47
:105DA000D2F83C1821EA0341C2F83C18029909785C
:105DB00001F00F0100FA01F20199D1F81C0820EA64
:105DC0000240C1F81C080198009900EB4111D1F87C
:105DD000000B47F60002CEF6F3721040C1F8000B3C
:105DE000FFE7002004B0704782B001900198009056
:105DF0000099D1F8000E20F00300C1F8000E0099C0
:105E0000D1F8040820F00200C1F80408002002B014
:105E1000704700000000000082B0019001980090DF
:105E20000099D1F8000E20F00300C1F8000E00998F
:105E3000D1F8040840F00200C1F80408002002B0C4
:105E4000704700000000000080B58CB0DDF838C05D
:105E5000CDF81CC00693059204919DF81C108DF896
:105E60002C100499059A069B0A93099208910390B5
:105E700000208DF80B00039901910090FFE7009836
:105E80000E280CD8FFE70398009900EB8101002051
:105E9000C1F80401FFE7009801300090EFE79DF89A
:105EA0002A00B8B9FFE70199D1F8040840F00200D0
:105EB000C1F804080399886B20F4001088630399E3
:105EC000086840F0400008600399086840F08000CE
:105ED000086005E00399886B40F400108863FFE7D1
:105EE00001990020C1F8000E9DF8250001280FD16E
:105EF000FFE79DF8230028B9FFE70398002100F091
:105F00008FFE04E00398012100F08AFEFFE704E021
:105F10000398032100F084FEFFE70398102100F0AE
:105F2000AFFC20B1FFE701208DF80B00FFE70398DD
:105F300000F06AFC20B1FFE701208DF80B00FFE7BD
:105F400001990020C1F810080199C1F814080199BD
:105F5000C1F81C080090FFE700989DF820108842C7
:105F60003BD2FFE70198009900EB4110D0F80009FF
:105F7000C00FB0B1FFE7009848B9FFE7019800995A
:105F800000EB41114FF00060C1F8000908E00198F2
:105F9000009900EB41114FF09040C1F80009FFE774
:105FA00007E00198009900EB41110020C1F80009B9
:105FB000FFE70198009900EB41110020C1F810099A
:105FC0000198009900EB41114FF67F30C1F80809A4
:105FD000FFE7009801300090BEE700200090FFE747
:105FE00000989DF8201088423BD2FFE70198009965
:105FF00000EB4110D0F8000BC00FB0B1FFE70098E4
:1060000048B9FFE70198009900EB41114FF000609B
:10601000C1F8000B08E00198009900EB41114FF026
:106020009040C1F8000BFFE707E00198009900EBF2
:1060300041110020C1F8000BFFE70198009900EB27
:1060400041110020C1F8100B0198009900EB41119B
:106050004FF67F30C1F8080BFFE700980130009041
:10606000BEE70199D1F8100820F48070C1F810083B
:1060700003990020886103996FF0804048619DF882
:10608000220030B9FFE70399886940F01000886169
:10609000FFE70399886943F60002C8F23C02104307
:1060A00088619DF8260030B1FFE70399886940F0C8
:1060B00008008861FFE79DF82A00012808D1FFE762
:1060C000039988690422C4F2000210438861FFE743
:1060D0009DF80B000CB080BD81B0009000998868DD
:1060E00020F001008860002001B07047000000002F
:1060F00086B004908DF80F100292049801900498D5
:10610000006C0090009843F20B01C4F65471884271
:106110000BD3FFE70198D0F8000BC00F20B1FFE7C9
:1061200000208DF817002EE0FFE701990020C1F84C
:10613000100B0199D1F8100B40F40020C1F8100B9E
:106140000199D1F8100B40F01800C1F8100B01991B
:10615000D1F8100B40F0C040C1F8100B9DF80F00B3
:1061600001280CD1FFE702980199C1F8140B01999D
:10617000D1F8000B40F08020C1F8000BFFE70020B1
:106180008DF81700FFE79DF8170006B07047000074
:1061900084B00390029103980190029800780090D7
:1061A00002984078012820D1FFE70198009900EB80
:1061B0004111D1F8000920F40010C1F8000902983B
:1061C0000079032805D0FFE70298007902280BD157
:1061D000FFE70198009900EB4111D1F8000940F068
:1061E0008050C1F80009FFE71FE00198009900EB1B
:1061F0004111D1F8000B20F40010C1F8000B0298F7
:106200000079032805D0FFE70298007902280BD116
:10621000FFE70198009900EB4111D1F8000B40F025
:106220008050C1F8000BFFE7FFE7002004B0704783
:1062300084B0039002910398019002980078009036
:1062400002984078012822D1FFE70198009900EBDD
:106250004110D0F80009C00F70B9FFE7009858B19D
:10626000FFE70198009900EB4111D1F8000920F0F7
:106270008040C1F80009FFE70198009900EB411147
:10628000D1F8000940F40010C1F8000921E001989C
:10629000009900EB4110D0F8000BC00F70B9FFE778
:1062A000009858B1FFE70198009900EB4111D1F82F
:1062B000000B20F08040C1F8000BFFE70198009927
:1062C00000EB4111D1F8000B40F40010C1F8000BB5
:1062D000FFE7002004B0704780B588B007900691B2
:1062E0008DF8172007980490069800780390069878
:1062F0004078012840F02481FFE706980069F8B94A
:10630000FFE70498039900EB4111D1F810096FF3EE
:10631000DC40C1F810090498039900EB4111D1F851
:10632000100940F40020C1F810090498039900EB0B
:106330004111D1F810096FF31200C1F8100971E092
:106340000498039900EB4111D1F810096FF3120082
:10635000C1F810090498039900EB4111D1F8100914
:106360006FF3DC40C1F810090398A8B9FFE706985D
:1063700081680069884204D9FFE706998868086146
:10638000FFE70498039900EB4111D1F8100940F49C
:106390000020C1F8100937E00698816800690844B8
:1063A0000138B0FBF1F0ADF80A00BDF80A1000208A
:1063B000C1F6F87000EAC1420498039900EB41115C
:1063C000D1F810091043C1F8100906980079012886
:1063D00019D1FFE70498039900EB4111D1F8100996
:1063E00020F0C040C1F81009BDF80A0000F0030217
:1063F0000498039900EB4111D1F8100940EA42706A
:10640000C1F81009FFE7FFE7069802696FF3DF4262
:106410000498039900EB4111D1F810091043C1F819
:106420001009FFE79DF8170001283BD1FFE7069808
:10643000C06948B1FFE70698C0690499039A01EB67
:106440004211C1F81409FFE70698007901281ED10E
:10645000FFE70498D0F80808C00500280BD4FFE730
:106460000498039900EB4111D1F8000940F0005065
:10647000C1F800090AE00498039900EB4111D1F832
:10648000000940F08050C1F80009FFE7FFE70498D9
:10649000039900EB4111D1F8000940F00440C1F824
:1064A00000094CE00498039900EB4111D1F8000970
:1064B00040F00440C1F8000906980079012813D083
:1064C000FFE70698006970B1FFE70698007800F0D2
:1064D0000F01012000FA01F20499D1F834081043A9
:1064E000C1F83408FFE729E00498D0F80808C0058F
:1064F00000280BD4FFE70498039900EB4111D1F871
:10650000000940F00050C1F800090AE0049803991E
:1065100000EB4111D1F8000940F08050C1F80009AA
:10652000FFE70798069BD9681A781B8A9DF817C061
:10653000EE46CEF800C000F067FCFFE7FFE7C4E0DE
:106540000498039900EB4111D1F8100B6FF312007E
:10655000C1F8100B0498039900EB4111D1F8100B0E
:106560006FF3DC40C1F8100B039818BBFFE70698E7
:10657000006920B1FFE7069988680861FFE706997E
:10658000886808620698026A6FF3DF4204980399EC
:1065900000EB4111D1F8100B1043C1F8100B049817
:1065A000039900EB4111D1F8100B40F40020C1F821
:1065B000100B49E006980069C0B9FFE706988268A9
:1065C0006FF3DF420498039900EB4111D1F8100BEF
:1065D0001043C1F8100B0498039900EB4111D1F856
:1065E000100B40F40020C1F8100B2CE006988168D5
:1065F000006908440138B0FBF1F0ADF80A000699D3
:106600008868BDF80A2050430862BDF80A100020CF
:10661000C1F6F87000EAC1420498039900EB4111F9
:10662000D1F8100B1043C1F8100B0698026A6FF3F3
:10663000DF420498039900EB4111D1F8100B10438D
:10664000C1F8100BFFE7FFE79DF8170001280ED1F6
:10665000FFE70698C06848B1FFE70698C06804994C
:10666000039A01EB4211C1F8140BFFE7FFE706980C
:10667000007901281ED1FFE70498D0F80808C0056A
:1066800000280BD4FFE70498039900EB4111D1F8DF
:10669000000B40F00050C1F8000B0AE00498039989
:1066A00000EB4111D1F8000B40F08050C1F8000B15
:1066B000FFE7FFE70498039900EB4111D1F8000BC5
:1066C00040F00440C1F8000BFFE7002008B080BD97
:1066D00085B004900391002002908DF80700049883
:1066E00000900398407801283ED1FFE70098039975
:1066F000097800EB4110D0F80009C00F98B3FFE70C
:1067000000980399097800EB4111D1F8000940F095
:106710000060C1F8000900980399097800EB411165
:10672000D1F8000940F08040C1F80009FFE7029865
:1067300001300290029842F21171884204D3FFE7BF
:1067400001208DF807000DE0FFE700980399097814
:1067500000EB4110D0F8000900F00040B0F1004F0C
:10676000E5D0FFE7FFE73DE000980399097800EBEB
:106770004110D0F8000BC00F98B3FFE700980399C1
:10678000097800EB4111D1F8000B40F00060C1F82E
:10679000000B00980399097800EB4111D1F8000B28
:1067A00040F08040C1F8000BFFE7029801300290F2
:1067B000029842F21171884204D3FFE701208DF85C
:1067C00007000DE0FFE700980399097800EB4110FE
:1067D000D0F8000B00F00040B0F1004FE5D0FFE72B
:1067E000FFE7FFE79DF8070005B0704700000000D5
:1067F00081B000900099886840F001008860002016
:1068000001B070470000000083B0019000200090AC
:10681000FFE70098013000900098B0F1706F04D944
:10682000FFE703208DF80B0024E0FFE701980069E3
:10683000C00F0028EDD0FFE7002000900199102044
:106840000861FFE70098013000900098B0F1706F88
:1068500004D9FFE703208DF80B000BE0FFE7019858
:10686000006900F010001028ECD0FFE700208DF840
:106870000B00FFE79DF80B0003B07047000000001D
:1068800084B00290019100200090FFE70098013051
:1068900000900098B0F1706F04D9FFE703208DF8E5
:1068A0000F0026E0FFE702980069C00F0028EDD036
:1068B000FFE70020009001988001203002990861D4
:1068C000FFE70098013000900098B0F1706F04D994
:1068D000FFE703208DF80F000BE0FFE70298006947
:1068E00000F020002028ECD0FFE700208DF80F00FA
:1068F000FFE79DF80F0004B07047000000000000A3
:1069000084B00390039802900298D0F8080800F031
:1069100006000090009820B9FFE700208DF80700DE
:1069200010E00098022804D0FFE70098062804D160
:10693000FFE702208DF8070003E00F208DF8070025
:10694000FFE7FFE79DF8070004B070470000000074
:1069500081B000900098406900F0010001B07047DC
:1069600083B00290029801900198D0F81808009026
:106970000198D0F81C18009808400090BDF800005D
:1069800003B070470000000083B0029002980190AD
:106990000198D0F8180800900198D0F81C180098B9
:1069A00008400090BDF8020003B0704700000000EE
:1069B00086B005908DF81310059803900398D0F8D1
:1069C000100801900398D0F83408009000989DF8C2
:1069D000131001F00F01C84000F00101019840EAD6
:1069E000C110019003989DF8131000EB4110D0F8EE
:1069F0000809019908400290029806B0704700000B
:106A000084B003908DF80B100398019001989DF8C5
:106A10000B1000EB4110D0F8080B00900198D0F853
:106A20001418009808400090009804B070470000C7
:106A300082B00190019840690090019881690098A6
:106A400008400090009802B070470000000000006D
:106A500089B008900791ADF81A200898059007981A
:106A60000490BDF81A0080080190BDF81A0000F0EB
:106A70000300ADF8020000200290FFE702980199A0
:106A8000884217D2FFE705984FF480514058049987
:106A90000860049801300490049801300490049830
:106AA00001300490049801300490FFE7029801300F
:106AB0000290E3E7BDF8020008B3FFE70020029070
:106AC00005984FF4805140580390FFE703989DF8D4
:106AD0000810C900C840049908700298013002905B
:106AE000049801300490BDF802000138ADF80200AE
:106AF000FFE7BDF802000028E8D1FFE7FFE70498B0
:106B000009B070470000000080B586B004908DF891
:106B10000F10002002900499C86820F0C040C8609F
:106B20009DF80F00012823D1FFE70499C86840F0C1
:106B30000050C860FFE70A20EDF7FAFF02980A301C
:106B40000290FFE70498FFF703FF014600200129A8
:106B5000019007D0FFE702990020C82938BF012023
:106B60000190FFE70198C0070028E4D1FFE72AE081
:106B70009DF80F0010BBFFE70499C86840F0804003
:106B8000C860FFE70A20EDF7D3FF02980A300290B1
:106B9000FFE70498FFF7DCFE01460020009039B1C2
:106BA000FFE702990020C82938BF01200090FFE7C5
:106BB0000098C0070028E5D1FFE703E001208DF829
:106BC00017000CE0FFE70298C82804D1FFE7012076
:106BD0008DF8170003E000208DF81700FFE79DF8FF
:106BE000170006B080BD000083B002908DF807103A
:106BF000029800900099D1F8000820F4FE60C1F8D6
:106C000000089DF8070000F07F020099D1F8000805
:106C100040EA0210C1F80008002003B070470000ED
:106C200083B002908DF80710029800909DF807201D
:106C30000099D1F800081043C1F80008002003B003
:106C4000704700000000000084B0039002918DF8AE
:106C500007209DF80700022840F0B880FFE702985F
:106C60004AF6C041C0F2D80188420BD3FFE7029830
:106C70004EF2BF11C0F2E401884203D8FFE70F20B3
:106C80000090A2E002984EF2C011C0F2E4018842E6
:106C90000BD3FFE7029842F2FF31C0F2F4018842C1
:106CA00003D8FFE70E2000908EE0029842F20041E8
:106CB000C0F2F40188420BD3FFE7029847F27F311C
:106CC000C0F20611884203D8FFE70D2000907AE059
:106CD000029847F28031C0F2061188420BD3FFE7D9
:106CE000029844F69F11C0F21A11884203D8FFE7B8
:106CF0000C20009066E0029844F6A011C0F21A1130
:106D000088420BD3FFE7029842F6FF41C0F23111EF
:106D1000884203D8FFE70B20009052E0029842F629
:106D20000051C0F2311188420BD3FFE702984AF2BA
:106D30003F41C0F24C11884203D8FFE70A2000907F
:106D40003EE002984AF24041C0F24C1188420BD317
:106D5000FFE7029843F2FF51C0F26E11884203D858
:106D6000FFE7092000902AE0029843F20061C0F298
:106D70006E1188420BD3FFE702984AF61F31C0F22A
:106D8000A611884203D8FFE70820009016E0029879
:106D90004AF62031C0F2A61188420BD3FFE70298D1
:106DA00044F2FF71C0F2E811884203D8FFE70720E0
:106DB000009002E006200090FFE7FFE7FFE7FFE713
:106DC000FFE7FFE7FFE7FFE7FFE70AE09DF80700BF
:106DD00018B9FFE70920009002E009200090FFE7C2
:106DE000FFE70399C86820F47050C860009800F06D
:106DF0000F020399C86840EA8220C860002004B0EE
:106E0000704700000000000080B588B084460A98F2
:106E1000CDF81CC006918DF81720ADF814308DF810
:106E2000130007980390069802909DF8130048BB42
:106E3000FFE7BDF8140003308008019000200090A7
:106E4000FFE70098019988421BD2FFE7029800688B
:106E500003999DF8172001EB02314FF480528850BE
:106E6000029801300290029801300290029801309D
:106E70000290029801300290FFE7009801300090E4
:106E8000DFE7FFE7002008B080BD00000000000041
:106E9000FFE7FEE70000000080B50BF069FB80BD56
:106EA00080B50BF04DFB80BD80B584B0039041F2FE
:106EB0000400CEF20000006802900298039909686D
:106EC000401A00EE100AB8EE400A40F21840C2F232
:106ED000004090ED001AB8EE411A80EE010A8DEDE7
:106EE000010A02980399086000F062FE9DED010A14
:106EF00004B080BD0000000083B002908DED010A57
:106F0000CDED000A029890ED000A9DED011AB4EE55
:106F1000410AF1EE10FA04DAFFE7019802990860DD
:106F20000FE0029890ED000A9DED001AB4EE410AC0
:106F3000F1EE10FA04DDFFE7009802990860FFE720
:106F4000FFE703B07047000085B004908DF80F1084
:106F5000049845F2F041C2F2004188423FD1FFE778
:106F60009DF80F00013801460191072836D8019994
:106F7000DFE801F0040A10161C22282E40F25820E7
:106F8000C2F20040029029E040F26020C2F20040CC
:106F9000029023E040F26820C2F2004002901DE01F
:106FA00040F27020C2F20040029017E040F27820D8
:106FB000C2F20040029011E040F28020C2F2004094
:106FC00002900BE040F28820C2F20040029005E0FF
:106FD00040F29020C2F200400290FFE747E00498A0
:106FE00045F29051C2F2004188423FD1FFE79DF83F
:106FF0000F00013801460091072836D80099DFE8D4
:1070000001F0040A10161C22282E40F23030C2F281
:107010000040029029E040F23830C2F20040029075
:1070200023E040F24030C2F2004002901DE040F206
:107030004830C2F20040029017E040F25030C2F2F5
:107040000040029011E040F25830C2F2004002903D
:107050000BE040F26030C2F20040029005E040F2E6
:107060006830C2F200400290FFE7FFE7FFE70298B6
:1070700005B070470000000085B004908DF80F1037
:10708000049845F2F041C2F2004188423FD1FFE747
:107090009DF80F00013801460191072836D8019963
:1070A000DFE801F0040A10161C22282E40F200200E
:1070B000C2F20040029029E040F20820C2F20040F3
:1070C000029023E040F21020C2F2004002901DE046
:1070D00040F21820C2F20040029017E040F2202057
:1070E000C2F20040029011E040F22820C2F20040BB
:1070F00002900BE040F23020C2F20040029005E026
:1071000040F23820C2F200400290FFE747E00498C6
:1071100045F29051C2F2004188423FD1FFE79DF80D
:107120000F00013801460091072836D80099DFE8A2
:1071300001F0040A10161C22282E40F2D820C2F2B8
:107140000040029029E040F2E020C2F200400290AC
:1071500023E040F2E820C2F2004002901DE040F23D
:10716000F020C2F20040029017E040F2F820C2F294
:107170000040029011E040F20030C2F20040029064
:107180000BE040F20830C2F20040029005E040F20D
:107190001030C2F200400290FFE7FFE7FFE70298DD
:1071A00005B070470000000086B005908DF8131000
:1071B000059845F2F041C2F2004188425BD1FFE7F9
:1071C0009DF813000138014602910A2852D802990D
:1071D000DFE801F0060C131A21272E353C42490046
:1071E00040F24820C2F20040039043E040F24820C1
:1071F000C2F20040023003903CE040F24820C2F26C
:1072000000400430039035E040F24820C2F20040D4
:10721000063003902EE040F24020C2F2004003907E
:1072200028E040F24020C2F200400230039021E00A
:1072300040F24020C2F20040043003901AE040F2D5
:107240004020C2F200400630039013E040F250208C
:10725000C2F2004003900DE040F25020C2F2004024
:107260000230039006E040F25020C2F200400430A9
:107270000390FFE7C7E0059845F29051C2F2004144
:1072800088425BD1FFE79DF8130001380146019168
:107290000A2852D80199DFE801F0060C131A2127B9
:1072A0002E353C42490040F22030C2F200400390AB
:1072B00043E040F22030C2F20040023003903CE054
:1072C00040F22030C2F200400430039035E040F23A
:1072D0002030C2F20040063003902EE040F2183019
:1072E000C2F20040039028E040F21830C2F20040A1
:1072F0000230039021E040F21830C2F20040043026
:1073000003901AE040F21830C2F2004006300390B9
:1073100013E040F22830C2F2004003900DE040F24A
:107320002830C2F200400230039006E040F22830DC
:10733000C2F2004004300390FFE763E0059845F295
:107340003061C2F2004188425BD1FFE79DF8130033
:107350000138014600910A2852D80099DFE801F06F
:10736000060C131A21272E353C42490040F2D0303A
:10737000C2F20040039043E040F2D030C2F200403D
:10738000023003903CE040F2D030C2F200400430C2
:10739000039035E040F2D030C2F200400630039056
:1073A0002EE040F2C830C2F20040039028E040F2E4
:1073B000C830C2F200400230039021E040F2C830F1
:1073C000C2F20040043003901AE040F2C830C2F22A
:1073D00000400630039013E040F2D830C2F2004083
:1073E00003900DE040F2D830C2F20040023003902A
:1073F00006E040F2D830C2F2004004300390FFE7CC
:10740000FFE7FFE7FFE7039806B0704700000000C2
:1074100080B582B000F024F840F69800C2F2004037
:1074200090ED000AB8EE400A818801EE101AB8EE1D
:10743000C11A9FED092AA1EE020AC08801EE100AC6
:10744000B8EEC11A9FED052AA1EE020A8DED010AE0
:107450009DED010A02B080BD6F12833ABD378635BB
:10746000B0B586B000F0A4FB41F20400CEF20000FB
:107470000068059040F23440C2F20040016805986F
:10748000002302934FF0FF3C1A46E1FB0C0240F24E
:107490002841C2F2004100914A60086008684968CA
:1074A00040F21844C2F200442268E8F72FFF029B22
:1074B00002468C46009942F2B870C2F20040C0F811
:1074C00004C00260D1F800C04968D0F800E042680A
:1074D0002468AEFB04E502FB0452BCEB0E0C61EB2E
:1074E000020242F2C071C2F200410391C1F800C031
:1074F0004A60006840F69802C2F2004204921060AE
:107500000868496840F21C42C2F2004201921268C7
:10751000E8F7FCFEDDF804C0029B049A01460398DC
:107520009180016840689288DCF800C002FB0CF290
:107530008A1A60F1000042F2C871C2F200410A608A
:1075400048600868496840F22042C2F2004212686E
:10755000E8F7DCFE0499C88006B0B0BD000000006A
:1075600087B08DED060ACDED050A8DED041A039066
:1075700002919DED060A9DED052A30EE420A9DED31
:10758000041A31EE421A80EE010A8DED010A9DEDDA
:10759000011A02990398091A00EE101AB8EEC02ACF
:1075A00000EE100AB8EEC00AA1EE020ABDEEC00A53
:1075B0008DED000A009807B0704700000000000041
:1075C00087B00690059104928DED030ACDED020A75
:1075D00006980599401A00EE100AB8EEC00A049801
:1075E000401A01EE100AB8EEC11A80EE010A8DEDC4
:1075F000010A9DED011A9DED022A9DED030A32EE6E
:10760000402AA1EE020A8DED000A9DED000A07B0A6
:10761000704700000000000080B582B0FFF720FF37
:1076200040F69800C2F20040016883884FF47A72F5
:1076300001FB023100EE101AB8EE400AC08801EEDC
:10764000100AB8EEC11A9FED052AA1EE020A8DEDCF
:10765000010A9DED010A02B080BD00BF6F12833A9E
:1076600080B582B00190ADF80210019942F6700029
:10767000C2F2004041F2C832104401F08DFF01987F
:107680000078A9280CD1FFE701984078532807D14A
:10769000FFE742F67000C2F2004005F09DF8FFE7F8
:1076A00002B080BD0000000080B584B00390ADF84A
:1076B0000A10039942F67000C2F20040019041F2B4
:1076C0002C32104401F058FB019805F085F804B005
:1076D00080BD00000000000083B002900191ADF871
:1076E000022003B07047000080B582B046F2E80087
:1076F000C2F20040FFF7D8FB46F2E400C2F20040BD
:107700000168013101600068B0F5FA6F07D9FFE741
:1077100046F20411C2F2004101200870FFE742F670
:107720007000C2F2004005F05FFC46F20410C2F2A5
:1077300000400078C007002847D0FFE742F67000FD
:10774000C2F20040019042F2B821084408F0BCFFA8
:10775000019842F21031084409F0EEF842F2D0707C
:10776000C2F20040016801310160006802280DD1B9
:10777000FFE742F67000C2F2004005F0C1FB42F2A2
:10778000D071C2F2004100200860FFE7F9F7BCFCAD
:1077900042F2D470C2F20040016801310160006819
:1077A0000A2811D1FFE742F67000C2F200400090B3
:1077B00005F0B6FA009805F057FB42F2D471C2F218
:1077C000004100200860FFE7FFE746F2E800C2F250
:1077D0000040FFF769FB40F24040C2F2004080EDFC
:1077E000000A02B080BD000083B0029002980190B0
:1077F0000298009001980178407840EA01200099B1
:10780000088003B07047000084B003900291039891
:1078100001900298009001984078009908700198B2
:1078200000780099487004B0704700000000000024
:1078300080B584B00290ADF806100020ADF80400C9
:10784000029828B1FFE7BDF80600022804DCFFE734
:1078500000208DF80F002EE00298BDF806100239C6
:1078600040F2BE12C2F20042128889B200F088FAD9
:10787000ADF804009DF80410029ABDF8060010440B
:1078800010F8022C0020914200900ED1FFE79DF8E5
:107890000500029ABDF80610114411F8011C401AA7
:1078A000B0FA80F040090090FFE7009800F0010076
:1078B0008DF80F00FFE79DF80F0004B080BD0000B9
:1078C00080B546F2E800C2F20040FFF7EDFAB0EEF4
:1078D000401AB7EE000A80EE010A40F24040C2F2C0
:1078E000004080ED000A42F67000C2F2004041F212
:1078F000F84108440AF0B4F880BD00000000000020
:1079000080B582B00190019800680090A1283DD018
:10791000FFE70098A22846D0FFE7009840F2012137
:1079200088420CD0FFE7009840F20221884213D031
:10793000FFE7009840F2032188421AD040E0019806
:1079400000F1280142F67000C2F2004041F6D46214
:10795000104407F00DFD33E0019800F1280142F6D4
:107960007000C2F2004041F6E472104407F000FDDE
:1079700026E0019800F1280142F67000C2F20040B2
:1079800042F2F402104407F0F3FC19E0019800F110
:10799000280142F67000C2F2004041F24842104411
:1079A00002F036FC0CE0019800F1280142F670006C
:1079B000C2F2004041F6A832104407F0B5FFFFE7DD
:1079C00002B080BD0000000080B582B00190019837
:1079D00000680090682837D0FFE7009889283AD0DF
:1079E000FFE70098A1283DD0FFE7009840F2411141
:1079F000884205D0FFE70098B0F5017F6DD079E0AF
:107A0000019890F8290098B1FFE746F2F400C2F21D
:107A10000040FFF749FAB0EE401AB7EE000A80EED8
:107A2000010A40F23C40C2F2004080ED000AFFE74C
:107A3000019800F1280142F67000C2F2004000F502
:107A4000C85005F051FE55E042F67000C2F2004009
:107A500005F022F94EE042F67000C2F2004005F057
:107A6000E7F947E046F2EC00C2F20040FFF71CFAEB
:107A7000B0EE401AB7EE000A80EE010A40F2444030
:107A8000C2F2004080ED000A90ED000A9FED1A1A44
:107A9000B4EE410AF1EE10FA12DAFFE742F6700096
:107AA000C2F2004041F2F8410844002101F06CFEAE
:107AB00042F64800C2F2004005210BF07DFBFFE7D3
:107AC000019800F1280142F67000C2F2004041F630
:107AD0008C22104407F028FF0CE0019800F12801E7
:107AE00042F67000C2F2004041F6C452104407F062
:107AF0003FFCFFE702B080BD0000C842000000006C
:107B000081B0009001B0704781B08DED000A9DED0D
:107B1000000AB0EEC00A01B070470000000000008B
:107B200082B08DED010A9DED010AB5EE400AF1EE3D
:107B300010FA05DDFFE79DED010A8DED000A06E074
:107B40009DED010AB1EE400A8DED000AFFE79DEDC3
:107B5000000A02B07047000083B08DED020A41F2C6
:107B60000400CEF200000068019002980090FFE748
:107B700041F20400CEF2000000680199401A00EEC4
:107B8000100AB8EE400A9DED001A40F21840C2F209
:107B9000004090ED002AB8EE422A21EE021AB4EE1F
:107BA000410AF1EE10FA01DAFFE7E1E703B07047AE
:107BB00081B041F20400CEF200000068009000980D
:107BC00040F23041C2F200410968884208D2FFE722
:107BD00040F23441C2F20041086801300860FFE71A
:107BE000009840F23041C2F20041086001B0704795
:107BF00080B584B003900399002001900874039B22
:107C0000D3F8F400596846F20212C2F20042009220
:107C100012889B7B5A43E8F7AAFB0099039A5068A5
:107C20000988927B5143E8F7BBFB0099039AD2F88D
:107C300018010988927B51435143E8F7B1FB009941
:107C4000039AD2F80C010988137B927B5943514364
:107C5000E8F7A6FB01988DF80B00FFE79DF80B00F5
:107C60000399897B884243DAFFE70398D0F8F40050
:107C70009DF80B1000EB810090ED000AB5EE400A74
:107C8000F1EE10FA2DD0FFE7039AD2F8F4109DF828
:107C90000B0051F82000127C41F822009DF80B00E7
:107CA000039A516A127C8854DDF80CC0DCF8180085
:107CB0009DF80BE050F82E00DCF80C119CF80C201D
:107CC0009CF81030DCF814C01CF80EC012FB03C284
:107CD00001EB820141F8040C0399087C013008741F
:107CE000FFE7FFE79DF80B0001308DF80B00B5E7CB
:107CF00000208DF80A00FFE79DF80A000399097C2F
:107D0000884216DAFFE7039BD869596A9DF80A2072
:107D1000895C50F82100D3F818111B7C12FB032258
:107D200041F82200FFE79DF80A0001308DF80A00B3
:107D3000E2E70399087CA1F878000399087BA1F891
:107D40007A000399087BA1F880000399087CA1F8C8
:107D500082000399087CA1F890000399087CA1F89F
:107D600092000399087BA1F898000399087CA1F878
:107D70009A000399087CA1F8480004B080BD000077
:107D800084B00290ADF80610ADF80420029828B92E
:107D9000FFE74FF6FF70ADF80E0023E0FFE7BDF8F8
:107DA0000600411EADF80610B8B1FFE70298411C6D
:107DB000029100788DF80300BDF804109DF80300CF
:107DC0004840C2B244F64C30C0F6020030F812000F
:107DD00080EA1120ADF80400E1E7BDF80400ADF839
:107DE0000E00FFE7BDF80E0004B070470000000071
:107DF00080B588B007900691069805900798D0F84E
:107E0000EC0090ED000A30EE000A42F2EC70C2F293
:107E10000040019080ED000A0798D0F8EC0090ED4A
:107E2000010A30EE000A42F2F070C2F20040029005
:107E300080ED000A0798D0F8EC0090ED020A30EED1
:107E4000000A42F2F470C2F20040039080ED000A92
:107E50000798D0F8EC0090ED030A30EE000A42F2E9
:107E6000F870C2F20040049080ED000A079BD3F83E
:107E70000C0146F20211C2F2004109881A7B9B7B79
:107E800059435143E8F78CFA019B029A03990498ED
:107E900091ED000AB1EE400ADDF81CC0DCF80CC11F
:107EA0008CED000AD0F800C0DDF81CE0DEF80CE133
:107EB000CEF804C093ED000AB1EE400ADDF81CC014
:107EC000DCF80CC18CED020AD2F800C0DDF81CE031
:107ED000DEF80CE1CEF80CC0D2F800C0DDF81CE0F2
:107EE000DEF80CE1CEF818C0D3F800C0DDF81CE0D5
:107EF000DEF80CE1CEF81CC0D0F800C0DDF81CE0C4
:107F0000DEF80CE1CEF820C0D1F800C0DDF81CE0AE
:107F1000DEF80CE1CEF824C01B68DDF81CC0DCF8EC
:107F20000CC1CCF8303092ED000AB1EE400A079A4D
:107F3000D2F80C2182ED0D0A91ED000AB1EE400A53
:107F40000799D1F80C1181ED0E0A00680799D1F854
:107F50000C11C86308B080BD80B584B00390029155
:107F6000029801900398D0F8F81040F25800C2F23D
:107F700000409022E8F7FBF90398D0F81C1140F27A
:107F80009C40C2F2004048220092E8F7F0F9009AC3
:107F90000398D0F80C1140F25440C2F20040E8F7C8
:107FA000E6F904B080BD000080B588B00790069166
:107FB00006980590079901F1780080310AF084FF56
:107FC000079981F8C8000799B1F87800A1F8A800CE
:107FD0000799B1F85A00A1F8AA00079A02F17800AF
:107FE00002F15801A8320AF07FFE079981F8C80013
:107FF0000799B1F8A800A1F8B0000799B1F882007C
:10800000A1F8B200079A02F1A80002F18001B03293
:108010000AF06AFE079981F8C8000799B1F8900044
:10802000A1F8A0000799B1F89200A1F8A200079A60
:1080300002F1B00002F19001A0320AF02DFB079985
:1080400081F8C800079901F1A000B0310AF06CFB7B
:10805000079981F8C8000798D0F8EC00006842F250
:10806000FC73C2F2004318600798D0F8EC00406837
:1080700042F60002C2F2004210600798D0F8EC000D
:10808000806842F60401C2F2004108600798D0F807
:10809000EC00D0F80CC042F60800C2F20040C0F874
:1080A00000C0DDF81CE0BEF878C0AEF8B8C0DDF85E
:1080B0001CE04FF0010CAEF8BAC092ED001A90ED42
:1080C000002A93ED000A91ED003A20EE030A91EEAA
:1080D000020A30EE000ADDF81CC0DCF82CC18CED81
:1080E000000A93ED001A92ED002A91ED000A90ED3E
:1080F000003A20EE030AA1EE020A30EE000ADDF893
:108100001CC0DCF82CC18CED010A93ED001A92ED35
:10811000000A20EE000A91EE010A91ED001AA1EE8C
:10812000410A90ED001AA1EE010A0798D0F82C013F
:1081300080ED020A00208DF81300FFE79DF8130080
:1081400002281BDCFFE70798D0F82C019DF81310DC
:1081500000EB810090ED000AB0EEC00A0BF07AF956
:1081600005989DF8131000EB810080ED610AFFE790
:108170009DF8130001308DF81300DFE70799B1F87F
:108180004800A1F8C000079901200290A1F8C200A0
:10819000079A02F1480002F1B801C0320AF060FE0D
:1081A00001460298079A82F8C810079AB2F8C010E0
:1081B000A2F8A8100799A1F8AA00079A02F1B00046
:1081C00002F1C001A8320AF08FFD01460298079A19
:1081D00082F8C8100799A1F8B8000799B1F8C00053
:1081E000A1F8BA00079901F1C000B8310AF06CFE9D
:1081F000079981F8C800079901F1B800A831059ADC
:1082000002F5E2720AF070FD079981F8C80005983E
:1082100090ED730A90ED741AB6EE002A21EE021A60
:10822000B4EE410AF1EE10FA05DAFFE705990120F4
:1082300081F83801FFE7059890ED730A90ED741A04
:10824000B4EE410AF1EE10FA52DDFFE7059890F81E
:10825000380100284CD0FFE7059890F8390168B143
:10826000FFE70599D1F84021D1F84401013240F1EE
:108270000000C1F84021C1F8440106E00599002042
:10828000C1F84401C1F84001FFE70598D0F840115A
:10829000D0F84401333970F1000008D3FFE70599A5
:1082A000002081F83801079981F82C001FE0079B16
:1082B000D3F8E800D3F8EC1046F20212C2F2004202
:1082C000019212881B7B5A43E8F751F8019A079BE9
:1082D000D3F8F800D3F8FC1012881B7B5A435A439A
:1082E000E8F745F80799012081F82C003FE133E0D9
:1082F000059890ED730A90ED741A9FED9E2A21EE79
:10830000021AB4EE410AF1EE10FA15DDFFE7059806
:1083100090F8380180B1FFE7059890ED730A90ED71
:10832000741A31EE400A9FED942A21EE021A80EE73
:10833000010A80ED670A05E005994FF07E50C1F80B
:108340009C01FFE705990020C1F84401C1F84001F4
:10835000079981F82C00FFE70799B1F85800A1F8B8
:10836000A8000799B1F88200A1F8AA00079A02F1C3
:10837000580002F18001A8320AF0B6FC079981F892
:10838000C800079A02F1A80002F1B00198320AF081
:10839000ABFC079981F8C80000208DF81200FFE7B8
:1083A0009DF81200079AB2F89810B2F89A2051433B
:1083B000884217DAFFE7059890ED671A0798D0F81A
:1083C0001C019DF8121000EB810090ED000A20EED8
:1083D000010A80ED000AFFE79DF8120001308DF8D8
:1083E0001200DDE704208DF81100FFE79DF8110071
:1083F000052832DCFFE700208DF81000FFE79DF82C
:108400001000022822DCFFE705989DF8111000EB10
:10841000810090ED5D0A9FED5B1A80EE011A0798CE
:10842000D0F81C0101EB41019DF81020114400EB34
:10843000810090ED000A20EE010A80ED000AFFE7BE
:108440009DF8100001308DF81000D8E7FFE79DF887
:10845000110001308DF81100C8E70799B1F89800B4
:10846000A1F8B80007990120A1F8BA00079A02F113
:10847000980002F1C001B8320AF036FC079981F881
:10848000C800059890F8380100285FD0FFE7042065
:108490008DF80F00FFE79DF80F00052855DCFFE77A
:1084A0000798D0F8BC009DF80F1000EB810090ED0C
:1084B000000A059890ED701A9FED302A21EE021AFD
:1084C000B4EE410AF1EE10FA11DDFFE7059890EDE8
:1084D000700A9FED2A1A20EE010A0798D0F8BC0016
:1084E0009DF80F1000EB810080ED000AFFE7079870
:1084F000D0F8BC009DF80F1000EB810090ED000A51
:10850000059890ED701A9FED1E2A21EE021AB4EE26
:10851000410AF1EE10FA11DAFFE7059890ED700AC2
:108520009FED171A20EE010A0798D0F8BC009DF8BD
:108530000F1000EB810080ED000AFFE7FFE79DF8D8
:108540000F0001308DF80F00A5E7FFE70798D0F87E
:10855000BC100020C860079A02F1380002F1B8018F
:1085600030320AF099F8079981F8C800FFE708B09F
:1085700080BD00BFCDCCCC3D6666663F0AD7233CAC
:108580000AD723BCDA0FC93F80B584B003900291AB
:10859000029801900398D0F8EC00006842F60C03B2
:1085A000C2F2004318600398D0F8EC00406842F62D
:1085B0001002C2F2004210600398D0F8EC0080680C
:1085C00042F61401C2F2004108600398D0F8EC00B2
:1085D000D0F80CC042F61800C2F20040C0F800C04B
:1085E00093ED001A92ED000A20EE000AA1EE010AB6
:1085F00091ED001AA1EE010A90ED001AA1EE010A18
:1086000000F0FAF842F61C00C2F2004080ED000AC9
:1086100000208DF80300FFE79DF8030003281ADC13
:10862000FFE742F61C00C2F2004090ED001A0398EA
:10863000D0F8EC009DF8031000EB810090ED000AEB
:1086400020EE010A80ED000AFFE79DF803000130EB
:108650008DF80300E0E742F61000C2F2004090ED12
:10866000000A019991ED701A20EE010AB6EE002A77
:1086700020EE020A0399D1F8001181ED040A42F6B6
:108680001401C2F2004191ED000A019A92ED701AB4
:1086900020EE010A20EE020A039AD2F8002182EDB0
:1086A000050A42F60C02C2F2004292ED000A019B5A
:1086B00093ED701A20EE010ABEEE001A20EE010AB8
:1086C000039BD3F8003183ED0A0A42F61803C2F285
:1086D000004393ED000ADDF804C09CED703A20EEF3
:1086E000030A20EE020ADDF80CC0DCF800C18CEDB4
:1086F0000B0A93ED000A019B93ED703A20EE030AFA
:1087000020EE010A039BD3F8003183ED100A92EDAD
:10871000000A019A92ED703A20EE030A20EE010A57
:10872000039AD2F8002182ED110A91ED000A019915
:1087300091ED703A20EE030A20EE020A0399D1F877
:10874000001181ED160A90ED000A019890ED702A53
:1087500020EE020A20EE010A0398D0F8000180ED15
:10876000170A019890ED751A0398D0F8F80090ED6B
:108770001C0A80EE010A80ED1C0A019890ED751A22
:108780000398D0F8F80090ED230A80EE010A80EDFE
:10879000230A0398D0F8F80090ED1C0A9FED141AF4
:1087A000B4EE410AF1EE10FA09DDFFE70398D0F8C4
:1087B000F81044F20000C4F21C600867FFE7039859
:1087C000D0F8F80090ED230A9FED091AB4EE410AA3
:1087D000F1EE10FA0ADDFFE70398D0F8F81044F242
:1087E0000000C4F21C60C1F88C00FFE704B080BD3B
:1087F00000401C460000000084B08DED030A9DED92
:10880000030AB6EE001A20EE010A8DED020A039863
:10881000019001980090009945F68620C5F63770C2
:10882000A0EB61000090009801909DED011A9DED74
:10883000020A20EE012ABFEE080AA2EE010A20EE8B
:10884000410A8DED010A9DED010A04B07047000058
:1088500081B00090009890ED1B0A01B070470000B5
:1088600081B00090009890ED1C0A01B070470000A4
:1088700081B00090009890ED1E0A01B07047000092
:1088800081B00090009890ED1F0A01B07047000081
:1088900081B00090009890ED200A01B07047000070
:1088A00081B00090009890ED190A01B07047000067
:1088B00081B00090009890ED1A0A01B07047000056
:1088C00087B0069005918DF813208DF812309DF831
:1088D000120001460391012808D0FFE703980228FF
:1088E00020D0FFE70398032838D053E09DF8130009
:1088F00001460291012808D0FFE70298022808D01B
:10890000FFE70298032808D00BE0059900200870C3
:1089100007E005990420087003E00599012008701C
:10892000FFE737E09DF8130001460191012808D0C8
:10893000FFE70198022808D0FFE70198032808D034
:108940000BE005990220087007E0059906200870E1
:1089500003E0059905200870FFE71BE09DF8130070
:1089600001460091012808D0FFE70098022808D0AE
:10897000FFE70098032808D00BE005990220087053
:1089800007E005990420087003E0059903200870AA
:10899000FFE7FFE707B0704710B59EB00790269835
:1089A000059025980190249802902398039022988E
:1089B0000690DDF884C02098CDF860C0179016931B
:1089C000159214910DF1660014A912220492E7F792
:1089D000CEFCDDF804C0029B0399049ADDF814E094
:1089E0000698CDF838E0CDF834C00C930B910A907E
:1089F0000DF13E000AA9E7F7BAFC0798099009981B
:108A00000890DDF866006FF3DF20DDF83E106FF3AD
:108A1000DF21884230D1FFE7DDF86600C0F3CA20CD
:108A2000DDF83E10C1F3CA21884225D1FFE7BDF829
:108A30006A10DDF86600800D40EA81206FF3DF20C8
:108A4000BDF84220DDF83E10890D41EA82216FF326
:108A5000DF21884210D1FFE7BDF86A00C0F34A0069
:108A6000BDF84210C1F34A01884205D1FFE70899D9
:108A7000002081F8610004E00899012081F861007C
:108A8000FFE71EB010BD000081B00090009890F884
:108A9000600001B07047000081B00090009890F82D
:108AA000740001B07047000081B00090009890F809
:108AB000750001B0704700002DE9F043A7B0269083
:108AC000269811900168D1F88430D1F88820D1F827
:108AD0008CC0D1F890E0C0F81CE0C0F818C042612A
:108AE000024642F8103F0992B1F8941001840168DF
:108AF00084312591259909686FF3DF2100EE101A62
:108B0000B8EEC00A90ED022A90ED031A30EE420A48
:108B100080EE010A80ED190A25990968C1F3CA217E
:108B200000EE101AB8EEC00A90ED022A90ED031A7A
:108B300030EE420A80EE010A80ED1A0A25998A88F1
:108B40000968890D41EA82216FF3DF2100EE101AD6
:108B5000B8EEC00A90ED022A90ED031A30EE420AF8
:108B600080EE010A80ED1B0A25998988C1F34A012C
:108B700000EE101AB8EEC00A90ED022A90ED031A2A
:108B800030EE420A80EE010A80ED1C0A00F1740109
:108B9000259A9288920B00F122030893C38C9B0BB9
:108BA000FFF78EFE119800F17501259A9288C38C0B
:108BB000C3F30133C2F30132FFF782FE0899119823
:108BC000259A128A6FF3DF2200EE102AB8EEC00A4F
:108BD00090ED022A90ED031A30EE420A80EE010A6F
:108BE00080ED260A0DF182000A9012220C92E7F71E
:108BF000BEFB09990C9A1CA80B90E7F7B8FB0A99E1
:108C00000C9A17A8E7F7B3FB0B990C9A17980E90DC
:108C100018980F90199810901A980D901B9C12A8F4
:108C2000E7F7A5FBDDF834C00E990F9A109B119859
:108C3000129D139E149FDDF85480DDF85890EE4687
:108C4000CEF81890CEF81480CEF81070CEF80C60E4
:108C5000CEF80850CEF80440CEF800C0FFF79CFED6
:108C600027B0BDE8F083000081B00090009890F834
:108C7000880001B07047000081B00090009890F823
:108C8000950001B07047000081B00090009890F806
:108C9000930001B07047000081B00090009890F8F8
:108CA000890001B07047000081B00090009890F8F2
:108CB0008D0001B07047000081B00090009890F8DE
:108CC0008F0001B07047000081B00090009890F8CC
:108CD000900001B07047000081B00090009890F8BB
:108CE0008C0001B07047000081B00090009890F8AF
:108CF0008E0001B07047000081B00090009890F89D
:108D0000870001B07047000081B00090009890F893
:108D1000940001B07047000081B00090009890F876
:108D2000860001B07047000081B00090009890F874
:108D3000910001B07047000081B00090009890F859
:108D4000840001B07047000081B00090009890F856
:108D5000850001B07047000081B00090009890F845
:108D60008B0001B07047000081B00090009890F82F
:108D70008A0001B07047000080B584B00390029172
:108D800003980190C16C0131C164FFF795FE019910
:108D900001F12200096884311222E7F7E8FA04B0F1
:108DA00080BD00000000000082B001900199009198
:108DB000C86C096D884210D1FFE70099486D896D34
:108DC00088420AD1FFE70099002081F86000B1F8DD
:108DD0005C000130A1F85C0004E00099012081F8FA
:108DE0006000FFE70099C86C0865486D886502B0AF
:108DF000704700000000000084B0039002910192CF
:108E0000039800900298006841F20001C4F2010149
:108E1000884207D1FFE7009940F6F010C2F2004007
:108E2000086054E00298006844F20041C4F2000176
:108E3000884207D1FFE7009940F60030C2F20040B7
:108E4000086043E00298006844F60001C4F20001A3
:108E5000884207D1FFE7009940F61040C2F2004077
:108E6000086032E00298006844F60041C4F2000154
:108E7000884207D1FFE7009940F62050C2F2004037
:108E8000086021E00298006845F20001C4F2000188
:108E9000884207D1FFE7009940F63060C2F20040F7
:108EA000086010E00298006841F20041C4F201013C
:108EB000884207D1FFE7009940F64070C2F20040B7
:108EC0000860FFE7FFE7FFE7FFE7FFE7FFE701983D
:108ED000006841F20001C4F20101884207D1FFE7B6
:108EE000009940F6F010C2F20040486054E001984A
:108EF000006844F20041C4F20001884207D1FFE754
:108F0000009940F60030C2F20040486043E001980A
:108F1000006844F60001C4F20001884207D1FFE76F
:108F2000009940F61040C2F20040486032E00198DB
:108F3000006844F60041C4F20001884207D1FFE70F
:108F4000009940F62050C2F20040486021E00198AC
:108F5000006845F20001C4F20001884207D1FFE732
:108F6000009940F63060C2F20040486010E001987D
:108F7000006841F20041C4F20101884207D1FFE7D5
:108F8000009940F64070C2F200404860FFE7FFE7FA
:108F9000FFE7FFE7FFE7FFE704B0704700000000CE
:108FA00081B00090009890ED260A01B07047000053
:108FB00081B0009000984FF0894181600021C4F297
:108FC0002541C1600021C164016541658165A0F84A
:108FD0005C10A0F85E1080F8601080F8611001B09D
:108FE000704700000000000081B00090009890EDF4
:108FF000110A01B07047000081B00090009890ED18
:10900000120A01B07047000081B00090009890F8FB
:109010005C0001B07047000081B00090009890EDB6
:10902000180A01B07047000081B00090009890EDE0
:10903000190A01B07047000081B00090009890EDCF
:109040001A0A01B07047000081B00090009890EDBE
:10905000130A01B07047000081B00090009890EDB5
:10906000140A01B07047000081B00090009890F899
:109070005B0001B07047000086B0059004918DF848
:109080000F208DF80E309DF80E000146029120B1A0
:10909000FFE70298012813D025E09DF80F00014654
:1090A000019120B1FFE70198012804D007E004995D
:1090B0000020087003E0049902200870FFE712E026
:1090C0009DF80F000146009140B1FFE7009801288C
:1090D00008D1FFE704990120087003E004990320F8
:1090E0000870FFE7FFE706B07047000000000000CF
:1090F00087B0069005918DF813208DF812309DF8F9
:1091000012000146039140B1FFE7039801281FD0E8
:10911000FFE70398022836D050E09DF8130001467F
:10912000029140B1FFE70298012808D0FFE70298BA
:10913000022808D00BE005990020087007E0059987
:109140000320087003E0059907200870FFE735E069
:109150009DF813000146019160B1FFE701980128D5
:1091600004D0FFE70198022808D00BE00599012000
:10917000087007E005990420087003E005990520B0
:109180000870FFE71AE09DF813000146009180B1D6
:10919000FFE70098012808D0FFE7009802280CD1CB
:1091A000FFE705990220087007E00599062008707E
:1091B00003E0059908200870FFE7FFE707B0704754
:1091C00086B0059004918DF80F208DF80E309DF833
:1091D0000E000146029120B1FFE70298012813D04A
:1091E00025E09DF80F000146019120B1FFE70198AD
:1091F000012804D007E004990020087003E00499D6
:1092000002200870FFE712E09DF80F000146009170
:1092100040B1FFE70098012808D1FFE70499012039
:10922000087003E0049903200870FFE7FFE706B029
:10923000704700000000000081B00090009890F896
:10924000580001B07047000081B000900098007E87
:1092500001B070470000000081B00090009890F8C5
:10926000590001B07047000080B584B003900291AE
:1092700003980090193002991522E7F778F80098C2
:10928000D0F81B106FF3DF2100EE101AB8EEC00A01
:1092900090ED012A90ED021A30EE420A80EE010AAA
:1092A00080ED130AD0F81B10C1F3CA2100EE101A8A
:1092B000B8EEC00A90ED012A90ED021A30EE420A93
:1092C00080EE010A80ED140AB0F81F20D0F81B10C0
:1092D000890D41EA82216FF3DF2100EE101AB8EE0A
:1092E000C00A90ED012A90ED021A30EE420A80EE9B
:1092F000010A80ED120AB0F81F10C1F34A0100EE16
:10930000101AB8EEC00A90ED012A90ED021A30EE64
:10931000420A80EE010A80ED110AB0F82110C1F373
:109320004A0100EE101AB8EEC00A90ED012A90ED45
:10933000021A30EE420A80EE010A80ED150A00F1B1
:109340005B01B0F82120C2F30032C38EC3F30033B7
:10935000FFF736FF009800F15A01B0F81F20838E06
:10936000C2F38032C3F38033FFF786FE009800F12A
:109370005801B0F81F20D20B838EDB0BFFF77CFE69
:10938000009800F15901B0F82120C38E02F00102CB
:1093900003F00103FFF770FE009800F15C01B0F8E4
:1093A0001F20838EC2F30132C3F30133FFF7A0FE07
:1093B0000098B0F9231000EE101AB8EEC00A9FED25
:1093C000301A20EE010A80ED180AB0F9251000EEDF
:1093D000101AB8EEC00A20EE010A80ED190AB0F9A1
:1093E000271000EE101AB8EEC00A20EE010A80ED38
:1093F0001A0A00F16C0190F8292090F83E3002F032
:10940000030203F0030300F023F9009800F16D015B
:1094100090F8292090F83E30C2F38102C3F3810313
:1094200000F016F9009800F16E0190F8292090F8EC
:109430003E30C2F30112C3F3011300F009F900201A
:109440000190FFE701980F2818DCFFE70098DDF88E
:1094500004C000EB0C016F31428D22FA0CF202F0D5
:109460000102B0F83F3023FA0CF303F0010300F0DF
:10947000EFF8FFE7019801300190E3E704B080BD09
:10948000000000380000000081B00090009890F8C3
:10949000710001B07047000081B00090009890F812
:1094A0007E0001B07047000081B00090009890F8F5
:1094B0007C0001B07047000081B00090009890F8E7
:1094C000720001B07047000081B00090009890F8E1
:1094D000760001B07047000081B00090009890F8CD
:1094E000780001B07047000081B00090009890F8BB
:1094F000790001B07047000081B00090009890F8AA
:10950000750001B07047000081B00090009890F89D
:10951000770001B07047000081B00090009890F88B
:10952000700001B07047000081B00090009890F882
:109530007D0001B07047000081B00090009890F865
:109540006F0001B07047000081B00090009890F863
:109550007A0001B07047000081B00090009890F848
:109560006C0001B07047000081B00090009890F846
:109570006D0001B07047000081B00090009890F835
:10958000740001B07047000081B00090009890F81E
:10959000730001B07047000080B584B00390029161
:1095A0000398019002980078A92805D1FFE7029856
:1095B0004078532808D0FFE744F65C41C2F20041EE
:1095C0000868013008601BE002981521FEF730F9A9
:1095D00040B9FFE744F66041C2F20041086801303B
:1095E00008600DE001980169013101610299FFF7FE
:1095F0003BFE01982E3002991522E6F7B8FEFFE7F0
:1096000004B080BD0000000082B00190019900917B
:1096100008694969884207D1FFE700990020087668
:1096200088890130888105E00099012008760020B2
:109630008881FFE700990869486102B0704700001F
:1096400081B00090009890ED150A01B070470000BD
:1096500086B0059004918DF80F208DF80E309DF89E
:109660000E000146029120B1FFE70298012813D0B5
:1096700025E09DF80F000146019120B1FFE7019818
:10968000012804D007E004990020087003E0049941
:1096900002200870FFE712E09DF80F0001460091DC
:1096A00040B1FFE70098012808D1FFE704990120A5
:1096B000087003E0049903200870FFE7FFE706B095
:1096C000704700000000000081B0009000984FF447
:1096D000B671018040F2946141804FF08941416050
:1096E0000021C4F2254181600021818101B07047D1
:1096F00081B000900098002101614161816101B059
:10970000704700000000000081B000900098002128
:1097100080F8381001B0704781B00090009800F6D2
:10972000040090ED000A01B0704700000000000046
:1097300082B001908DED000A01990098C1F80408EB
:1097400002B070470000000081B00090009800F661
:10975000080090ED000A01B0704700000000000012
:1097600082B001908DED000A01990098C1F80808B7
:1097700002B070470000000081B00090009890F89F
:10978000000801B07047000082B001908DF803100E
:1097900001999DF8030081F8000802B070470000AD
:1097A00081B00090009800F60C0090ED000A01B026
:1097B000704700000000000080B584B0039003985B
:1097C000029000F021F9029800F29450019007F005
:1097D000DBFC029800F58160009007F03DFB0098EB
:1097E00007F05EFB019807F00BFD029800F5D660CC
:1097F00006F0A2F904B080BD80B596B0159015981A
:10980000109008F0B1FA109800F5816006909FED75
:109810006F0A8DED070A9FED6E2A8DED082ADFEDA8
:109820006D2ACDED052ADFED6C4ACDED0B4A9FED9B
:109830006B5A8DED145A00210C91F0EE450AB0EEF2
:10984000451AF0EE451AB0EE453AF0EE453AB0EE64
:10985000454A08F04DFDDDED052A9DED082ADDEDB8
:109860000B4A0C9910989DED145A00F58B600390EB
:109870009FED5B0ADFED5B0ACDED040AB0EE451A01
:10988000F0EE451AB0EE453AF0EE453AB0EE454AF4
:1098900008F02EFD0398DDED040ADDED052A9DEDAF
:1098A000082ADDED0B4A0C999DED145A9FED4E0AE6
:1098B000B0EE451AF0EE451AB0EE453AF0EE453AF4
:1098C000B0EE454A08F014FD06980C9B1099C1F8BB
:1098D00080156946A1224A600B6045F29051C2F2A0
:1098E00000410E9101220F929FED400A8DED090A71
:1098F000DFED3F0A03F030FF9DED070A9DED082ADA
:10990000DDED0B4A0C9910989DED145A00F294501D
:109910000D90DFED382ACDED0A2AF0EE450AB0EEC3
:10992000451AF0EE451AB0EE453AF0EE453AB0EE83
:10993000454A08F0DDFC9DED090ADDED0A2ADDED62
:109940000B4A0C9910989DED145A00F2E450DFED8B
:109950002A0A9FED2A2AB0EE451AF0EE451AB0EE1B
:10996000453AF0EE453AB0EE454A08F0C1FC0C9B92
:109970000D980E990F9ADDF840C0CCF89CC6EC46C5
:10998000CCF8003006239FED1E0A8DED110AF2EE91
:10999000040ACDED120A06F0D7FA10989DED110ACF
:1099A000DDED120A00F5D6601390694603230B60C3
:1099B00045F2F041C2F20041022206F0C5FA1398C6
:1099C0009DED140A05F098FF16B080BDCDCCCC3EBD
:1099D0000000484300007A456F12833A00000000FF
:1099E00000000C430000524300002A4300005C4387
:1099F0000000044200A07F450000A0420000FA449D
:109A0000798CA7410000000080B58EB00D900D98B4
:109A10000C9090F80008002849D1FFE70C9800F559
:109A20008160099007F088FB0C9800F294500A902E
:109A300007F076FC09989FEDE10A8DED0B0A08F01E
:109A4000F7FA0C989DED0B0A00F58B6008F0F0FA20
:109A50000C989DED0B0A00F5956008F0E9FA0A985C
:109A60009DED0B0A08F0E4FA0C989DED0B0A00F24C
:109A7000E45008F0DDFA09989DED0B0A03F028FE8A
:109A80000A989DED0B0A05F043FF09989DED0B0A1E
:109A900004F01EF80A989DED0B0A06F04DFB0C9899
:109AA0009DED0B0A00F5D66005F026FFECE20C9860
:109AB00090F80008012840F0A080FFE70C9800F221
:109AC0009450052105F040FF0C9901F6080001F5BE
:109AD000FD6292ED000A01F2EC71D1ED000AFDF792
:109AE0000BFA0C9901F60C0001F5FE6292ED000AEA
:109AF00001F2F471D1ED000AFDF7FEF90C9800F5C2
:109B0000D6609FEDAF0A05F0F7FEFFE70C9800F670
:109B1000040191ED000A8DED080A00F5816007F05F
:109B2000B7F90C98B0EE401A9DED080A30EE410AE4
:109B300000F2DC7090ED001AB4EE410AF1EE10FA7A
:109B400010DDFFE70C9800F2DC7191ED001A00F6D1
:109B5000040090ED000AB8EE002AA1EE020A80EDA2
:109B6000000AD3E7FFE70C9800F6040191ED000A24
:109B70008DED070A00F5816007F08AF90C98B0EEC8
:109B8000401A9DED070A30EE410A00F2DC7090EDBC
:109B9000001AB1EE411AB4EE410AF1EE10FA10DAF1
:109BA000FFE70C9800F2DC7191ED001A00F604005A
:109BB00090ED000AB0EE002AA1EE020A80ED000A44
:109BC000D1E70C9901F5816001F6040191ED000ADD
:109BD00003F072FD0C9901F2945001F6080191ED29
:109BE000000A05F07DFE0C9901F5D66001F5FF61D4
:109BF00091ED000A05F074FE45E20C98FFF7BCFDFC
:109C0000022840F0CA80FFE70C98D0F8040400F066
:109C1000F7FA002800F0C180FFE70C9800F581609A
:109C2000002103F071FD0C9800F29450052105F01D
:109C30008BFE0C98D0F8040400F0D2FAA0B1FFE734
:109C40000C98D0F8040400F0D3FA0C9800F6040144
:109C500081ED000AD0F8040400F0EEFA0C9800F64A
:109C6000080080ED000AFFE70C9901F6080001F5F5
:109C7000FD6292ED000A01F2EC71D1ED000AFDF7F0
:109C80003BF90C9901F6040001F5FB6292ED000A24
:109C900001F2DC71D1ED000AFDF72EF90C9800F508
:109CA000D6609FED470A05F027FEFFE70C9800F607
:109CB000040191ED000A8DED060A00F5816007F0C0
:109CC000E7F80C98B0EE401A9DED060A30EE410A16
:109CD00000F2DC7090ED001AB4EE410AF1EE10FAD9
:109CE00010DDFFE70C9800F2DC7191ED001A00F630
:109CF000040090ED000AB8EE002AA1EE020A80ED01
:109D0000000AD3E7FFE70C9800F6040191ED000A82
:109D10008DED050A00F5816007F0BAF80C98B0EEF9
:109D2000401A9DED050A30EE410A00F2DC7090ED1C
:109D3000001AB1EE411AB4EE410AF1EE10FA10DA4F
:109D4000FFE70C9800F2DC7191ED001A00F60400B8
:109D500090ED000AB0EE002AA1EE020A80ED000AA2
:109D6000D1E70C9901F5816001F6040191ED000A3B
:109D700003F0A2FC0C9901F2945001F6080191ED58
:109D8000000A05F0ADFD0C9901F5D66001F5FF6103
:109D900091ED000A05F0A4FD74E10C98FFF7ECFCCE
:109DA000022840F0B480FFE70C98D0F8040400F0DB
:109DB00027FA002840F0AB8004E000BF000000005C
:109DC000000048430C9800F58160002103F09CFCE2
:109DD0000C9800F29450052105F0B6FD0C9901F69F
:109DE000080001F5FD6292ED000A01F2EC71D1ED7F
:109DF000000AFDF781F80C9901F6040001F5FB62F9
:109E000092ED000A01F2DC71D1ED000AFDF774F861
:109E10000C9800F5D6609FED9D0A05F06DFDFFE7FB
:109E20000C9800F6040191ED000A8DED040A00F58E
:109E3000816007F02DF80C98B0EE401A9DED040AF1
:109E400030EE410A00F2DC7090ED001AB4EE410AE7
:109E5000F1EE10FA10DDFFE70C9800F2DC7191EDE5
:109E6000001A00F6040090ED000AB8EE002AA1EEF8
:109E7000020A80ED000AD3E7FFE70C9800F6040120
:109E800091ED000A8DED030A00F5816007F000F8FE
:109E90000C98B0EE401A9DED030A30EE410A00F234
:109EA000DC7090ED001AB1EE411AB4EE410AF1EE09
:109EB00010FA10DAFFE70C9800F2DC7191ED001A4D
:109EC00000F6040090ED000AB0EE002AA1EE020AAE
:109ED00080ED000AD1E70C9901F5816001F60401DB
:109EE00091ED000A03F0E8FB0C9901F2945001F6A1
:109EF000080191ED000A05F0F3FC0C9901F5D6601C
:109F000001F5FF6191ED000A05F0EAFCB9E00C985B
:109F1000FFF732FC032840F0B380FFE70C9800F510
:109F20008160062103F0F0FB0C9800F294500521AB
:109F300005F00AFD0C9901F6080001F5FD6292EDAD
:109F4000000A01F2EC71D1ED000AFCF7D5FF0C9983
:109F500001F60C0001F5FE6292ED000A01F2F471C7
:109F6000D1ED000AFCF7C8FF0C9800F5D6609FED14
:109F7000470A05F0C1FCFFE70C9800F6040191EDDB
:109F8000000A8DED020A00F5816006F081FF0C9851
:109F9000B0EE401A9DED020A30EE410A00F2DC708C
:109FA00090ED001AB4EE410AF1EE10FA10DDFFE771
:109FB0000C9800F2DC7191ED001A00F6040090EDAF
:109FC000000AB8EE002AA1EE020A80ED000AD3E7EB
:109FD000FFE70C9800F6040191ED000A8DED010AEF
:109FE00000F5816006F054FF0C98B0EE401A9DED2C
:109FF000010A30EE410A00F2DC7090ED001AB1EE79
:10A00000411AB4EE410AF1EE10FA10DAFFE70C98AB
:10A0100000F2DC7191ED001A00F6040090ED000AE8
:10A02000B0EE002AA1EE020A80ED000AD1E70C98FA
:10A0300000F58160009006F02BFF00980C9901F666
:10A04000040181ED000A91ED000A03F035FB0C9844
:10A0500000F294509FED0E0A05F042FC0C9901F5B8
:10A06000D66001F2FC7191ED000A40F2E811C2F2F3
:10A07000004191ED001A30EE010A05F031FCFFE7D6
:10A08000FFE7FFE7FFE7FFE70EB080BD00004843B2
:10A09000000000000000000080B582B0019001982F
:10A0A000009007F065FF009800F57270FFF72CFB39
:10A0B000009800F5816007F053F8009800F2945082
:10A0C00007F042F9009800F5D66007F03DF90098D6
:10A0D0000021C4F2C821C0F8D0170021C4F28C219D
:10A0E000C0F8D4170021CCF23431C0F8D8170021C1
:10A0F000C4F23431C0F8DC170021CCF20C21C0F8D6
:10A10000E8170021C4F28811C0F8EC170021C0F84C
:10A11000F01749F69A12C3F6B972C0F8F427C0F8DE
:10A12000F817C0F8FC1780F80018C0F80418C0F839
:10A130000818C0F80C1802B080BD00000000000034
:10A1400080B584B003900399B1F9570000EE100A6E
:10A15000B8EEC00A9FED1A1A80EE010A8DED020AD0
:10A16000B1F9590000EE100AB8EEC00A80EE010AFB
:10A170008DED010A91F8560081F8780091F85500AC
:10A1800081F879009DED010A9FED0E2A20EE020A6A
:10A190009FED0D1A80EE010A01F1700081ED1C0A9D
:10A1A0009DED020A20EE020A80EE010A81ED1D0AF1
:10A1B000BBEE040AF3EE090AFCF79EFE04B080BD74
:10A1C00000401C4600003443D00F4940000000000E
:10A1D00081B00090009890F8780001B070470000BE
:10A1E00081B00090009890F8790001B070470000AD
:10A1F00081B00090009890ED1D0A01B070470000FA
:10A2000081B00090009890F8200001B070470000E5
:10A2100080B582B00190009101988169013181611E
:10A2200000998A88A0F859200968C0F85510FFF7EE
:10A2300087FF02B080BD000081B00090009890EDD3
:10A240001C0A01B07047000080B582B001900198EF
:10A250000090006807F0E4FA0098B1EE400A80ED43
:10A26000180A006807F0ECFA0098B1EE400A80ED99
:10A27000170A006807F0C4FA009880ED190A02B0C6
:10A2800080BD00000000000080B582B00190019800
:10A290000090FFF7D9FF009800F04EF802B080BDA3
:10A2A00082B00190019900918869C969884205D1FD
:10A2B000FFE70099002081F8200004E000990120C8
:10A2C00081F82000FFE700998869C86102B07047F3
:10A2D00083B00290019102980090019800684AF2C0
:10A2E0000001C4F2000188420CD1FFE7009940F25E
:10A2F0009820C2F20040C86040F2D020C2F2004074
:10A30000086115E0019800684AF20041C4F20001BA
:10A3100088420CD1FFE7009940F28830C2F2004039
:10A32000C86040F2C030C2F200400861FFE7FFE7BA
:10A3300003B070470000000080B59CB01B901B98D4
:10A34000169090ED190A9FEDD32A20EE020A9FED98
:10A35000D21A80EE010A8DED1A0A90ED180A20EE4D
:10A36000020A80EE010A8DED190A90ED170A20EE1F
:10A37000020A80EE010A8DED180A9DED180AB6EE6C
:10A38000001A8DED111A20EE010A08F005F99DED75
:10A39000111A8DED010A9DED190A20EE010A08F04F
:10A3A000FBF89DED111AB0EE402A9DED010A20EE5A
:10A3B000020A8DED040A9DED1A0A20EE010A08F04A
:10A3C000EBF89DED111A8DED030A9DED180A20EEB4
:10A3D000010A08F0C1FD9DED111A8DED020A9DEDF7
:10A3E000190A20EE010A08F0B7FD9DED111AB0EE32
:10A3F000402A9DED020A20EE020A8DED050A9DED30
:10A400001A0A20EE010A08F0A7FD9DED033A9DED22
:10A41000042A9DED111A1699B0EE404A9DED050AE9
:10A4200020EE040AA2EE030A9FED9C2A8DED152A68
:10A4300020EE020ABDEEC00A10EE100AA1F8530089
:10A440009DED180A20EE010A08F086FD9DED111A17
:10A450008DED060A9DED190A20EE010A08F09CF820
:10A460009DED111AB0EE402A9DED060A20EE020A7B
:10A470008DED090A9DED1A0A20EE010A08F08CF80C
:10A480009DED111A8DED080A9DED180A20EE010AC6
:10A4900008F082F89DED111A8DED070A9DED190A5D
:10A4A00020EE010A08F058FD9DED111AB0EE402A89
:10A4B0009DED070A20EE020A8DED0A0A9DED1A0AAB
:10A4C00020EE010A08F048FD9DED084A9DED093A8D
:10A4D0009DED111A9DED152A1699B0EE405A9DED8D
:10A4E0000A0A20EE050A93EE040A20EE020ABDEEE7
:10A4F000C00A10EE100AA1F84D009DED180A20EEDA
:10A50000010A08F049F89DED111A8DED0B0A9DED39
:10A51000190A20EE010A08F01FFD9DED111AB0EE98
:10A52000402A9DED0B0A20EE020A8DED0E0A9DEDEC
:10A530001A0A20EE010A08F02FF89DED111A8DED90
:10A540000D0A9DED180A20EE010A08F005FD9DEDAB
:10A55000111A8DED0C0A9DED190A20EE010A08F082
:10A560001BF89DED111AB0EE402A9DED0C0A20EE6D
:10A57000020A8DED0F0A9DED1A0A20EE010A08F07D
:10A58000EBFC9DED0D4A9DED0E3A9DED111A9DEDF2
:10A59000152A1699B0EE405A9DED0F0A20EE050AD5
:10A5A000A3EE040A20EE020ABDEEC00A10EE100A65
:10A5B000A1F84F009DED180A20EE010A07F0ECFF0C
:10A5C0009DED111A8DED100A9DED190A20EE010A7C
:10A5D00007F0E2FF9DED111AB0EE402A9DED100A42
:10A5E00020EE020A8DED140A9DED1A0A20EE010AF2
:10A5F00008F0B2FC9DED111A8DED130A9DED180ABD
:10A6000020EE010A08F0A8FC9DED111A8DED120A4A
:10A610009DED190A20EE010A08F09EFC9DED111A2D
:10A62000B0EE402A9DED120A20EE020A8DED170AC7
:10A630009DED1A0A20EE010A07F0AEFF9DED133AD8
:10A640009DED142A9DED151A169AB0EE404A9DED27
:10A65000170A20EE040A92EE030A20EE010ABDEE6C
:10A66000C00A10EE100AA2F851001169D2F84D008C
:10A67000D2F851204A60086046F2F000C2F2004071
:10A68000FCF712FC40F24840C2F2004080ED000AA4
:10A690001CB080BDD00F49400000344300401C4630
:10A6A00081B00090009800218161C16180F8201084
:10A6B0004CF6CD41C4F21C11C16749F69A11C4F29F
:10A6C000AD11C0F880104BF24661C3F67351C0F86B
:10A6D000841001B07047000082B001908DF8031023
:10A6E00001999DF8030081F8980502B070470000B9
:10A6F00081B00090009890F8990501B07047000073
:10A7000082B001908DF8031001999DF8030081F843
:10A71000990502B07047000080B582B001900198A1
:10A720000090D0F8B80002F0DBFE0146009800EE81
:10A73000101AB8EE400A00F5AA6181ED000AD0F8BF
:10A74000B80002F0A5FE0146009800EE101AB8EE1F
:10A75000400A00F24C5181ED000AD0F8B80002F036
:10A76000ABFE0146009800EE101AB8EE400A00F267
:10A77000545181ED000A05F0A7FE0098603005F005
:10A7800053FD0098BC3004F02BFE009800F5E670F5
:10A7900004F026FE009800F5377004F021FE0098C2
:10A7A00000F57B7004F01CFE02B080BD00000000CC
:10A7B00080B598B0179017980990406503221392BE
:10A7C000114606F069FF099901F16000C1F8B41063
:10A7D0000421049100220F9206F05EFF09980F9960
:10A7E000BC3003909FED7B0ADFED7B0ACDED0B0AB9
:10A7F000DFED7A2ADFED7A4ACDED0D4A9FED795AE9
:10A800008DED0E5AB0EE451AF0EE451AB0EE622A02
:10A81000B0EE453AF0EE453AB0EE454A07F068FD35
:10A820000398099901F58671029104F08DFD0146A6
:10A83000039800EE101AB8EE400A8DED010A04F0FC
:10A8400083FD9DED012ADDED0D4A9DED0E5A0F9918
:10A850000246029800EE102AF8EE402A9FED620AA6
:10A86000F3EE090AB0EE451AF0EE451AB0EE453A9D
:10A87000F0EE453AB0EE454A07F03AFD0398049AE7
:10A8800045F29051C2F20041022314939FED570A02
:10A89000DFED570ACDED160A04F04EFE099901F5D9
:10A8A000E670069001F50771059104F04DFD9DEDF0
:10A8B0000B1ADDED0D4A9DED0E5A0F9902460598D3
:10A8C00000EE102AF8EE402A9FED4A0A8DED0A0AA2
:10A8D0009FED492A8DED0C2AF0EE450AF0EE451A5F
:10A8E000B0EE453AF0EE453AB0EE454A07F000FDCD
:10A8F0000698149BDDED160A45F2F041C2F20041C4
:10A9000012910122B7EE000A8DED150A04F014FE33
:10A91000099901F53770089001F54B71079104F022
:10A9200013FD9DED0A0A9DED0B1A9DED0C2ADDED40
:10A930000D4A9DED0E5A0F990246079803EE102A14
:10A94000F8EE432AF0EE450AF0EE451AB0EE453A2D
:10A95000F0EE453AB0EE454A07F0CAFC0898129965
:10A96000149B9DED150ADDED160A1A4604F0E4FD70
:10A97000099901F57B70119001F23C41109104F0AE
:10A98000E3FC9DED0A0A9DED0B1A9DED0C2ADDED11
:10A990000D4A9DED0E5A0F990246109803EE102AAB
:10A9A000F8EE432AF0EE450AF0EE451AB0EE453ACD
:10A9B000F0EE453AB0EE454A07F09AFC119812992C
:10A9C000139A149B9DED150ADDED160A04F0B4FDF3
:10A9D00018B080BD00006842CDCCCC3DE7665F4139
:10A9E0006F12833A000000000000E14400001042B2
:10A9F00000401C460000C84200803B4500000000AB
:10AA000080B596B0159015980E9090F8980501466F
:10AA10000F91042800F203820F99DFE811F005007E
:10AA2000580070001401CF000E98BC30099000212E
:10AA3000089104F0C9FC0E9800F5E6700A90022116
:10AA4000079104F0C1FC07990E9800F537700B9040
:10AA500004F0BAFC07990E9800F57B700C9004F096
:10AA6000B3FC08990E98FFF74BFE09989FEDE40A96
:10AA70008DED0D0A07F0DCFA0E989DED0D0A00F53C
:10AA8000867007F0D5FA0A989DED0D0A07F0D0FA06
:10AA90000B989DED0D0A07F0CBFA0C989DED0D0A71
:10AAA00007F0C6FA09989DED0D0A04F0B9FD0A9861
:10AAB0009DED0D0A04F07CFC0B989DED0D0A04F051
:10AAC00077FC0C989DED0D0A04F072FCA7E10E983E
:10AAD000BC3004F05DFC032801D1FFE70EE00E98C6
:10AAE000BC3004F055FC022807D1FFE70E98BC30BB
:10AAF0009FEDC30A04F05CFCFFE7FFE78FE10E98CF
:10AB0000BC30032104F060FC0E9800F5E6700221D1
:10AB1000069104F059FC0E98069900F5377004F080
:10AB200053FC0E98069900F57B7004F04DFC40F63E
:10AB30009400C2F200400078012810D1FFE70E987F
:10AB4000BC3004F0F1FB0E9800F5B56080ED000A12
:10AB500040F69401C2F2004100200870FFE70E9811
:10AB600090ED160AB3EE0E1A30EE010A8DED050ACD
:10AB7000D0F8B80002F0B4FC9DED050A01EE100A11
:10AB8000B8EEC11AB4EE410AF1EE10FA11DAFFE79D
:10AB90000E9800F5B56191ED000A9FEDC01A30EEF8
:10ABA000010A81ED000ABC3091ED000A04F0D4FBEB
:10ABB000FFE70E99012081F8980530E10E98BC302E
:10ABC000032104F001FC0E9800F5E67002210491C7
:10ABD00004F0FAFB0E98049900F5377004F0F4FBCA
:10ABE0000E98049900F57B7004F0EEFB40F694009B
:10ABF000C2F200400078012810D1FFE70E98BC3067
:10AC000004F092FB0E9800F5B56080ED000A40F666
:10AC10009401C2F2004100200870FFE70E9800F591
:10AC2000B56191ED000A9FED9E1A30EE010A81EDAB
:10AC3000000ABC3091ED000A04F08EFB0E99012051
:10AC400081F89805EBE00E98BC300221039104F0E6
:10AC5000BBFB03990E9800F5E67004F0B5FB039971
:10AC60000E9800F5377004F0AFFB03990E9800F5CD
:10AC70007B7004F0A9FB0E9800F5AD6191ED001A10
:10AC800000F2545191ED000ABAEE042A91EE420A04
:10AC90008DED140A90F86405C00728B1FFE70E99FE
:10ACA0000020C1F8AC0531E09DED140AB5EE400A74
:10ACB000F1EE10FA23DDFFE70E9800F24C5191ED12
:10ACC000000A00F5AA6090ED001AB4EE410AF1EE18
:10ACD00010FA14DAFFE70E9800F5AA6191ED000A68
:10ACE00000F24C5191ED001A30EE410A9DED141A1C
:10ACF00080EE010A00F2AC5080ED000A05E00E99EA
:10AD00004FF0FF40C1F8AC05FFE7FFE70E9800F2F7
:10AD1000AC5191ED000A00F5AB6191ED001A30EEF7
:10AD2000410A00F25C5090ED001A80EE010A07F033
:10AD30006BFB0E98B0EE401AB7EE000A31EE001A27
:10AD400080EE010A8DED130A00F2545191ED000AD4
:10AD5000B2EE041A80EE010A9FED4E1A20EE010AAF
:10AD600000F26C5181ED000A91ED000A9FED4A1A44
:10AD700020EE010A8DED120A00F5AD6191ED000A99
:10AD80009FED461A20EE010A8DED110A9DED110A84
:10AD90009DED121A31EE401A9DED132AA1EE020A22
:10ADA0008DED100ABC309DED100A04F001FB0E98E9
:10ADB00000F24C5191ED000A00F5AA6090ED001AE6
:10ADC000B4EE410AF1EE10FA05DBFFE70E9901201F
:10ADD00081F864051CE00E9800F24C5191ED000AD8
:10ADE00000F5AC6191ED001A00F5AA6090ED002A23
:10ADF00021EE021AB4EE410AF1EE10FA07DC01E08E
:10AE0000000000000E99002081F86405FFE7FFE7CD
:10AE100040F69401C2F2004101200870FFE70E984D
:10AE200090F89905D8B1FFE70E9901F5E67001F2A7
:10AE30009C51029191ED000A04F0BAFA0E98029921
:10AE400000F5377091ED000A04F0B2FA0E980299FD
:10AE500000F57B7091ED000A04F0AAFA17E00E9855
:10AE600000F5E6709FED0F0A8DED010A04F0A0FADF
:10AE70000E989DED010A00F5377004F099FA0E98CE
:10AE80009DED010A00F57B7004F092FAFFE716B021
:10AE900080BD00BFCDCC0C3FB9B8B23FE766DF3F05
:10AEA00050A00B410000000080B584B003900398CF
:10AEB000019005F0FDFB019800210291A0F85C10C3
:10AEC000603005F0F5FA0198BC3004F0B9FB019848
:10AED00000F5E67004F0B4FB019800F5377004F05B
:10AEE000AFFB019800F57B7004F0AAFB019800F21B
:10AEF000FC4007F04DFA01980299C0F84C15002269
:10AF0000C4F2C832C0F850250022C4F22012C0F8A2
:10AF1000542546F26663C3F6E663C0F858354AF234
:10AF2000CB13C3F6C553C0F85C3549F69A13C3F684
:10AF30005973C0F8603580F864150023C4F27013AB
:10AF4000C0F86835C0F86C150023C4F22A33C0F885
:10AF500070350023C4F2E003C0F8743580F878152A
:10AF600041F27073A0F87A3540F26C73A0F87C352A
:10AF70000023C4F21643C0F8803580F88415C0F869
:10AF80008815C0F8902548F66F02C4F22E22C0F84A
:10AF9000942580F8981580F899150022C4F27A4219
:10AFA000C0F89C250022C4F2BC12C0F8A02545F2CE
:10AFB000D232C4F27B12C0F8A425C0F8A815C0F89C
:10AFC000AC1504B080BD000080B598B017901798FC
:10AFD0000E900021139112911191109141F2F841BC
:10AFE00008440D90FEF798FB0D988DED160AFEF7BC
:10AFF000ABFB0D988DED150AFEF7D2FB0E988DED8B
:10B00000140A01F001FC0E9842F2D731405C01288D
:10B0100040F0FE80FFE70E9842F2D531405C0028F8
:10B0200040F0F680FFE70E9841F22C310844FDF71E
:10B0300037FCFCF775FD0E9842F27831084490ED2C
:10B04000001AB4EE410AF1EE10FA09DDFFE70E989E
:10B0500041F22C310844FDF723FC8DED0C0A04E08D
:10B060009FEDE00A8DED0C0AFFE70E989DED0C0AAE
:10B070008DED130A41F22C310844FDF719FCFCF761
:10B080004FFD0E9842F27831084490ED001AB4EE6C
:10B09000410AF1EE10FA09DDFFE70E9841F22C317A
:10B0A0000844FDF705FC8DED0B0A04E09FEDCD0A89
:10B0B0008DED0B0AFFE70E989DED0B0A8DED120A40
:10B0C00041F22C310844FDF7E7FC062808D1FFE7E0
:10B0D0000E9841F2F84108440221FEF755FB96E034
:10B0E0000E9841F2F84108440121FEF74DFB0E98FD
:10B0F00041F22C310844FDF7D7FC06284DD0FFE77C
:10B100000E989DED131A42F29831014491ED002AF8
:10B110009DED160AA1EE420A8DED160A00F5C85003
:10B12000002102F0F1FA0E9841F6A831084404F02B
:10B13000CFFB9FEDAD1AB4EE410AF1EE10FA1DDD22
:10B14000FFE70E9841F6A831084404F0C1FB9FEDDB
:10B15000A71AB4EE410AF1EE10FA0FDAFFE70E98E3
:10B1600000F5C850062102F0CFFA0E9841F6A8313A
:10B1700008449FED9C0A04F0B3FBFFE70E989DED99
:10B18000121A42F29C31084490ED002A9DED150AF6
:10B19000A1EE020A8DED150A38E00E9841F22C312D
:10B1A0000844FDF781FC06282FD1FFE70E9841F2F5
:10B1B0002C310844FDF770FC032826D1FFE70E98D8
:10B1C00041F2F84108440321FEF7DEFA0E9800F53B
:10B1D000C8500A90062102F097FA0E990A989DED40
:10B1E000120A42F29C32114491ED001A20EE011A2B
:10B1F0009DED140A9FED7E2AA1EE020A8DED140A40
:10B2000005F046FE8DED160AFFE7FFE7FFE714E3C2
:10B210000E9842F2D731405C022840F0B480FFE73C
:10B220000E9842F2D631405C002840F0AC80FFE737
:10B230000E9841F2C8310844FDF706FFFCF770FC98
:10B240000E9842F27831084490ED001AB4EE410AAB
:10B25000F1EE10FA09DDFFE70E9841F2C83108441B
:10B26000FDF7F2FE8DED090A04E09FED5E0A8DED1B
:10B27000090AFFE70E989DED090A8DED110A41F2CA
:10B28000C8310844FDF7E8FEFCF74AFC0E9842F28C
:10B290007831084490ED001AB4EE410AF1EE10FA4C
:10B2A00009DDFFE70E9841F2C8310844FDF7D4FEEE
:10B2B0008DED080A04E09FED4B0A8DED080AFFE7CB
:10B2C0000E989DED080A8DED100A41F2F8410844F0
:10B2D000FEF752FA70B9FFE70E9841F2F8410844C0
:10B2E0000121FEF751FA0E9800F5C850002102F036
:10B2F0000BFAFFE70E9841F2C8310844FDF7ACFFA6
:10B30000022824D1FFE70E9841F2F8410844FEF7E5
:10B3100033FA012808D1FFE70E9841F2F8410844BA
:10B320000221FEF731FA11E00E9841F2F84108448B
:10B33000FEF722FA022808D1FFE70E9841F2F84101
:10B3400008440121FEF720FAFFE7FFE7FFE70E9828
:10B350009DED111A42F29831014491ED002A9DEDC4
:10B36000160AA1EE420A8DED160A9DED101A42F260
:10B370009C31084490ED002A9DED150AA1EE020AC9
:10B380008DED150A58E20E9842F2D731405C012843
:10B3900007D1FFE70E9842F2D531405C012810D06A
:10B3A000FFE70E9842F2D731405C022840F043821A
:10B3B000FFE70E9842F2D631405C012840F03B8214
:10B3C000FFE70E9842F2D731405C012840F08080C0
:10B3D000FFE70E9841F22C310844FDF77DFC01286F
:10B3E0000DD109E000000000295C8F3DEC51484080
:10B3F000CDCC4C3D0000344300201590FFE70E9863
:10B4000041F22C310844FDF79FFC032808D1FFE7E7
:10B410000E9841F2F84108440221FEF7B5F907E021
:10B420000E9841F2F84108440121FEF7ADF9FFE71B
:10B430000E9841F22C3108440790FDF719FA0E9945
:10B440000798B0EE401A42F2A832114491ED002A5A
:10B450009DED160AA1EE420A8DED160AFDF710FACF
:10B460000E990798B0EE401A42F2AC32114491EDB9
:10B47000002A9DED150AA1EE420A8DED150AFDF791
:10B4800003FC012809D1FFE79DED160A1FED271ADD
:10B4900030EE010A8DED160AFFE70E9841F22C31CD
:10B4A0000844FDF731FC012801D1FFE7FFE70E98C2
:10B4B00041F22C310844FDF707FC012807D1FFE7D2
:10B4C00040F25051C2F2004101200870FFE7B1E1A3
:10B4D0000E9842F2D731405C022840F0AA81FFE783
:10B4E0000E9841F2C8310844FEF706F8022803D14D
:10B4F000FFE700201590FFE70E9841F2C83108449D
:10B50000FEF732F8012824D1FFE70E9841F2F84106
:10B510000844FEF731F9032813D0FFE70E9841F2F3
:10B52000F841084406900221FEF72EF90698FEF72E
:10B53000F3F806988DED160AFEF706F98DED150A5B
:10B5400006E00E9800F51A70032105F0A9FBFFE74D
:10B550003BE00E9841F2F8410844FEF70DF903284C
:10B5600032D0FFE70E9841F6A831084404F0B0F954
:10B570009FEDBA1AB4EE410AF1EE10FA0EDBFFE7C6
:10B580000E9841F6A831084404F0A2F99FEDB41AD0
:10B59000B4EE410AF1EE10FA0EDDFFE70E9841F22B
:10B5A000F84108440121FEF7EFF80E9800F5C85065
:10B5B000002102F0A9F806E00E9800F5C850062117
:10B5C00002F0A2F8FFE7FFE7FFE70E9841F2C8316B
:10B5D00008440590FDF720FD0E990598B0EE401A3D
:10B5E00042F2A832114491ED002A9DED160AA1EE17
:10B5F000420A8DED160AFDF717FD0E990598B0EE7B
:10B60000401A42F2AC32114491ED002A9DED150A28
:10B61000A1EE420A8DED150AFDF746FF022809D179
:10B62000FFE79DED160A9FED8F1A30EE010A8DEDB2
:10B63000160AFFE70E9841F2C8310844FDF784FF6F
:10B64000022860D1FFE7FBF7E7FF8DED0F0A9DEDC4
:10B650000F0A42F62400C2F2004090ED001A30EECC
:10B66000410A9FED811AB4EE410AF1EE10FA07DAB1
:10B67000FFE742F62001C2F200410120087006E017
:10B6800042F62001C2F2004100200870FFE742F6B6
:10B690002000C2F200400078C00768B3FFE70E98B0
:10B6A00041F2F8410844FEF767F8032814D1FFE798
:10B6B0000E9841F2F84108440121FEF765F80E9812
:10B6C00000F5C850062102F01FF80E9800F51A7018
:10B6D000032105F0E5FA0EE00E9841F2F841084426
:10B6E00003210491FEF750F80E98049900F51A70A2
:10B6F00005F0D6FAFFE7FFE70F9842F62401C2F201
:10B7000000410860FFE70E9841F2C8310844FDF798
:10B710000BFF022801D1FFE7FFE70E9841F2C83185
:10B720000844FDF7E1FE02280DD1FFE70E9840F234
:10B730005052C2F200420121117041F2F84210440D
:10B74000FEF722F8FFE742F62000C2F20040007840
:10B75000C00700284FD0FFE70E9841F2F841084497
:10B76000FEF70AF803283ED0FFE70E9841F6A8310D
:10B77000084404F0ADF89FED391AB4EE410AF1EE39
:10B7800010FA1BDDFFE70E9841F6A831084404F0DB
:10B790009FF89FED361AB4EE410AF1EE10FA0DDA79
:10B7A000FFE70E9800F5C850062101F0ADFF0E9896
:10B7B00000F51A70032105F073FA13E00E9800F5F6
:10B7C000C8500021039101F09FFF0E9800F51A70F8
:10B7D000012105F065FA039842F62001C2F200410A
:10B7E0000870FFE706E042F62001C2F200410020A7
:10B7F0000870FFE7FFE70E9800F51A7005F048FAA9
:10B80000032815D1FFE70E9800F51A71029141F255
:10B81000C8310844FDF700FC0E99029842F2A832A4
:10B82000114491ED001A20EE410A05F0C5F9FFE739
:10B83000FFE7FFE7FFE7FFE7FFE70E9841F2F84178
:10B84000084401909DED160AFDF772FF01989DEDE9
:10B85000150AFDF785FF18B080BD00BF295C8F3D3C
:10B8600066664640000034430000FA43EC5148400D
:10B8700080B58EB00D900D980C9000F0C5FF0C981F
:10B8800042F2D731405C012840F0C880FFE70C98B5
:10B8900042F2D531405C002840F0C080FFE70C98B0
:10B8A00041F22C310844FDF7FFF8002840F0A28057
:10B8B000FFE70C9841F60851084401210B91FEF76F
:10B8C0001FFF0B990C9842F26A32815441F22C31DD
:10B8D0000844FDF7E1F806282AD1FFE70C9841F269
:10B8E00048410844FEF78CFC012820D1FFE70C9862
:10B8F00041F22C310844FDF753FB9FEDD01AB4EE12
:10B90000410AF1EE10FA11DDFFE70C9841F24841CF
:10B910000844FEF75DFC40B1FFE70C9841F6085182
:10B9200008440221FEF7D8FEFFE7FFE7FFE760E0EB
:10B930000C9841F22C310844FDF732FB9FEDC01A00
:10B94000B4EE410AF1EE10FA1BDDFFE70C9841F26C
:10B950002C310844FDF724FB9FEDBA1AB4EE410ADE
:10B96000F1EE10FA0DDAFFE70C9841F608510844A1
:10B970000121FEF7B1FE0C9942F2D4320020885426
:10B98000FFE70C9841F22C310844FDF709FB9FEDCD
:10B99000AE1AB4EE410AF1EE10FA13DAFFE70C9892
:10B9A00042F2D431405C68B9FFE70C9841F6085187
:10B9B00008440221FEF790FE0C9942F2D432012095
:10B9C0008854FFE70C9841F22C310844FDF7E8FA5F
:10B9D0009FED9A1AB4EE410AF1EE10FA08DDFFE786
:10B9E0000C9841F6085108440321FEF775FEFFE765
:10B9F000FFE712E00C9841F6085108440990012134
:10BA0000FEF76AFE099800210A91FEF779FE0C996B
:10BA10000A9842F26A328854FFE784E20C9842F2B4
:10BA2000D731405C022840F03D81FFE70C9842F29C
:10BA3000D631405C002840F03581FFE70C9841F298
:10BA4000C8310844FDF7F8FB02282ED1FFE70C9817
:10BA500042F26A31405C012813D1FFE70C9841F6AD
:10BA60000851084407900121FEF736FE079800218F
:10BA70000891FEF745FE0C99089842F26A32885404
:10BA800012E00C9841F608510844059001210691F6
:10BA9000FEF722FE05980699FEF732FE0C990698ED
:10BAA00042F26A328854FFE7FFE70C9842F26A31AB
:10BAB000405C012840F0F580FFE70C9841F2F84126
:10BAC0000844FDF759FE02287AD1FFE70C9841F2AD
:10BAD00048410844FEF77CFB012870D1FFE70C9831
:10BAE00041F248410844FEF78BFB012867D1FFE78C
:10BAF0000C9841F2C8310844FDF7A2FD9FED501AA1
:10BB0000B4EE410AF1EE10FA1BDDFFE70C9841F2AA
:10BB1000C8310844FDF794FD9FED4A1AB4EE410A7E
:10BB2000F1EE10FA0DDAFFE70C9841F608510844DF
:10BB30000121FEF7D1FD0C9942F2D4320020885445
:10BB4000FFE70C9841F2C8310844FDF779FD9FEDFD
:10BB50003E1AB4EE410AF1EE10FA13DAFFE70C9840
:10BB600042F2D431405C68B9FFE70C9841F60851C5
:10BB700008440221FEF7B0FD0C9942F2D4320120B4
:10BB80008854FFE70C9841F2C8310844FDF758FD8E
:10BB90009FED2A1AB4EE410AF1EE10FA0EDDFFE72E
:10BBA0000C9842F2D431405C40B9FFE70C9841F662
:10BBB000085108440321FEF78FFDFFE7FFE76FE020
:10BBC0000C9841F2C8310844FDF73AFD9FED1C1A6C
:10BBD000B4EE410AF1EE10FA1BDDFFE70C9841F2DA
:10BBE000C8310844FDF72CFD9FEDD01AB4EE410A90
:10BBF000F1EE10FA0DDAFFE70C9841F6085108440F
:10BC00000121FEF769FD0C9942F2D43200208854DC
:10BC1000FFE70C9841F2C8310844FDF711FD9FED94
:10BC2000C41AB4EE410AF1EE10FA1CDAFFE70C98E0
:10BC300042F2D431405CB0B908E000BFCDCC4C3FFB
:10BC4000CDCC4CBECDCC4C3ECDCC4CBF0C9841F6AF
:10BC5000085108440221FEF73FFD0C9942F2D4320C
:10BC600001208854FFE70C9841F2C8310844FDF7E1
:10BC7000E7FC9FEDB01AB4EE410AF1EE10FA0EDDCA
:10BC8000FFE70C9842F2D431405C40B9FFE70C98D2
:10BC900041F6085108440321FEF71EFDFFE7FFE7C8
:10BCA000FFE73FE10C9842F2D731405C012807D111
:10BCB000FFE70C9842F2D531405C012810D0FFE735
:10BCC0000C9842F2D731405C022840F02A81FFE70D
:10BCD0000C9842F2D631405C012840F02281FFE707
:10BCE0000C9842F2D731405C012840F09580FFE784
:10BCF0000C9841F22C310844FCF7BEFF012813D107
:10BD0000FFE70C984FF40A51405C30B9FFE70C99FB
:10BD10004FF40A520120885405E00C994FF40A525E
:10BD200000208854FFE7FFE70C9841F22C310844CB
:10BD3000FDF712F8012823D1FFE70C9842F26A318F
:10BD4000405C70B9FFE70C9841F6085108440121A6
:10BD50000491FEF7D5FC0C99049842F26A3288549B
:10BD60000DE00C9841F60851084400210391FEF7BC
:10BD7000C7FC0C99039842F26A328854FFE7FFE748
:10BD80000C9841F608510844FEF7B2FC01283AD15C
:10BD9000FFE70C984FF40A51405C90B9FFE70C980C
:10BDA00041F22C310844FCF7C7FF012808D1FFE716
:10BDB0000C9841F6085108440221FEF78DFCFFE77C
:10BDC000FFE70C984FF40A51405C01281AD1FFE7B5
:10BDD0000C9841F22C310844FCF7AEFF032808D13F
:10BDE000FFE70C9841F6085108440321FEF774FC64
:10BDF00007E00C9841F6085108440121FEF76CFC5D
:10BE0000FFE7FFE707E00C9841F6085108440121DD
:10BE1000FEF762FCFFE783E00C9842F2D731405C0A
:10BE200002287CD1FFE70C9841F2C8310844FDF7A5
:10BE3000A3FB022823D1FFE70C9842F26A31405C51
:10BE400070B9FFE70C9841F60851084401210291AE
:10BE5000FEF756FC0C99029842F26A3288540DE0C3
:10BE60000C9841F60851084400210191FEF748FC66
:10BE70000C99019842F26A328854FFE7FFE70C9868
:10BE800041F608510844FEF733FC01283ED1FFE794
:10BE90000C9841F2C8310844FDF766FB01281AD11D
:10BEA000FFE70C9841F2C8310844FDF755FB012823
:10BEB00008D1FFE70C9841F6085108440321FEF72A
:10BEC0000BFC07E00C9841F6085108440121FEF7ED
:10BED00003FCFFE719E00C9841F2C8310844FDF774
:10BEE0003BFB012808D1FFE70C9841F608510844B4
:10BEF0000321FEF7F1FB07E00C9841F608510844D6
:10BF00000121FEF7E9FBFFE7FFE707E00C9841F6A8
:10BF1000085108440121FEF7DFFBFFE7FFE7FFE7D9
:10BF2000FFE7FFE7FFE70EB080BD00BFCDCC4C3E82
:10BF3000CDCC4CBFCDCC4C3F80B5A4B02390239842
:10BF40001B9000212291219120911F911E911D9102
:10BF50001C9100F059FC1B9842F2D731405C01283B
:10BF600040F04481FFE71B9842F2D531405C002845
:10BF700040F03C81FFE71B9841F22C310844FCF76C
:10BF800067FCFBF7CDFD1B9842F27831084490ED39
:10BF9000001AB4EE410AF1EE10FA09DDFFE71B9832
:10BFA00041F22C310844FCF753FC8DED1A0A04E0F1
:10BFB0009FEDE70A8DED1A0AFFE71B989DED1A0A1F
:10BFC0008DED220A41F22C310844FCF749FCFBF7C5
:10BFD000A7FD1B9842F27831084490ED001AB4EEA8
:10BFE000410AF1EE10FA09DDFFE71B9841F22C310E
:10BFF0000844FCF735FC8DED190A04E09FEDD40AE6
:10C000008DED190AFFE71B989DED190A8DED210AA8
:10C0100041F22C310844FCF743FCFBF781FD1B98EF
:10C0200042F27831084490ED001AB4EE410AF1EE84
:10C0300010FA09DDFFE71B9841F22C310844FCF7A8
:10C040002FFC8DED180A04E09FEDC10A8DED180A52
:10C05000FFE79DED180A8DED200A9DED220A8DED7A
:10C06000110A9DED210A20EE001ABEEE002A8DED88
:10C07000132AB7EE000A8DED140A01EE020A06F04B
:10C08000EFF91B98B0EE401A9DED110A20EE010A5F
:10C090008DED120A00F51A70159004F099FD9DEDD2
:10C0A000121A9DED132AB0EE403A9DED140A21EECE
:10C0B000031A8DED1D1A9DED211A8DED161A9DEDB9
:10C0C000221A21EE011A01EE020A06F0C9F91598AA
:10C0D000B0EE401A9DED160A20EE010A8DED170A0A
:10C0E00004F082FD1B98B0EE401A9DED170A20EE79
:10C0F000010A8DED1C0A41F22C310844FCF7CCFCFE
:10C10000032856D1FFE71B9841F22C310844FCF775
:10C11000CBFC06281BD1FFE71B9800F51A700F9087
:10C12000032104F0BDFD0F989DED200A8DED100A4E
:10C1300004F01EFDB0EE401A9DED100A20EE410AFB
:10C1400042F62800C2F2004080ED000A30E01B9861
:10C1500041F6A831084403F0BBFB9FED7E1AB4EE14
:10C16000410AF1EE10FA1BDDFFE71B9841F6A831FA
:10C17000084403F0ADFB9FED781AB4EE410AF1EEEE
:10C1800010FA0DDAFFE71B9800F51A700E900321E4
:10C1900004F086FD0E989FED6E0A04F00DFD06E09A
:10C1A0001B9800F51A70012104F07AFDFFE7FFE704
:10C1B0001BE01B9841F22C310844FCF76DFC98B948
:10C1C000FFE71B9800F51A700D90022104F068FD3E
:10C1D0000D9804F0D9FCB1EE400A42F62800C2F2F4
:10C1E000004080ED000AFFE7FFE7D5E21B9842F22E
:10C1F000D731405C022840F0F880FFE71B9842F2FC
:10C20000D631405C002840F0F080FFE71B9841F2F7
:10C21000C8310844FCF7E8FEFBF782FC1B9842F2A9
:10C220007831084490ED001AB4EE410AF1EE10FAAC
:10C2300009DDFFE71B9841F2C8310844FCF7D4FE42
:10C240008DED0C0A04E09FED420A8DED0C0AFFE72C
:10C250001B989DED0C0A8DED1F0A41F2C831084470
:10C26000FCF7CAFEFBF75CFC1B9842F278310844ED
:10C2700090ED001AB4EE410AF1EE10FA09DDFFE785
:10C280001B9841F2C8310844FCF7B6FE8DED0B0A4D
:10C2900004E09FED2F0A8DED0B0AFFE79DED0B0AE1
:10C2A0008DED1E0A9DED1F0A8DED040A9DED1E0AFF
:10C2B00020EE001ABEEE002A8DED062AB7EE000A27
:10C2C0008DED070A01EE020A06F0CAF81B98B0EEDF
:10C2D000401A9DED040A20EE010A8DED050A00F5D5
:10C2E0001A70089004F074FC9DED051A9DED062A65
:10C2F000B0EE403A9DED070A21EE031A8DED1D1AAE
:10C300009DED1E1A8DED091A9DED1F1A21EE011AE1
:10C3100001EE020A06F0A4F80898B0EE401A9DED6E
:10C32000090A20EE010A8DED0A0A04F05DFC1B9853
:10C33000B0EE401A9DED0A0A20EE010A8DED1C0AAE
:10C3400041F2C8310844FCF75FFE70B906E000BF57
:10C3500000000000B81E053EEC5148401B9800F557
:10C360001A70002104F09CFCFFE71B9841F2C831D1
:10C370000844FCF749FE012807D1FFE71B9800F5A8
:10C380001A70012104F08CFCFFE71B9841F2C831C0
:10C390000844FCF739FE022811D1FFE71B9800F58D
:10C3A0001A700390022104F07BFC039804F0ECFB6C
:10C3B00042F62800C2F2004080ED000AFFE71B9819
:10C3C00041F2C8310844FCF74FFE012806D1FFE7CF
:10C3D0001B9942F268320120885405E01B9942F211
:10C3E000683200208854FFE7D5E11B9842F2D7312C
:10C3F000405C012807D1FFE71B9842F2D531405C31
:10C40000012810D0FFE71B9842F2D731405C022888
:10C4100040F0C081FFE71B9842F2D631405C012812
:10C4200040F0B881FFE71B9842F2D731405C012809
:10C4300040F0C880FFE71B9841F22C310844FCF71C
:10C4400093FC03280BD1FFE71B9942F288324FF08F
:10C450007E50885042F26832012088540AE01B99CD
:10C4600042F288324FF08040885042F26832002019
:10C470008854FFE71B9841F22C310844FCF7F4FB89
:10C48000032812D1FFE71B9800F51A7004F0A0FBF7
:10C490001B98B1EE400A42F28831084490ED001A30
:10C4A00080EE010A8DED1D0AFFE71B9841F22C3149
:10C4B0000844FCF7F1FB032810D1FFE71B9800F5B7
:10C4C0001A7004F085FB1B9842F28831084490ED05
:10C4D000001A80EE010A8DED1D0AFFE71B9841F25C
:10C4E0002C310844FCF718FC032810D1FFE71B98F7
:10C4F00000F51A7004F078FB1B9842F2883108446A
:10C5000090ED001A80EE010A8DED1C0AFFE71B98E2
:10C5100041F22C310844FCF7EFFB032812D1FFE76E
:10C520001B9800F51A7004F05FFB1B98B1EE400AEF
:10C5300042F28831084490ED001A80EE010A8DED38
:10C540001C0AFFE71B9841F22C310844FCF7ACFBB6
:10C55000012821D1FFE71B9800F51A7004F098FB21
:10C56000012811D1FFE71B9800F51A7002900221F3
:10C5700004F096FB029804F007FB42F62800C2F292
:10C58000004080ED000A06E01B9800F51A700121BA
:10C5900004F086FBFFE7FFE71B9841F22C310844CB
:10C5A000FCF7A2FB032806D1FFE71B9942F26D328C
:10C5B0000120885405E01B9942F26D320020885416
:10C5C000FFE7E6E01B9842F2D731405C022840F0DA
:10C5D000DF80FFE71B9841F2C8310844FCF7D4FF25
:10C5E00001280BD1FFE71B9942F288324FF07E50B1
:10C5F000885042F26832012088540AE01B9942F2C6
:10C6000088324FF08040885042F2683200208854CF
:10C61000FFE71B9800F51A7004F03AFB38B9FFE702
:10C620001B9800F51A70012104F03AFBFFE71B98F4
:10C6300041F2C8310844FCF727FF012812D1FFE777
:10C640001B9800F51A7004F0C3FA1B98B1EE400A6B
:10C6500042F28831084490ED001A80EE010A8DED17
:10C660001D0AFFE71B9841F2C8310844FCF724FF7C
:10C67000012810D1FFE71B9800F51A7004F0A8FA02
:10C680001B9842F28831084490ED001A80EE010AAE
:10C690008DED1D0AFFE71B9841F2C8310844FCF7F5
:10C6A0004BFF012810D1FFE71B9800F51A7004F02A
:10C6B0009BFA1B9842F28831084490ED001A80EEF4
:10C6C000010A8DED1C0AFFE71B9841F2C8310844AE
:10C6D000FCF722FF012812D1FFE71B9800F51A7022
:10C6E00004F082FA1B98B1EE400A42F28831084405
:10C6F00090ED001A80EE010A8DED1C0AFFE71B98F1
:10C7000041F2C8310844FCF7DFFE02282AD1FFE7D6
:10C710001B9800F51A7004F0BBFA012811D1FFE74D
:10C720001B9800F51A700190022104F0B9FA0198E3
:10C7300004F02AFA42F62800C2F2004080ED000A16
:10C740000FE01B9800F51A7004F0A2FA032807D036
:10C75000FFE71B9800F51A70012104F0A1FAFFE72A
:10C76000FFE7FFE71B9841F2C8310844FCF7CCFE15
:10C77000012806D1FFE71B9942F26D32012088544F
:10C7800005E01B9942F26D3200208854FFE7FFE775
:10C79000FFE7FFE7FFE7FFE71B9800F51A7000903F
:10C7A0009DED1D0A04F05CFA00989DED1C0A04F052
:10C7B00063FA009842F62801C2F200410A6844F682
:10C7C0004C43C2F200431A6091ED000A04F0F4F900
:10C7D00024B080BD0000000080B582B001900198B7
:10C7E000009000F041F8009800F036F90098FFF74B
:10C7F000A3FB0098FEF7E8FB0098FFF739F802B0BA
:10C8000080BD00000000000080B582B0019001985A
:10C81000009000F029F8009800F01EF9009842F20C
:10C82000D631405C022806D0FFE7009942F2D732A9
:10C830000220885413E0009842F2D531405C02286F
:10C8400006D0FFE7009942F2D7320120885405E074
:10C85000009942F2D73200208854FFE7FFE702B088
:10C8600080BD00000000000080B582B001900198FA
:10C87000009041F22C310844FBF7EAFFB5EE400A84
:10C88000F1EE10FA24D1FFE7009841F22C31084470
:10C89000FBF7E6FFB5EE400AF1EE10FA18D1FFE71C
:10C8A000009841F22C310844FBF7FAFFB5EE400A3C
:10C8B000F1EE10FA0CD1FFE7009841F22C31084458
:10C8C000FBF7F6FFB5EE400AF1EE10FA06D0FFE7EF
:10C8D000009942F2D53200208854BBE0009841F222
:10C8E0002C310844FBF7C4FFB5EE400AF1EE10FA14
:10C8F00040F09A80FFE7009841F22C310844FBF7A2
:10C90000BFFFB5EE400AF1EE10FA40F08D80FFE770
:10C91000009841F22C310844FBF7BAFFB5EE400A0B
:10C92000F1EE10FA40F08080FFE7009841F22C31E0
:10C930000844FCF799F9002876D1FFE7009841F206
:10C940002C310844FCF7A8F900286DD1FFE70098C6
:10C9500041F22C310844FCF7DFF9002864D1FFE7ED
:10C96000009841F22C310844FCF7C6F900285BD14D
:10C97000FFE7009841F22C310844FCF7F5F9002854
:10C9800052D1FFE7009841F22C310844FCF7E4F95A
:10C99000002849D1FFE7009841F22C310844FCF708
:10C9A0009BF9002840D1FFE7009841F22C31084460
:10C9B000FCF77AF9C0BBFFE7009841F22C3108443C
:10C9C000FCF792F980BBFFE7009841F22C31084454
:10C9D000FCF772F940BBFFE7009841F22C310844A4
:10C9E000FCF772F900BBFFE7009841F22C310844D4
:10C9F000FCF79AF9C0B9FFE7009841F22C310844DE
:10CA0000FCF742F980B9FFE7009841F22C31084465
:10CA1000FCF77AF940B9FFE7009841F22C3108445D
:10CA2000FCF72AF930B1FFE7009942F2D532012034
:10CA300088540EE0009841F22C310844FCF724F8A9
:10CA400030B9FFE7009942F2D53202208854FFE75F
:10CA5000FFE7FFE702B080BD80B582B0019001988A
:10CA6000009041F2C8310844FCF7BEFAB5EE400A26
:10CA7000F1EE10FA24D1FFE7009841F2C8310844E2
:10CA8000FCF7BAFAB5EE400AF1EE10FA18D1FFE75A
:10CA9000009841F2C8310844FCF7D6FAB5EE400AD6
:10CAA000F1EE10FA0CD1FFE7009841F2C8310844CA
:10CAB000FCF7D2FAB5EE400AF1EE10FA06D0FFE725
:10CAC000009942F2D63200208854BBE0009841F22F
:10CAD000C8310844FCF7A0FAB5EE400AF1EE10FAAE
:10CAE00040F09A80FFE7009841F2C8310844FCF713
:10CAF0009BFAB5EE400AF1EE10FA40F08D80FFE7A8
:10CB0000009841F2C8310844FCF796FAB5EE400AA5
:10CB1000F1EE10FA40F08080FFE7009841F2C83152
:10CB20000844FCF7B1FC002876D1FFE7009841F2F9
:10CB3000C8310844FCF7C0FC00286DD1FFE700981D
:10CB400041F2C8310844FCF7F7FC002864D1FFE744
:10CB5000009841F2C8310844FCF7DEFC00285BD1A4
:10CB6000FFE7009841F2C8310844FCF70DFD0028AA
:10CB700052D1FFE7009841F2C8310844FCF7FCFCB1
:10CB8000002849D1FFE7009841F2C8310844FCF77A
:10CB9000B3FC002840D1FFE7009841F2C8310844B7
:10CBA000FCF792FCC0BBFFE7009841F2C831084493
:10CBB000FCF7AAFC80BBFFE7009841F2C8310844AB
:10CBC000FCF78AFC40BBFFE7009841F2C8310844FB
:10CBD000FCF78AFC00BBFFE7009841F2C83108442B
:10CBE000FCF7B2FCC0B9FFE7009841F2C831084435
:10CBF000FCF75AFC80B9FFE7009841F2C8310844BD
:10CC0000FCF792FC40B9FFE7009841F2C8310844B4
:10CC1000FCF742FC30B1FFE7009942F2D632012026
:10CC200088540EE0009841F2C8310844FCF70CFB30
:10CC300030B9FFE7009942F2D63202208854FFE76C
:10CC4000FFE7FFE702B080BD81B00090009842F29C
:10CC5000D231405C01B0704782B001908DF8031072
:10CC600001999DF8030042F2D232885402B0704715
:10CC700081B00090009842F2D131405C01B0704721
:10CC800082B001908DF8031001999DF8030042F2E3
:10CC9000D132885402B0704780B586B005900598AF
:10CCA000039042F2C8328158013181504FF40E5145
:10CCB000425892F82C208DF81320425892F82D20DB
:10CCC0008DF812204258D28D40F69203C2F20043F2
:10CCD00001931A804258128E40F69003C2F200432C
:10CCE00002931A804158498EADF810109DF8131028
:10CCF00000F0A6FB01990398098800F0F9FB03985E
:10CD00009DF8121000F0A8FB0398BDF8101000F079
:10CD1000C7FB02990398098800F0D6FB06B080BDD6
:10CD200080B590B00F900F980290002107910E915E
:10CD30000D91ADF82E10ADF82C10ADF82A10ADF80D
:10CD40002810099100F51A70019003F071FF019805
:10CD50008DED0E0A03F078FF01988DED0D0A03F0BA
:10CD60001FFF02988DED090A41F68C21084404F05A
:10CD70003FFA8DED0C0A9DED0E0AF9EE000ACDED9D
:10CD8000050AB1EE001A8DED061A4FF63E60CFF699
:10CD9000FF7004904FF4E1710391FAF7E1FB0399FE
:10CDA000DDED050A9DED061A02460498ADF82E2029
:10CDB00040F27033C2F200430893BDF82E201A806F
:10CDC0009DED0D0AFAF7CCFBDDED050A9DED061A87
:10CDD0000899ADF82C00BDF82C0048809DED090A9B
:10CDE0006FF0C700C821FAF7BBFB089A0146079805
:10CDF0004942ADF82A10BDF82A1091809DED0C0A29
:10CE0000FBEE040AB3EE091A47F6FF71FAF7A8FB26
:10CE10000899ADF82800BDF82800C880099844F6A4
:10CE20004841C2F20041086010B080BD000000001F
:10CE300080B584B0039003984FF40E514158898D0A
:10CE4000ADF80A10BDF80A1000EE101AB8EEC00ACC
:10CE5000B2EE041A80EE010A8DED010A9DED010A81
:10CE600000F00AFB04B080BD80B584B00390039845
:10CE7000019041F248410844FDF7C2F9014601988A
:10CE800042F26C320092815400F51A7003F000FFF8
:10CE9000014601988DF80A1041F2F8410844FCF768
:10CEA0006BFC014601988DF8091041F608510844C1
:10CEB000FDF71EFC009A01998DF8080042F26D30D2
:10CEC000085CC0018A5C40EA82109DF8082040EAB4
:10CED00042109DF8092040EAC20042F26832895CA3
:10CEE00040EA81009DF80A1008438DF80B0040F2DB
:10CEF0007831C2F200419DF80B00087004B080BD8B
:10CF000080B584B003900398019000F5C85000F0FC
:10CF1000CBFB019842F28431084480ED000A40F2D4
:10CF2000F011C2F2004191ED000A90ED001A30EECE
:10CF3000410A8DED020A9DED020A9FED291AB4EE19
:10CF4000410AF1EE10FA0DDDFFE740F2F010C2F2F7
:10CF5000004090ED000A9FED231A30EE010A80EDAB
:10CF6000000A17E09DED020A9FED1E1AB4EE410A79
:10CF7000F1EE10FA0DDAFFE740F2F010C2F20040D5
:10CF800090ED000A9FED161A30EE010A80ED000ABE
:10CF9000FFE7FFE7019840F2F011C2F20041096893
:10CFA00042F2A872C2F20042116042F2843141584A
:10CFB00042F2A472C2F20042116041F2F841084408
:10CFC000FCF7FAFB019841F608510844FDF7A4FB71
:10CFD000019841F248410844FDF756F904B080BD7C
:10CFE0000000B4430000B4C380B584B0039003983C
:10CFF000029042F62F00C2F2004001780131017028
:10D000000078322840F08F80FFE742F62C00C2F211
:10D01000004001780131017042F62D02C2F2004257
:10D0200011780131117042F62E02C2F200421178DD
:10D030000131117000784AF6AA22C2F6AA224AF6F5
:10D04000AB21CAF6AA2100FB0120B0F1553F16D250
:10D05000FFE7029800F0E0F8029841F22C31084412
:10D06000FBF7A2FE029841F2C8310844FCF7CCFA63
:10D0700042F62C01C2F2004100200870FFE742F6A0
:10D080002D00C2F20040007842F29242C1F24922E1
:10D0900046F6B751CBF2DB6100FB012044F62411C8
:10D0A000C2F2924188420DD8FFE7029841F248410E
:10D0B0000844FDF7F5F842F62D01C2F200410020C8
:10D0C0000870FFE7029841F2F8410144019141F6EE
:10D0D0008C21084402F044FC029841F6A83108442F
:10D0E00002F03EFC029800F5C85000F019FB0198D0
:10D0F00004F0CAFD029841F6C451084402F0F0F968
:10D10000029841F6D461084402F0EAF9029841F627
:10D11000E471084402F0E4F942F62F01C2F2004142
:10D1200000200870FFE704B080BD00000000000090
:10D1300080B58CB00B908DED0A0A0B98089000F525
:10D140001A700190B1EE000A8DED020A03F058FD4D
:10D1500001989DED020A03F05FFD089942F2B820A4
:10D1600008444165052103910022049204F094FAD9
:10D170000399049A089B42F210301844436504F066
:10D180008BFA089841F22C31084445F69461C2F2BA
:10D19000004145F66C52C2F20042FBF72DFE0499A5
:10D1A00008980A9A42F27833C25042F2D732815438
:10D1B00041F2F84108440690FCF71EFB069A0899D4
:10D1C00041F24840059008440790C2F8040441F633
:10D1D00008500844C0F8B810FDF7EAFA079845F27D
:10D1E000F041C2F20041FDF773F8059B069A0799DA
:10D1F0000898C250486045F63C40C2F20040099091
:10D20000EFF772F809980421EFF7CAF805F064FF08
:10D210000CB080BD0000000080B582B00190019983
:10D22000009142F2C830085842F2CC328958884204
:10D230000DD1FFE7009942F2D0320020885442F627
:10D240004800C2F20040062105F0B6FF05E0009953
:10D2500042F2D03201208854FFE7009942F2C830F0
:10D26000085842F2CC32885002B080BD0000000065
:10D2700080B582B001900198009000F045F90098C7
:10D2800000F51A7003F018FD009841F22C310844A3
:10D29000FBF78EFE009841F2C8310844FCF714FAFF
:10D2A000009841F248410844FDF7FAF9009841F22C
:10D2B000F8410844FCF7F0FE009841F60851084494
:10D2C000FDF7F2FD009842F2B821084403F008FB94
:10D2D000009842F21031084403F03AFC009842F200
:10D2E00068320021815442F26932815442F26A323A
:10D2F000815442F26B32815442F26C32815442F2D8
:10D300006D32815442F26E32815442F26F32815456
:10D3100042F270330122C25442F27433C15042F2DD
:10D320007C33C15440F28833C2F200434FF40E5CA8
:10D3300040F80C3042F2883C4FF0804340F80C300B
:10D3400042F28C3C4FF4C87320F80C3042F2903C0F
:10D3500041F26F23C3F6832340F80C3042F2943C31
:10D360004DF20A73C3F6234340F80C3042F2983C66
:10D3700045F2EE13C3F6B87340F80C3042F29C3C11
:10D3800046F26763C3F6E67340F80C3042F2A03C05
:10D3900046F66323C3F61A4340F80C3042F2A43C2D
:10D3A00040F80C3042F2A83C48F20003C4F21043AB
:10D3B00040F80C3042F2AC3C40F80C3042F2B03C49
:10D3C00049F6A633C3F6443340F80C3042F2B43C7D
:10D3D00040F80C3042F2B833C15242F2BA33C15273
:10D3E00042F2C833C15042F2CC33C15042F2D03382
:10D3F000C15442F2D133C15442F2D233C25442F248
:10D40000D333C25442F2D432815442F2D533022291
:10D41000C25442F2D633C25442F2D732815402B0DF
:10D4200080BD00000000000080B582B0019001982E
:10D43000009000F51A7003F003FD009802B080BD63
:10D4400082B001908DF8031001999DF8030081F8D6
:10D45000500002B07047000082B001908DF80310B8
:10D4600001999DF80320087E00F00F0040EA0210A9
:10D47000087602B07047000082B001908DED000A7E
:10D4800001990098C1F8910002B0704700000000B7
:10D4900081B000900098B0F8690001B070470000BA
:10D4A00082B00190ADF802100199BDF80200A1F818
:10D4B000690002B07047000081B000900098B0F899
:10D4C000560001B07047000082B00190ADF8021024
:10D4D0000199BDF80200A1F8560002B070470000A3
:10D4E00081B000900098B0F8580001B0704700007B
:10D4F00082B00190ADF802100199BDF80200A1F8C8
:10D50000580002B07047000080B582B001900198C9
:10D510000090002101704172052282720222C272C3
:10D5200002730161416100F2331003F0B9FF00980A
:10D5300000F23B1003F094FF009800F5A87003F090
:10D5400097FF009800F5BA7003F09AFF009800F278
:10D55000C51003F09DFF009800F2252003F0A8FFFE
:10D56000009802B080BD000080B586B00590059996
:10D570000091D1F8F0002C3001900198C088ADF8EE
:10D580000E0001988088ADF80C0001984088ADF835
:10D590000A00BDF80E00B1F84821801A04900498E2
:10D5A000D1F814114A42C1EBD271B0EB610F07DA26
:10D5B000FFE70099D1F850010130C1F8500111E0A6
:10D5C00000990498D1F8141101EBD171B0EB610FFF
:10D5D00007DDFFE70099D1F850010138C1F850018B
:10D5E000FFE7FFE70099D1F8FC20D1F81431D1F81A
:10D5F0005001BDF80EC000FB03C01044C1F84C013F
:10D600000198007881F82C0191ED451A91ED530AAB
:10D61000B8EEC00AB8EE411A80EE010A9FED1E1A5C
:10D6200020EE010A81ED4C0A91ED4C0A9FED1B1A88
:10D6300020EE010A81ED4D0ABDF90C0000EE100A42
:10D64000B8EEC00A81ED4E0ABDF90C0000EE100ADA
:10D65000B8EEC00A20EE010A81ED4F0ABDF80A00BB
:10D6600091ED410A70EE000A002140F6FF729FED35
:10D670000C0AF9F7A5FF009981ED500A019840784E
:10D6800000EE100AB8EE400A81ED510ABDF80E0016
:10D69000A1F8480106B080BD0000B44335FA8E3CC5
:10D6A000000000000000000081B00090009890EDA4
:10D6B0004C0A01B07047000082B001908DED000A65
:10D6C00001990098C1F8640102B0704700000000A1
:10D6D00082B001908DED000A01990098C1F87401A3
:10D6E00002B070470000000080B582B00190009148
:10D6F0000198D0F81C110131C0F81C11FFF734FF5C
:10D7000002B080BD0000000082B001908DF80310CF
:10D7100001999DF8030081F8560102B0704700009E
:10D7200082B0019001990091D1F81C01D1F820112B
:10D73000884205D1FFE70099002081F8280104E024
:10D740000099012081F82801FFE70099D1F81C0118
:10D75000C1F8200102B07047B0B58AB00DF1100CCD
:10D76000CDF804C09446019A8E4604460F980E994F
:10D770000994CDF820E08DF81FC082ED020A0593D0
:10D78000C2ED000A8DF80F108DF80E000998029076
:10D79000089800684AF20001C4F20001884208D1EA
:10D7A000FFE7029940F29820C2F20040C1F8F00071
:10D7B00011E0089800684AF20041C4F20001884272
:10D7C00008D1FFE7029940F28830C2F20040C1F868
:10D7D000F000FFE7FFE702999DF81F0081F8F400D1
:10D7E0009DF80F0081F856019DF80E0081F8540154
:10D7F0000598C1F8FC000698C1F800010498C1F82A
:10D80000040108989DF81F10F9F736FC0299C1F839
:10D81000F8000AB0B0BD000083B0029002980090FA
:10D8200090F85401803801460191282800F24C817B
:10D830000199DFE811F043013D0149014901490126
:10D84000490149014901370149014901490149019A
:10D850004901490149014901490149014901490178
:10D86000490149014901490149011F0125012B01D4
:10D870003101490149014901290039005D00770062
:10D880009B00B900E100FB000099D1F8F820A1202D
:10D89000107091F80C01D1F8F820107191F80D0179
:10D8A000D1F8F810487110E10099D1F8F820A220C1
:10D8B000107091F82601D1F8F820907091F82701A6
:10D8C000D1F8F820D07091F80C01D1F8F82010713F
:10D8D00091F80D01D1F8F820507191F80E01D1F8AE
:10D8E000F820907191F80F01D1F8F810C871ECE0B0
:10D8F0000099D1F8F820A320107091F80C01D1F80C
:10D90000F820107191F80D01D1F8F820507191F8BC
:10D910000E01D1F8F820907191F80F01D1F8F810AC
:10D92000C871D2E00099D1F8F820A420107091F8C5
:10D930002401D1F8F820907091F82501D1F8F82051
:10D94000D07091F80C01D1F8F820107191F80D0108
:10D95000D1F8F820507191F80E01D1F8F8209071AB
:10D9600091F80F01D1F8F810C871AEE00099D1F824
:10D97000F820A5201070D1F8F8200020507091F800
:10D980000C01D1F8F820107191F80D01D1F8F820B0
:10D99000507191F80E01D1F8F820907191F80F01B3
:10D9A000D1F8F810C87190E00099D1F8F820A620BD
:10D9B0001070D1F8F8200020507091F82401D1F8AF
:10D9C000F820907091F82501D1F8F820D07091F8E6
:10D9D0000C01D1F8F820107191F80D01D1F8F82060
:10D9E000507191F80E01D1F8F820907191F80F0163
:10D9F000D1F8F810C87168E00099D1F8F820A72094
:10DA0000107091F80C01D1F8F820107191F80D0107
:10DA1000D1F8F820507191F80E01D1F8F8209071EA
:10DA200091F80F01D1F8F810C8714EE00099D1F8C3
:10DA3000F820A820107091F82401D1F8F8209070F7
:10DA400091F82501D1F8F820D07091F80C01D1F8A7
:10DA5000F820107191F80D01D1F8F820507191F86B
:10DA60000E01D1F8F820907191F80F01D1F8F8105B
:10DA7000C871FFE70098D0F8F8109A20087024E0E9
:10DA80000098D0F8F8109B2008701EE00098D0F89D
:10DA9000F8109C20087018E00098D0F8F8109D202D
:10DAA000087012E00098D0F8F810882008700CE098
:10DAB0000098D0F8F8108120087006E00098D0F89F
:10DAC000F8108020087000E0FFE703B07047000006
:10DAD00083B002908DED010A029800909DED010A3D
:10DAE000B0F90A0101EE100AB8EEC11AB4EE410A0B
:10DAF000F1EE10FA06DDFFE70099B1F80A01A1F88E
:10DB00000C0121E000989DED010AB0F90A014042A4
:10DB100001EE100AB8EEC11AB4EE410AF1EE10FAA5
:10DB200007DAFFE70099B1F80A014042A1F80C01B9
:10DB300009E000999DED010ABDEEC00A10EE100A41
:10DB4000A1F80C01FFE7FFE703B0704700000000F9
:10DB500080B582B001900198009004F019FC009803
:10DB6000503004F015FC0098A03004F011FC00982F
:10DB70000021C4F24831C0F800114CF25031A0F835
:10DB800008114FF40062A0F80A210021A0F80C113E
:10DB900049F69A13C3F69963C0F810314FF48033F5
:10DBA000C0F8143180F81811C0F81C11C0F8201109
:10DBB0004FF6FF73A0F82431A0F8262180F8281131
:10DBC0009C2280F8542180F85511022280F85621B9
:10DBD000C0F85811C0F85C11C0F86011C0F86411A9
:10DBE000C0F86811C0F86C11C0F87011C0F8741159
:10DBF00002B080BD0000000080B582B001900198A5
:10DC0000009044F20001C4F29C614160083003F0CE
:10DC100073FD009800210167416780F8801080F84B
:10DC20008110022280F8822080F8831080F884100E
:10DC3000C0F8A410C0F8A810C0F8AC10C0F8B0101C
:10DC4000C0F8B41002B080BD81B00090009940F2DD
:10DC5000E800C2F2004002684DF68363C4F21B3351
:10DC6000A2FB0332920C8A60006844F6D352C1F2E0
:10DC70006202A0FB02208009C86001B0704700006A
:10DC800080B584B0039002910398019000F09CFE4F
:10DC900030B1FFE70199087940F08000087108E091
:10DCA000019800F019FA01990246087910430871A9
:10DCB000FFE7019800F0E4FD30B1FFE70199087932
:10DCC00040F04000087108E0019800F06DF90199FA
:10DCD0000246087910430871FFE70198407928B19E
:10DCE000FFE70198029900F08FFA26E002994BF2C3
:10DCF0001F30C3F67B00486202994DF2C970C3F62B
:10DD00006B308862029944F62F70CBF6E220C8622D
:10DD100002994CF65830C4F21B100863029890ED3B
:10DD20000C1A9FED080A80EE010A80ED080A02999C
:10DD30000020C4F220208861FFE70198007904B038
:10DD400080BD00BFC3F51C4180B586B0059004912D
:10DD50000598029042F63202C2F20042039212216A
:10DD6000062300F0E1FF0298039A1178537841EA04
:10DD7000032142F63003C2F200431980B3F90010C8
:10DD800000EE101AB8EEC00A40F21401C2F20041CF
:10DD900091ED001A20EE010ADDF810C08CED000AAA
:10DDA00092F802C092F803E04CEA0E2CA3F800C0EF
:10DDB000B3F900C000EE10CAB8EEC00A91ED001A27
:10DDC00020EE010ADDF810C08CED010A92F804C0C3
:10DDD00092F805E04CEA0E2CA3F800C0B3F900302D
:10DDE00000EE103AB8EEC00A91ED001A20EE010ADA
:10DDF000049981ED020A0021082300F05DFF0398D9
:10DE000000780F2840F09580FFE7029840790028BD
:10DE10004AD0FFE742F63203C2F200439878D9783D
:10DE200040EA012042F63001C2F200410880B1F917
:10DE3000000000EE100AB8EEC01A40F21800C2F25C
:10DE4000004090ED002A049A92ED090A91EE020A30
:10DE500082ED030A1A7993F805C042EA0C220A807F
:10DE6000B1F9002000EE102AB8EEC01A90ED002A99
:10DE7000049A92ED0A0A91EE020A82ED040A9A7956
:10DE8000DB7942EA03220A80B1F9001000EE101A91
:10DE9000B8EEC01A90ED002A049890ED0B0A91EEAE
:10DEA000020A80ED050A43E042F63203C2F2004363
:10DEB0009878D97840EA012042F63001C2F2004158
:10DEC0000880B1F9000000EE100AB8EEC00A40F276
:10DED0001800C2F2004090ED001A20EE010A049AE8
:10DEE00082ED030A1A7993F805C042EA0C220A80EF
:10DEF000B1F9002000EE102AB8EEC00A90ED001A29
:10DF000020EE010A049A82ED040A9A79DB7942EA4A
:10DF100003220A80B1F9001000EE101AB8EEC00A10
:10DF200090ED001A20EE010A049880ED050AFFE743
:10DF3000FFE7029842F63202C2F200420192222129
:10DF4000022300F0F1FE019908784978C00040EA08
:10DF5000511142F63000C2F200400180B0F90000D9
:10DF6000B0F5806F09DBFFE742F63001C2F20041F5
:10DF70000888A0F500600880FFE742F63000C2F292
:10DF80000040B0F9000000EE100AB8EEC01AB4EE7E
:10DF9000002AB3EE070AA1EE020A049880ED070AF0
:10DFA00006B080BD0000000080B58AB008900898D7
:10DFB0000590002103918DF81F108DF81E100DF1B2
:10DFC0001E02049200F0ECFE05989621069101F0E5
:10DFD00027F80399049A059800F0E2FE059806993F
:10DFE00001F01EF805981421B62200F02DFF0598C7
:10DFF000502100F0C9FF0399049A059800F0D0FE63
:10E000000598069901F00CF80399049A059800F018
:10E01000C7FE0598069901F003F89DF81E000F2829
:10E0200004D0FFE7FF208DF827004FE000208DF897
:10E030001F00FFE79DF81F00052843DCFFE7059858
:10E040009DF81F1001EB410340F2C011C2F20041E4
:10E050000291CA18C95C527800F0F6FE0598962124
:10E06000019100F0DDFF059802999DF81F2002EB59
:10E070004202895C0DF11E0200F092FE05980199A2
:10E0800000F0CEFF02999DF81E009DF81F2002EBC4
:10E0900042021144497888420DD0FFE79DF81F00E5
:10E0A00000EB400140F2C010C2F20040084480780A
:10E0B0008DF827000AE0FFE79DF81F0001308DF87A
:10E0C0001F00B7E700208DF82700FFE79DF8270025
:10E0D0000AB080BD0000000080B58AB008900898A2
:10E0E0000590002103918DF81F108DF81E100DF181
:10E0F0001F02049200F07CFE05989621069100F024
:10E100008FFF0399049A059800F072FE059806990E
:10E1100000F086FF05987E21B62200F0B9FE059832
:10E12000502100F031FF0399049A059800F060FE39
:10E130000598069900F074FF0399049A059800F079
:10E1400057FE0598069900F06BFF9DF81F001E28EA
:10E1500004D0FFE7FF208DF827004FE000208DF866
:10E160001E00FFE79DF81E00052843DCFFE7059829
:10E170009DF81E1001EB410340F2D211C2F20041A2
:10E180000291CA18C95C527800F082FE0598962167
:10E19000019100F045FF059802999DF81E2002EBC1
:10E1A0004202895C0DF11F0200F022FE05980199E0
:10E1B00000F036FF02999DF81F009DF81E2002EB2B
:10E1C00042021144497888420DD0FFE79DF81E00B5
:10E1D00000EB400140F2D210C2F2004008448078C7
:10E1E0008DF827000AE0FFE79DF81E0001308DF84A
:10E1F0001E00B7E700208DF82700FFE79DF82700F5
:10E200000AB080BD0000000080B594B006AA02925A
:10E210001390129113980390002011901090F9F729
:10E22000F7F842F63C00C2F2004080ED000AFFE73A
:10E23000F9F7EEF842F63C00C2F2004090ED001A09
:10E2400030EE410AB2EE041AB4EE410AF1EE10FAD1
:10E250001EDDFFE712994BF21F30C3F67B004862C8
:10E2600012994DF2C970C3F66B308862129944F668
:10E270002F70CBF6E220C86212994CF65830C4F2E7
:10E280001B10086312990020C4F220208861E1E28B
:10E290009FEDE40AF9F760FC1299002008631299D7
:10E2A0004862129988621299C862ADF81600FFE7B9
:10E2B000BDF8160040F2E411C2F20041098888421C
:10E2C00080F2DA81FFE70398122110AA0192062357
:10E2D00000F02AFD9DF840009DF8411040EA012021
:10E2E000ADF83E00BDF93E0000EE100AB8EEC00ADF
:10E2F00040F21400C2F2004090ED001A20EE010A34
:10E30000129981ED000A9DF842109DF8432041EAE0
:10E310000221ADF83E10BDF93E1000EE101AB8EE25
:10E32000C00A90ED001A20EE010A129981ED010A4F
:10E330009DF844109DF8452041EA0221ADF83E10B9
:10E34000BDF93E1000EE101AB8EEC00A90ED001AAA
:10E3500020EE010A129880ED020A129890ED002A30
:10E3600090ED010A90ED021A20EE000AA2EE020AD8
:10E37000A1EE010A06F0E6F802990398019A81EDF0
:10E38000020A91ED021A129991ED0C0A30EE010A7F
:10E3900081ED0C0A0021082300F08EFC9DF840005E
:10E3A0000F285FD1FFE79DF842009DF8431040EA37
:10E3B0000120ADF83E00BDF93E0000EE100AB8EEB7
:10E3C000C00A40F21800C2F2004090ED001A20EEA0
:10E3D000010A129981ED030A129991ED031A91ED48
:10E3E000090A30EE010A81ED090A9DF844109DF8F2
:10E3F000452041EA0221ADF83E10BDF93E1000EE85
:10E40000101AB8EEC00A90ED001A20EE010A129917
:10E4100081ED040A129991ED041A91ED0A0A30EE89
:10E42000010A81ED0A0A9DF846109DF8472041EA4D
:10E430000221ADF83E10BDF93E1000EE101AB8EE04
:10E44000C00A90ED001A20EE010A129880ED050A2C
:10E45000129890ED051A90ED0B0A30EE010A80ED4E
:10E460000B0AFFE7BDF8160038BBFFE708980790D6
:10E470000898069000208DF81500FFE79DF815001C
:10E48000022819DCFFE712989DF8152000EB8200A6
:10E49000C0680CA941F8220012989DF8152000EBE5
:10E4A0008200C06809A941F82200FFE79DF8150025
:10E4B00001308DF81500E1E764E0029890ED020A62
:10E4C00090ED011AB4EE410AF1EE10FA03DDFFE718
:10E4D00008980790FFE7029890ED020A90ED001A65
:10E4E000B4EE410AF1EE10FA03DAFFE7089806905D
:10E4F000FFE700208DF81400FFE79DF814000228C4
:10E500003FDCFFE712989DF8141000EB810090EDBE
:10E51000030A0CA800EB810090ED001AB4EE410A4A
:10E52000F1EE10FA0ADDFFE712989DF8142000EBD7
:10E530008200C0680CA941F82200FFE712989DF8FC
:10E54000141000EB810090ED030A09A800EB810094
:10E5500090ED001AB4EE410AF1EE10FA0ADAFFE784
:10E5600012989DF8142000EB8200C06809A941F8B8
:10E570002200FFE7FFE79DF8140001308DF814003A
:10E58000BBE7FFE7029890ED010A90ED001A30EE2C
:10E59000410A44F66440C2F2004080ED000A0020C7
:10E5A0008DF81300FFE79DF8130002281DDCFFE73C
:10E5B0009DF813100CA800EB810090ED000A09A84B
:10E5C00000EB810090ED001A30EE410A44F66840FD
:10E5D000C2F2004000EB810080ED000AFFE79DF8E9
:10E5E000130001308DF81300DDE744F66440C2F2F9
:10E5F000004090ED000AB6EE001AB4EE410AF1EECA
:10E6000010FA2DDCFFE744F66840C2F2004090EDBE
:10E61000000A9FED961AB4EE410AF1EE10FA1FDCE3
:10E6200002E000BF0AD7A33B44F66840C2F20040B4
:10E6300090ED010A9FED8D1AB4EE410AF1EE10FA49
:10E640000EDCFFE744F66840C2F2004090ED020A9B
:10E650009FED861AB4EE410AF1EE10FA01DDFFE7F4
:10E660000AE09FED830AF9F777FAFFE7BDF8160095
:10E670000130ADF816001BE640F2E410C2F2004093
:10E68000008800EE100AB8EE401A129890ED0C0ABD
:10E6900080EE010A80ED0C0A00208DF81200FFE7E1
:10E6A0009DF8120002281BDCFFE740F2E410C2F2E2
:10E6B0000040008800EE100AB8EE401A12989DF84B
:10E6C000121000EB810090ED090A80EE010A80ED46
:10E6D000090AFFE79DF8120001308DF81200DFE70C
:10E6E0000398222110AA022300F01EFB9DF840008F
:10E6F0009DF84110C00040EA5110ADF83E00BDF950
:10E700003E00B0F5806F07DBFFE7BDF83E00A0F5E7
:10E710000060ADF83E00FFE7BDF93E0000EE100AD4
:10E72000B8EEC01AB4EE002AB3EE070AA1EE020A50
:10E73000129880ED060A42F66C01C2F20041088888
:10E7400001300880FFE744F66440C2F2004090EDDB
:10E75000000A0120B6EE001AB4EE410AF1EE10FAFA
:10E76000009071DCFFE7129890ED0C0A9FED411AC2
:10E7700030EE010AB0EEC00A0120B6EE001AB4EE87
:10E78000410AF1EE10FA00905EDCFFE744F66840C3
:10E79000C2F2004090ED000A01209FED341AB4EE61
:10E7A000410AF1EE10FA00904EDCFFE744F66840B3
:10E7B000C2F2004090ED010A01209FED2C1AB4EE48
:10E7C000410AF1EE10FA00903EDCFFE744F66840A3
:10E7D000C2F2004090ED020A01209FED241AB4EE2F
:10E7E000410AF1EE10FA00902EDCFFE7129890ED4E
:10E7F000090AB0EEC00A01209FED1F1AB4EE410ACB
:10E80000F1EE10FA00901FDCFFE7129890ED0A0A73
:10E81000B0EEC00A01209FED181AB4EE410AF1EEE5
:10E8200010FA009010DCFFE7129890ED0B0AB0EEA2
:10E83000C00A9FED111A0020B4EE410AF1EE10FA61
:10E84000C8BF01200090FFE70098C00700287FF4B0
:10E85000EFACFFE7129890ED0C1A9FED080A80EEDE
:10E86000010A80ED080A14B080BD00BF9A99193ED4
:10E870006F12033ACDCC1CC10AD7233CC3F51C410F
:10E8800080B58AB0089008980590002102918DF813
:10E890001F108DF81E100DF11F02039200F080FA78
:10E8A00005989621049100F0BBFB0299039A059804
:10E8B00000F076FA0499059800F0B2FB059814214F
:10E8C000B62200F0C1FA05985021069100F05CFBD9
:10E8D0000299039A059800F063FA0499059800F0EC
:10E8E0009FFB0299039A059800F05AFA049905983B
:10E8F00000F096FB05983C21012200F0A5FA05984E
:10E90000069900F041FBFFE705983C210DF11F023D
:10E9100000F046FA0598962100F082FB9DF81E0053
:10E9200001308DF81E00FFE79DF81F1000208907B9
:10E930000029019008D4FFE79DF81E1000200A2945
:10E94000B8BF01200190FFE70198C0070028DBD184
:10E95000FFE79DF81E000A2804D1FFE740208DF84C
:10E9600027000DE09DF81F004007002804D5FFE7B1
:10E9700040208DF8270003E000208DF82700FFE7F6
:10E980009DF827000AB080BD80B584B003908DF853
:10E990000B10039801909DF80B10026891720068AB
:10E9A0000068694601230B6040F60001C5F60201CC
:10E9B0000822F2F799F80198006890F88A0004B0EC
:10E9C00080BD00000000000080B596B0149014983F
:10E9D0000C9000210A91ADF840100F918DF83B107A
:10E9E0008DF83A100DF13B020B9200F001FA0C98F1
:10E9F00096210D9100F014FB0A990B9A0C9800F0E7
:10EA0000F7F90C980D9900F00BFB0C987E21B622BB
:10EA100000F03EFA0C98502100F0B6FA0A990B9AD1
:10EA20000C9800F0E5F90C980D9900F0F9FA0A99A4
:10EA30000B9A0C9800F0DCF90C980D9900F0F0FAA4
:10EA40009DF83B001E2804D0FFE7FF208DF85700FB
:10EA50002EE100208DF83A00FFE79DF83A000328E8
:10EA600047DCFFE70C989DF83A1001EB410344F6B0
:10EA70004C51C0F602010991CA18C95C527800F0E5
:10EA800007FA0C989621089100F0CAFA0C98099997
:10EA90009DF83A2002EB4202895C0DF13B0200F046
:10EAA000A7F90C98089900F0BBFA09999DF83B006A
:10EAB0009DF83A2002EB42021144497888420DD079
:10EAC000FFE79DF83A0000EB400144F64C50C0F6D9
:10EAD0000200084480788DF85700E9E00C98502136
:10EAE00000F052FAFFE79DF83A0001308DF83A0045
:10EAF000B3E700208DF83A00FFE79DF83A000128BF
:10EB000075DCFFE70C989DF83A1001EB410144F6E3
:10EB10004C52C0F6020207920A44117B527B00F06D
:10EB2000B7F90C989621069100F07AFA0C98079A9A
:10EB30009DF83A1001EB41011144097B0DF13B02B4
:10EB400000F056F90C98069900F06AFA079A9DF8B9
:10EB50003B009DF83A1001EB41011144497B88428A
:10EB60000DD0FFE79DF83A0044F64C51C0F6020183
:10EB700000EB40000844807B8DF8570098E00C982B
:10EB8000502100F001FA0C9812210FAA062300F080
:10EB9000CBF89DF83C009DF83D1040EA01209DF81F
:10EBA0003A1001EB410211A921F812009DF83E0034
:10EBB0009DF83F2040EA02209DF83A2002EB4202F5
:10EBC00001EB420250809DF840009DF8412040EA50
:10EBD00002209DF83A2002EB420201EB42018880BC
:10EBE000FFE79DF83A0001308DF83A0085E70C9870
:10EBF0006D210491002200F04BF90C9896210591AB
:10EC000000F00EFA04990C980DF13B0200F0F0F8B8
:10EC10000C98059900F004FA9DF83B0020B1FFE73D
:10EC200004208DF8570043E00C987E21B62200F0B6
:10EC30002FF90C98502100F0A7F9BDF94400BDF957
:10EC40004A10401A40F25551884213DBFFE7BDF9E4
:10EC50004600BDF94C10401A40F25551884209DB7C
:10EC6000FFE7BDF94800BDF94E10401AB0F52A7F04
:10EC700004DAFFE780208DF8570019E00C98002196
:10EC800003910DF13B02019200F0B2F80C9896212D
:10EC9000029100F0C5F9019A0C98039900F0A8F8C8
:10ECA0000C98029900F0BCF903988DF85700FFE723
:10ECB0009DF8570016B080BD80B586B005908DF8E0
:10ECC000131003928DF80B300598019040F6000068
:10ECD000C5F602000821E7F7C3FC01989DF8131060
:10ECE00041F08001FFF750FEFFE79DF80B0078B17F
:10ECF000FFE701985521FFF747FE03990870039835
:10ED0000013003909DF80B0001388DF80B00ECE703
:10ED100040F60000C5F602000821E7F7A1FC06B0A6
:10ED200080BD00000000000080B586B005908DF821
:10ED3000131003928DF80B300598019040F60000F7
:10ED4000C5F602000121E7F78BFC01989DF813102E
:10ED500041F08001FFF718FE01989DF8131041F073
:10ED60008001FFF711FEFFE79DF80B0078B1FFE788
:10ED700001985521FFF708FE0399087003980130A8
:10ED800003909DF80B0001388DF80B00ECE740F67E
:10ED90000000C5F602000121E7F762FC06B080BD65
:10EDA00080B586B005908DF81310039205980090F9
:10EDB00040F60000C5F60200029008210191E7F735
:10EDC0004FFC00989DF8131041F08001FFF7DCFD27
:10EDD00000985521FFF7D8FD019902460298039B40
:10EDE0001A70E7F73DFC06B080BD0000000000008F
:10EDF00080B588B007908DF81B1005920798029097
:10EE000040F60000C5F60200049001210391E7F7E7
:10EE100027FC02989DF81B1041F08001FFF7B4FD1C
:10EE2000029855210191FFF7AFFD01990298FFF774
:10EE3000ABFD039902460498059B1A70E7F710FC96
:10EE400008B080BD0000000080B586B005908DF848
:10EE500013108DF812200598019040F60000C5F6B9
:10EE60000200039008210291E7F7FAFB01989DF850
:10EE70001310FFF789FD01989DF81210FFF784FD2C
:10EE800002990398E7F7ECFB06B080BD0000000094
:10EE900080B586B005908DF813108DF81220059876
:10EEA000019040F60000C5F6020003900121029196
:10EEB000E7F7D6FB01989DF81310FFF765FD019861
:10EEC0009DF81210FFF760FD02990398E7F7C8FB61
:10EED00006B080BD0000000080B586B004900391AC
:10EEE000029204980190039820B9FFE700208DF862
:10EEF000170045E00398006843F20001C4F20101E5
:10EF0000884207D1FFE7019940F25450C2F2004015
:10EF1000086025E00398006843F60001C4F2000190
:10EF2000884207D1FFE7019940F26860C2F20040D1
:10EF3000086014E00398006843F60041C4F2000141
:10EF4000884207D1FFE7019940F27C70C2F200408D
:10EF5000086003E000208DF8170011E0FFE7FFE7ED
:10EF6000FFE70198FEF770FEFFE701980299FEF7B0
:10EF700087FE08B1FFE7F8E701208DF81700FFE7EB
:10EF80009DF8170006B080BD87B00690ADF816104A
:10EF900006990020049003900290019000904EF298
:10EFA0001400CEF2000000680090BDF81600C96899
:10EFB000484304904EF21800CEF20000006803901F
:10EFC000FFE74EF21800CEF20000006802900298AF
:10EFD000039988421ED0FFE702980399884207D21E
:10EFE000FFE703980299411A01980844019008E04C
:10EFF00000980299401A039901440198084401902D
:10F00000FFE70298039001980499884201D3FFE733
:10F0100001E0FFE7D5E707B07047000000000000FF
:10F0200087B00690ADF81610069900200490039062
:10F030000290019000904EF21400CEF200000068A1
:10F040000090BDF816008968484304904EF21800FD
:10F05000CEF2000000680390FFE74EF21800CEF2F7
:10F060000000006802900298039988421ED0FFE7D2
:10F0700002980399884207D2FFE703980299411A40
:10F0800001980844019008E000980299401A0399F9
:10F090000144019808440190FFE702980390019809
:10F0A0000499884201D3FFE701E0FFE7D5E707B005
:10F0B000704700000000000081B00090009800211F
:10F0C000017141718160C16001B0704700000000B2
:10F0D00082B00190009100994FF07E500860009935
:10F0E00000204860009988600099C86002B07047AD
:10F0F00081B0009000984FF07E5101600021416086
:10F100000022C4F27A428260C1600161416101B0B3
:10F11000704700000000000080B582B001900198A7
:10F120000090002101704CF28F21C3F67541C1603F
:10F130004CF20001C4F2054101610021C3F6507197
:10F1400041614FF07E5181611C309FED040ADFED7B
:10F15000040A02F045F9009802B080BDACC527371B
:10F1600072F97F3F0000000080B582B001900198E5
:10F1700000901C3002F05CF9009802B080BD0000E5
:10F1800080B586B0059005980090D0F8A0002C308E
:10F190000190019804A9F8F737FB019802300DF1AE
:10F1A0000E01F8F731FB0198043003A9F8F72CFBA6
:10F1B000019806300DF10A01F8F726FB009890F847
:10F1C000B40001282CD1FFE70099BDF81000D1F858
:10F1D000E020801AADF81200BDF91200B1F8B610A7
:10F1E0004A42C1EBD271B0EB610F07DAFFE7009939
:10F1F000D1F8E8000130C1F8E80010E00099BDF94D
:10F200001200B1F8B610B0EB510F07DDFFE700991F
:10F21000D1F8E8000138C1F8E800FFE7FFE7FFE7B1
:10F220000098D0F8E810B0F8B620BDF8103001FB17
:10F230000231C0F8E41090ED2B1A90ED390AB8EEC7
:10F24000C00AB0F8B61002EE101AB8EE422A80EEEC
:10F25000020A9FED312A20EE020A80EE010A80EDBB
:10F26000320A90ED2B1A90ED390AB8EEC00AB0F8C8
:10F27000B61002EE101AB8EE422A80EE020A30EE04
:10F28000000A9FED262A20EE020A80EE010A80ED98
:10F29000330ABDF90E1000EE101AB8EEC00A9FED49
:10F2A000201A20EE010A90ED2B1A80EE010A80ED63
:10F2B000340ABDF90E1000EE101AB8EEC00AB1EE15
:10F2C000081A20EE010A90ED2B1A80EE010A80ED5B
:10F2D000350ABDF90C1000EE101AB8EEC00A80ED28
:10F2E000360ABDF90A1000EE101AB8EEC00A9FEDFA
:10F2F0000D1A30EE010A80ED370ABDF81010C0F883
:10F30000E01090F8B40028B9FFE70099012081F8D7
:10F31000B400FFE706B080BD0000B443DB0F4940F6
:10F320005077D63D3393884381B00090009890ED9C
:10F33000330A01B07047000081B00090009890ED52
:10F34000360A01B07047000081B000900098B0F814
:10F35000B80001B07047000082B001908DED000A46
:10F3600001990098C1F8000102B070470000000048
:10F3700080B582B0019000910198D0F8BC100131A5
:10F38000C0F8BC10FFF7FCFE02B080BD000000001A
:10F3900081B00090009890F8F40001B07047000030
:10F3A00081B00090009890ED340A01B070470000E1
:10F3B00082B001908DED000A01990098C1F8040116
:10F3C00002B070470000000082B001908DF8031079
:10F3D00001999DF8030081F8F40002B07047000025
:10F3E00080B586B005900598039090F8F40001462A
:10F3F000049103286AD80499DFE801F00214263E3C
:10F40000039890ED2C1A90ED420A80EE010AB0F8B4
:10F41000B81001EE101AB8EEC11A20EE010A80ED04
:10F42000430A58E0039890ED2C1A90ED420A80EEC2
:10F43000010AB0F8B81001EE101AB8EEC11A20EEA9
:10F44000010A80ED430A46E0039901F15000029061
:10F4500091ED410A02F0E0FD0298039991ED340A22
:10F4600002F08AFF029802F0EFFD029802F07CFFA2
:10F47000039880ED430A2EE0039890ED400A02F0D5
:10F48000CBFD039890ED330A02F076FF039802F06B
:10F49000DBFD039802F068FF039981ED410A01F159
:10F4A0005000019091ED410A02F0B6FD01980399D8
:10F4B00091ED340A02F060FF019802F0C5FD019859
:10F4C00002F052FF039880ED430A04E00399002004
:10F4D000C1F80C01FFE7039800F08AF806B080BD80
:10F4E00080B584B0039003990291D1F8BC00D1F8A3
:10F4F000C010884211D1FFE70298002180F8C410A3
:10F500009FED0C0A8DED010A02F092FD02989DED2F
:10F51000010A503002F08CFD04E00299012081F8CC
:10F52000C400FFE70299D1F8BC00C1F8C00004B0E4
:10F5300080BD00BF0000000080B586B0059004913A
:10F540008DF80F208DF80E308DED020ACDED010AF9
:10F5500005980090049800684AF20001C4F2000186
:10F56000884208D1FFE7009940F29820C2F200409B
:10F57000C1F8A00023E0049800684AF20041C4F2F8
:10F580000001884208D1FFE7009940F28830C2F2BA
:10F590000040C1F8A00011E0049800684DF200415D
:10F5A000C4F20001884208D1FFE7009940F2E03040
:10F5B000C2F20040C1F8A000FFE7FFE7FFE70099B3
:10F5C0009DF80F0081F8A4009DF80E0081F8F4006A
:10F5D0000298C1F8AC000198C1F8B00004989DF8F9
:10F5E0000F10F7F7E1FD0099C1F8A80006B080BD43
:10F5F00081B00090009991ED430ABDEEC00A10EE73
:10F60000100A000AD1F8A820107091ED430ABDEE4F
:10F61000C00A10EE100AD1F8A810487001B0704767
:10F6200080B582B001908DED000A01980099C0F874
:10F630000C11FFF7DDFF02B080BD000000000000EC
:10F6400080B582B001900198009002F0A1FE009870
:10F65000503002F09DFE00980021C4F21021C0F845
:10F66000AC10002180F8B4104FF40052A0F8B6207E
:10F6700042F21072A0F8B820C0F8BC10C0F8C01058
:10F6800080F8C410032280F8F420C0F8F810C0F805
:10F69000FC10C0F80011C0F80411C0F80811C0F83F
:10F6A0000C1102B080BD000080B582B001900198BD
:10F6B000009002F06DFE0098503002F069FE009854
:10F6C0000021C0F8A41080F8BC104FF40052A0F83C
:10F6D000BE204FF4FA52A0F8C020C0F8C410C0F801
:10F6E000C81080F8CC10032280F8FC20C0F800116C
:10F6F000C0F80411C0F80811C0F80C11C0F81011BE
:10F70000C0F81411C0F81811C0F81C1102B080BD67
:10F7100080B58AB009900891099803900021ADF84E
:10F720001E10089A11685268059204919DF81120E4
:10F730009DF8121041EA0221ADF818109DF813103F
:10F740009DF81420090141EA1211ADF81C109DF832
:10F7500014209DF8151002F00F0241EA0221ADF8C5
:10F760001A109DF8101001F00F0180F8CC109DF8D0
:10F770001010090980F8CD10BDF9181000EE101A0C
:10F78000B8EEC00A9FED4B1A20EE012A90ED2B1A1D
:10F7900090ED3B0AB8EEC00A9FED473A20EE030A0F
:10F7A000A2EE030AB8EE411A30EE010AB0F8E40006
:10F7B00001EE100AB8EEC11A30EE410ABDEEC00AE1
:10F7C00010EE100AADF81E00BDF91E0000EE100A82
:10F7D000B8EEC00A9FED391AB4EE410AF1EE10FA04
:10F7E00007DAFFE70399D1F8EC000130C1F8EC002B
:10F7F00015E0BDF91E0000EE100AB8EEC00A9FED3C
:10F80000301AB4EE410AF1EE10FA07DDFFE7039972
:10F81000D1F8EC000138C1F8EC00FFE7FFE70398EE
:10F82000BDF9181000EE101AB8EEC00A9FED211AAB
:10F8300020EE011A9FED232A9FED230AA1EE020A72
:10F8400080ED340ABDF91C000021019140F6FF72E1
:10F850000292BBEE0E0AF3EE0E0AF7F7B1FE019923
:10F86000029A039880ED350ABDF91A00BAEE040A2F
:10F87000F2EE040AF7F7A4FE039981ED360A9DF82B
:10F88000160000EE100AB8EE400A81ED370A9DF826
:10F89000170000EE100AB8EE400A81ED380A91ED2B
:10F8A000340ABCEEC00A10EE100AA1F8E4000AB057
:10F8B00080BD00BF000080370000B443000034C3A7
:10F8C00000003443DB0F4940C3F5C83F000000008F
:10F8D00081B00090009890ED340A01B070470000AC
:10F8E00082B001908DED000A01990098C1F8FC00EA
:10F8F00002B070470000000082B001908DED000A58
:10F9000001990098C1F8000102B0704700000000A2
:10F9100082B001908DED000A01990098C1F80401B0
:10F9200002B070470000000080B582B001900091E5
:10F930000198D0F8C0100131C0F8C0100099FFF74D
:10F94000E7FE02B080BD000082B001908DF8031088
:10F9500001999DF8030081F8F10002B070470000A2
:10F9600080B586B0059005990491D1F8C000D1F812
:10F97000C410884205D1FFE70499002081F8C8002F
:10F9800004E00499012081F8C800FFE7049890F88A
:10F99000C8000146039120B1FFE7039801285BD01E
:10F9A000B5E0049890F8F10001460291042852D87D
:10F9B0000299DFE801F00312213040000499D1F8E8
:10F9C000A000006891F8A410F03140F22F02C2F2BA
:10F9D00000420823E0F78CFE3DE00499D1F8A00036
:10F9E000006891F8A410F03140F22F02C2F20042F8
:10F9F0000823E0F77DFE2EE00499D1F8A00000680E
:10FA000091F8A410F03140F22F02C2F20042082314
:10FA1000E0F76EFE1FE00499D1F8A000006891F8AD
:10FA2000A41001F5F87140F22F02C2F2004208233F
:10FA3000E0F75EFE0FE00499D1F8A000006891F8AD
:10FA4000A41001F53C7140F22F02C2F200420823DB
:10FA5000E0F74EFEFFE75AE0049890F8F100014607
:10FA60000191042852D80199DFE801F003122130F6
:10FA700040000499D1F8A000006891F8A410F0317A
:10FA800040F22702C2F200420823E0F731FE3DE0D7
:10FA90000499D1F8A000006891F8A410F03140F268
:10FAA0002702C2F200420823E0F722FE2EE004996A
:10FAB000D1F8A000006891F8A410F03140F22702BC
:10FAC000C2F200420823E0F713FE1FE00499D1F8C8
:10FAD000A000006891F8A41001F5F87140F2270227
:10FAE000C2F200420823E0F703FE0FE00499D1F8C8
:10FAF000A000006891F8A41001F53C7140F22702C3
:10FB0000C2F200420823E0F7F3FDFFE7FFE70499A4
:10FB1000D1F8A000006891F8A410F03140F227025B
:10FB2000C2F200420823E0F7E3FD0499D1F8C000D7
:10FB3000C1F8C40006B080BD80B596B01590159888
:10FB4000079090F8F10001460891042800F2EE8138
:10FB50000899DFE811F00500A6003901C001D801BD
:10FB6000079890ED3F0ADFEDF30A9FEDF31A0020AE
:10FB700006904FF6FF71F7F7F3FC079902460698D7
:10FB8000ADF8522091ED2C1A91ED400AF1EE410AA8
:10FB900040F6FF710591F7F7E3FC0599079A0346D4
:10FBA0000698ADF8503092ED3D0ADFEDE40ACDED58
:10FBB000040A9FEDE31AF7F7D3FCDDED040A05997B
:10FBC000079A03460698ADF84E3092ED3E0AB1EE24
:10FBD000041AF7F7C5FC0599079A03460698ADF88D
:10FBE0004C3092ED2D1A92ED410AF1EE410AF7F7F1
:10FBF000B7FCADF84A000DF15200F7F7F5FD079A92
:10FC0000D2F8A810BDF852000880BDF850000009D5
:10FC10008DF84900D2F8A8109DF849008870BDF809
:10FC200050109DF84F0040EA01108DF84800D2F8BE
:10FC3000A8109DF84800C8709DF84E008DF8470048
:10FC4000D2F8A8109DF847000871BDF84C000009D3
:10FC50008DF84600D2F8A8109DF846004871BDF80E
:10FC60004C109DF84B0040EA01108DF84500D2F889
:10FC7000A8109DF8450088719DF84A008DF8440051
:10FC8000D2F8A8109DF84400C871D2F8A00000680E
:10FC900092F8A410F031D2F8A8200823E0F728FD4C
:10FCA00045E1079890ED3F0ADFEDA20A9FEDA21A09
:10FCB000002003904FF6FF71F7F752FC07990246B8
:10FCC0000398ADF8422091ED2C1A91ED400AF1EE27
:10FCD000410A40F6FF710291F7F742FC0299079A38
:10FCE00003460398ADF84030ADF83E0092ED3E0A71
:10FCF000DFED920AB1EE041AF7F732FC0299079A87
:10FD000003460398ADF83C3092ED2D1A92ED410A6E
:10FD1000F1EE410AF7F724FCADF83A000DF142008C
:10FD2000F7F762FD079AD2F8A810BDF842000880E4
:10FD3000BDF8400000098DF83900D2F8A8109DF8F0
:10FD400039008870BDF840109DF83F0040EA01106E
:10FD50008DF83800D2F8A8109DF83800C8709DF8CA
:10FD60003E008DF83700D2F8A8109DF837000871D2
:10FD7000BDF83C0000098DF83600D2F8A8109DF8B7
:10FD800036004871BDF83C109DF83B0040EA011078
:10FD90008DF83500D2F8A8109DF8350088719DF8CF
:10FDA0003A008DF83400D2F8A8109DF83400C871DC
:10FDB000D2F8A000006892F8A410F031D2F8A82080
:10FDC0000823E0F795FCB2E0079890ED3F0ADFEDDD
:10FDD000590A9FED591A002001904FF6FF71F7F76D
:10FDE000BFFB079902460198ADF8322091ED2C1A1D
:10FDF00091ED400AF1EE410A40F6FF710091F7F7EC
:10FE0000AFFB0099079A03460198ADF83030ADF882
:10FE10002E00ADF82C0092ED2D1A92ED410AF1EE74
:10FE2000410AF7F79DFBADF82A000DF13200F7F714
:10FE3000DBFC079AD2F8A810BDF832000880BDF8A4
:10FE4000300000098DF82900D2F8A8109DF829008B
:10FE50008870BDF830109DF82F0040EA01108DF831
:10FE60002800D2F8A8109DF82800C8709DF82E0030
:10FE70008DF82700D2F8A8109DF827000871BDF86A
:10FE80002C0000098DF82600D2F8A8109DF8260055
:10FE90004871BDF82C109DF82B0040EA01108DF838
:10FEA0002500D2F8A8109DF8250088719DF82A0039
:10FEB0008DF82400D2F8A8109DF82400C871D2F85B
:10FEC000A000006892F8A410F031D2F8A82008230E
:10FED000E0F70EFC2BE0079AD2F8A810D2F8FC004D
:10FEE0000860D2F8A810D2F800014860D2F8A0004B
:10FEF000006892F8A41001F5F871D2F8A820082340
:10FF0000E0F7F6FB13E0079AD2F8A810D2F8000148
:10FF10000860D2F8A000006892F8A41001F53C71C6
:10FF2000D2F8A8200423E0F7E3FB00E0FFE716B0D7
:10FF300080BD00BFDB0F49C0DB0F4940000000005F
:10FF40000000FA430000000080B586B0DDF820C054
:10FF5000059004918DF80F208DF80E308DED020A7A
:10FF6000CDED010A05980090049800684AF200015E
:10FF7000C4F20001884208D1FFE7009940F29820BE
:10FF8000C2F20040C1F8A00011E0049800684AF2F3
:10FF90000041C4F20001884208D1FFE7009940F215
:10FFA0008830C2F20040C1F8A000FFE7FFE70099E7
:10FFB0009DF80F0081F8A4009DF80E0081F8F10073
:10FFC0000898C1F8AC000298C1F8B0000198C1F8D7
:10FFD000B40004989DF80F10F6F7B6FF0099C1F829
:10FFE000A80006B080BD000080B58CB00B900B98C7
:10FFF000029090F8F10001460391052804D0FFE734
:020000040802F0
:100000000398062848D08FE0029800F0A1F80298E3
:1000100090ED2E0ADFED450A9FED451A0020019074
:1000200040F6FF71F7F79CFA029902460198ADF885
:100030002A209DF82B2002F00F028DF82920D1F8FC
:10004000A8309DF829209A71BDF82A208DF8282023
:10005000D1F8A8209DF82810D171ADF824004FF6F2
:100060007F71CFF27F0108918DF81F00FFE79DF8A7
:100070001F0005280FDCFFE70298D0F8A8109DF8B4
:100080001F2008A8805C8854FFE79DF81F000130FE
:100090008DF81F00EBE747E0029800F059F802984E
:1000A00090ED2E0ADFED210A9FED211A002000902D
:1000B00040F6FF71F7F754FA029902460098ADF83E
:1000C0001C209DF81D2002F00F028DF81B20D1F896
:1000D000A8309DF81B209A71BDF81C208DF81A20BD
:1000E000D1F8A8209DF81A10D171ADF818004FF67C
:1000F0007F71CFF27F0105918DF81300FFE79DF826
:10010000130005280FDCFFE70298D0F8A8109DF82F
:10011000132005A8805C8854FFE79DF81300013088
:100120008DF81300EBE7FFE70CB080BD00F07FC552
:1001300000F07F450000000082B001908DED000AC4
:1001400001990098C1F8B80002B0704700000000A3
:1001500082B001900198009090ED2E0A9FED131A45
:10016000B4EE410AF1EE10FA08DDFFE700994FF214
:100170000000C4F27F50C1F8B80014E0009890ED80
:100180002E0A9FED0B1AB4EE410AF1EE10FA08DACE
:10019000FFE700994FF20000CCF27F50C1F8B800A1
:1001A00000E0FFE7FFE702B0704700BF00F07F45C7
:1001B00000F07FC50000000080B582B0019001987A
:1001C000009002F0E5F80098503002F0E1F8009855
:1001D0000021C0F8B8104FF48032C0F8BC20C0F83D
:1001E000C010C0F8C41080F8C81080F8F01080F873
:1001F000F110C0F8F410C0F8F810C0F8FC10C0F806
:100200000011C0F8041102B080BD00000000000021
:1002100081B000900098002180F8B411C0F8B811A6
:1002200001B070470000000080B586B005900598C9
:10023000039090F8511000EBC102516801315160F8
:1002400090F8510001460491042800F22881049995
:10025000DFE801F003225074CC000398406DFAF7F8
:10026000CFFB0398406DBC30FFF766F8F7F74CFC06
:100270000398406DB0F87A0501EE100AB8EEC11A85
:10028000B4EE410AF1EE10FA05DBFFE70398012115
:1002900001F0E6F9FFE702E10398406DFAF7B0FBE1
:1002A000039890F8511000EBC1004068642805D312
:1002B000FFE70398022101F0D3F91AE00398406D9B
:1002C000BC30FFF739F8F7F71FFC0398406DB0F822
:1002D0007A0501EE100AB8EEC11AB4EE410AF1EE49
:1002E00010FA05DAFFE70398002101F0B9F9FFE7FA
:1002F000FFE7D4E00398406DBC3003210291FFF783
:1003000063F80398406DBC30FFF70EF803989FED3B
:10031000661A30EE010A416D01F5B56181ED000A02
:10032000416D01F1BC0001F5B56191ED000AFFF7E7
:1003300013F80398029901F093F9B0E00398406D27
:10034000BC30FEF7F9FFF7F7DFFB0398406DB0F81C
:100350007A0501EE100AB8EEC11AB4EE410AF1EEC8
:1003600010FA0EDAFFE742F64001C2F200410888B7
:100370000130088042F64201C2F2004100200880AC
:100380000DE042F64001C2F200410020088042F632
:100390004201C2F20041088801300880FFE742F6BE
:1003A0004000C2F200400088C8280ADBFFE703983B
:1003B00042F64002C2F200420021118001F050F9E1
:1003C000FFE742F64200C2F200400088B0F5C87F65
:1003D0000BDBFFE7039842F64202C2F20042002123
:1003E0001180042101F03CF9FFE758E00398406DCB
:1003F000FAF706FB0398406DBC300021FEF7E4FFDE
:100400000398406DBC309FED270A8DED010A01F085
:100410000FFE03989DED010A406D00F5867001F016
:1004200007FE03989DED010A406DBC30FFF7F8F818
:1004300042F64400C2F20040018801310180008888
:10044000B0F57A7F2ADDFFE70398406DBC30FEF7F8
:1004500073FFF7F759FB0398406DB0F87A0501EE8A
:10046000100AB8EEC11AB4EE410AF1EE10FA14DA2D
:10047000FFE70398406DBC300090FEF755FF0098F1
:10048000FEF76AFF039842F64402C2F200420021DE
:100490001180012101F0E4F8FFE7FFE7FFE706B074
:1004A00080BD00BF00000000D00F49BF0000000069
:1004B00080B582B001900198009001F01DF900987C
:1004C00002B080BD0000000080B584B003900398A6
:1004D000019090F8511000EBC10251680131516058
:1004E00090F8510001460291032800F2B58002996C
:1004F000DFE801F0023A49980198406D00F5377045
:10050000FEF71AFFF7F700FB0198406DB0F87C0585
:1005100001EE100AB8EEC11AB4EE410AF1EE10FA7B
:1005200015DBFFE70198406D00F53770FEF704FF1B
:10053000F7F7EAFA9FED5B1AB4EE410AF1EE10FA12
:1005400005DCFFE70198012101F08AF80BE0019832
:10055000406D90F8980528B9FFE70198032101F054
:100560007FF8FFE7FFE777E0019890F8511000EB84
:10057000C10040682D2805D3FFE70198022101F052
:100580006FF8FFE768E040F2E440C2F20040007814
:10059000B0B9FFE70198406D90F8990501280FD197
:1005A000FFE70198406DFAF7A3F80146019840F281
:1005B000E442C2F200421170002101F051F830E033
:1005C00040F2E440C2F200400078012815D1FFE774
:1005D0000198406D90F8990578B9FFE70198406D52
:1005E000FAF786F80146019840F2E442C2F200426E
:1005F0001170002101F034F812E00198426DB2F858
:100600005C100131A2F85C1090ED160AB2EE041AEB
:1006100030EE010A80ED160A002101F021F8FFE713
:10062000FFE719E00198406D00F53770FEF7B8FE5E
:10063000F7F76AFA0198406D00F5B06090ED001A86
:10064000B4EE410AF1EE10FA05DBFFE70198002154
:1006500001F006F8FFE7FFE7019890ED160AB5EE06
:10066000400AF1EE10FA17DDFFE70198406DD0F86F
:10067000B800FCF721FF0146019800EE101AB8EE11
:10068000C00A9FED091A80EE011A90ED160A30EEAD
:10069000010A80ED160A03E0019900208865FFE752
:1006A00004B080BD00007A4500007AC4000000005C
:1006B00080B582B001900198009001F01DF800987B
:1006C0000021816502B080BD80B58AB0099009988B
:1006D000079090F8511000EBC10251680131516050
:1006E00090F8510001460891042800F2F78008991B
:1006F000DFE801F00341A3B8D90045F69460C2F2E7
:100700000040D0F8900058B1FFE7079890F85110DA
:1007100000EBC10200215160042100F0A1FFFFE7BE
:100720000798406D41F22C310844F8F7ADF90128E3
:100730000BD1FFE7079890F8511000EBC1020021A0
:100740005160022100F08CFFFFE7079890F85110EC
:1007500000EBC1004068B0F57A7F0BD9FFE707983E
:1007600090F8511000EBC10200215160012100F00E
:1007700077FFFFE7B2E00798406D41F2C8310844C7
:10078000F8F762FDC8B9FFE70798406D41F60851D8
:10079000084400210691F9F79FFF07980699406DDC
:1007A00041F2F8421044F8F7EFFF07980699406DC0
:1007B00000F51A7000F074FAFFE70798406D41F2F7
:1007C0002C310844F8F760F9012822D1FFE7079897
:1007D000406D00F51A710491FCF74AFA014604983D
:1007E00000F05EFA0798406D41F2F841014405912E
:1007F000FCF72AFA01460598F8F7C6FF079890F823
:10080000511000EBC10200215160022100F028FFCD
:10081000FFE745F69460C2F20040D0F8900058B16E
:10082000FFE7079890F8511000EBC10200215160DA
:10083000042100F015FFFFE750E00798406D41F2FA
:100840002C310844F8F720F958B9FFE7079890F8D9
:10085000511000EBC10200215160032100F000FFA4
:10086000FFE73BE00798406D029000F51A7000F03A
:100870000FFA01460298FCF703FA0798406D0390BF
:1008800041F2F8410844F8F777FF01460398FCF776
:10089000E3F9079890F8511000EBC1020021516074
:1008A00000F0DEFE1AE045F69460C2F200400190CE
:1008B000ECF7FEFB019840F63061C2F20041B1F85E
:1008C00004218431ECF74CF8079890F8511000EBB4
:1008D000C1020021516000F0C3FEFFE70AB080BDF5
:1008E00080B582B001900198009000F005FF00985B
:1008F00002B080BD0000000081B00090009800218F
:10090000C4F2202141604FF08241816001B0704704
:1009100080B582B0019001980090FEF7C5FE009866
:100920000021C0F83411C0F8381180F83C1102B031
:1009300080BD00000000000080B58AB009900998D1
:10094000079090F8511000EBC102516801315160DD
:1009500090F8510001460891042800F2F7800899A8
:10096000DFE801F00341A3B8D90045F66C50C2F2AC
:100970000040D0F8900058B1FFE7079890F8511068
:1009800000EBC10200215160042100F069FEFFE785
:100990000798406D41F2C8310844F8F755FC01282A
:1009A0000BD1FFE7079890F8511000EBC10200212E
:1009B0005160022100F054FEFFE7079890F85110B3
:1009C00000EBC1004068B0F57A7F0BD9FFE70798CC
:1009D00090F8511000EBC10200215160012100F09C
:1009E0003FFEFFE7B2E00798406D41F22C3108442A
:1009F000F8F74AF8C8B9FFE70798406D41F6085183
:100A0000084400210691F9F767FE07980699406DA2
:100A100041F2F8421044F8F7B7FE07980699406D86
:100A200000F51A7000F03CF9FFE70798406D41F2BD
:100A3000C8310844F8F708FC012822D1FFE70798DD
:100A4000406D00F51A710491FCF712F90146049803
:100A500000F026F90798406D41F2F84101440591F4
:100A6000FCF7F2F801460598F8F78EFE079890F823
:100A7000511000EBC10200215160022100F0F0FD95
:100A8000FFE745F66C50C2F20040D0F8900058B134
:100A9000FFE7079890F8511000EBC1020021516068
:100AA000042100F0DDFDFFE750E00798406D41F2C2
:100AB000C8310844F8F7C8FB58B9FFE7079890F821
:100AC000511000EBC10200215160032100F0C8FD6C
:100AD000FFE73BE00798406D029000F51A7000F0C8
:100AE000D7F801460298FCF7CBF80798406D0390C1
:100AF00041F2F8410844F8F73FFE01460398FCF73D
:100B0000ABF8079890F8511000EBC102002151603A
:100B100000F0A6FD1AE045F66C50C2F200400190CC
:100B2000ECF7C6FA019840F6F011C2F20041B1F8B4
:100B300004218431EBF714FF079890F8511000EB73
:100B4000C1020021516000F08BFDFFE70AB080BDBB
:100B500080B582B001900198009000F0CDFD009822
:100B6000002180F8521002B080BD0000000000009B
:100B700081B00090009800F6FC5090ED000A01B0A2
:100B8000704700000000000081B00090009800F65F
:100B9000046090ED000A01B0704700000000000002
:100BA00081B00090009800F6646090ED000A01B0FA
:100BB000704700000000000082B001908DED000A37
:100BC00001990098C1F8640E02B07047000000005F
:100BD00081B00090009800F6F45090ED000A01B04A
:100BE000704700000000000081B00090009800F6FF
:100BF000F85090ED000A01B07047000000000000BE
:100C000082B001908DED000A01990098C1F8F40DB1
:100C100002B070470000000082B001908DED000A24
:100C200001990098C1F8F80D02B07047000000006B
:100C300081B00090009800F65C6090ED000A01B071
:100C4000704700000000000081B00090009800F59F
:100C5000666090ED000A01B07047000000000000DF
:100C600082B001908DED000A01990098C1F85C0EE8
:100C700002B070470000000082B001908DED000AC4
:100C800001990098C1F8600E02B0704700000000A2
:100C900081B00090009890F8580E01B070470000A5
:100CA00082B001908DF8031001999DF8030081F83E
:100CB000580E02B07047000080B58AB008900898BE
:100CC000059009900830F8F713FD05982430F8F7DF
:100CD0000FFD05984030F8F70BFD05985C30FFF7E5
:100CE00097FA059800F50670FCF786FF059800F561
:100CF0003470FEF711FA059800F55A70FFF7FCFD05
:100D0000059901F2744001F6F40106910790FFE79E
:100D100007980490FEF7C8FC0498069A00F59071B5
:100D2000084691420790F3D1FFE7059901F6F400D8
:100D300001F6F45102910390FFE703980190FFF749
:100D4000E7FD0198029A00F5A071084691420390D0
:100D5000F3D1FFE705980021C4F2A011C0F8F41DFB
:100D6000C0F8F81D4FF08142C0F8FC2D4FF07C52C6
:100D7000C0F8002EC0F8041E46F20001C4F2EA6179
:100D8000C0F8081E4FF08D41C0F80C1E00210091E4
:100D9000C0F8101EC0F8441EC0F8481EC0F84C1E13
:100DA000C0F8501EC0F8541E80F8581EC0F85C1ED3
:100DB000C0F8601EC0F8641EC0F8681EC0F86C1E43
:100DC000C0F8701EC0F8741E00F6786001F0E0FAFA
:100DD000059800F6C86001F0DBFA059800F6187077
:100DE00001F0D6FA00980599C1F8680FC1F86C0FA8
:100DF000C1F8700FC1F8740F4FF07E52C1F8782F10
:100E0000C1F87C0F4CF6E530C4F21600C1F8800F33
:100E10004CF6E530CCF21600C1F8840F40F6DC70D9
:100E2000CBF64970C1F8880F40F6DC70C3F6497004
:100E3000C1F88C0F09980AB080BD000000000000C6
:100E400080B582B001900198009000F53470FEF7F3
:100E50008BF9009802B080BD80B582B001900198F6
:100E60000090D0F8780100F04FFC009880ED600A07
:100E7000D0F8780100F0A8FC009880ED620AD0F864
:100E8000780100F0BDFC009880ED610A02B080BDE1
:100E900081B00090009890ED610A01B070470000A9
:100EA00080B58AB009900998079090F856010146DC
:100EB0000891062800F22E810899DFE811F08D00D4
:100EC000570029002B0107002B01E900079890ED3E
:100ED000411A90ED442A90ED5D0A20EE020A80EE60
:100EE000010AB0F9081101EE101AB8EEC11A20EE8D
:100EF000010ABDEEC00A10EE101AA0F80C11B0F9EC
:100F00000C1100EE101AB8EEC00AFCF7E1FDFFE785
:100F1000079890ED590A01F07FF8079890ED4C0A78
:100F200001F02AFA079801F08FF8079801F01CFAEF
:100F3000079981ED5B0A01F15000069091ED5B0A83
:100F400001F06AF80698079991ED4F0A01F014FA3A
:100F5000069801F079F8069801F006FA0799BDEEB7
:100F6000C00A10EE100AA1F80C01D9E0079901F1AE
:100F7000500091ED5B0A01F04FF80798D0F8780126
:100F800000F056FC40B1FFE7079901F1500091EDE8
:100F90004E0A01F0F1F907E0079901F1500091EDD7
:100FA000620A01F0E9F9FFE707985030059001F077
:100FB0004BF8059801F0D8F90798BDEEC00A10EE7D
:100FC000101AA0F80C11B0F90C1100EE101AB8EEBE
:100FD000C00AFCF77DFDA3E0079890ED590A01F0E7
:100FE0001BF80798D0F8780100F022FCE0B1FFE789
:100FF000079890ED610A01F0BFF9079801F024F815
:10100000079801F0B1F9079981ED5B0A01F15000F1
:10101000049091ED5B0A00F0FFFF0799049891EDB1
:10102000620A01F0A9F91BE0079890ED4C0A01F063
:10103000A3F9079801F008F8079801F095F90799C6
:1010400081ED5B0A01F15000039091ED5B0A00F025
:10105000E3FF0799039891ED4E0A01F08DF9FFE740
:1010600007985030029000F0EFFF029801F07CF9F1
:101070000798BDEEC00A10EE101AA0F80C11B0F9D6
:101080000C1100EE101AB8EEC00AFCF721FD47E083
:10109000079842F2A871C2F2004191ED000A9FED5B
:1010A000231A30EE010A00F0B7FF079842F2A4714C
:1010B000C2F2004191ED000A01F05EF9079800F0DC
:1010C000C3FF079801F050F9079981ED5B0A01F120
:1010D0005000019091ED5B0A00F09EFF0198079986
:1010E00091ED4F0A01F048F9019800F0ADFF019829
:1010F00001F03AF90798BDEEC00A10EE101AA0F8F8
:101100000C11B0F90C1100EE101AB8EEC00AFCF781
:10111000DFFC05E007989FED060AFCF7D9FCFFE726
:101120000798FCF779FB0AB080BD00BF3333A341B9
:10113000000000000000000080B582B0019001981E
:1011400000900521FCF7E0FA00989FED040AFCF7F7
:10115000BFFC0098FCF760FB02B080BD00000000FF
:1011600080B582B0019001980090FCF7F1FC0098E6
:101170000021C0F87C11C0F88011C0F88411C0F8BB
:10118000881102B080BD000080B584B00390039840
:101190000190D0F8080100F01FFB0198B0EE401A52
:1011A0009FED110A8DED020A30EE410A80ED440AEE
:1011B000D0F8080100F02CFB0198B0EE401A9DED2C
:1011C000020A30EE410A80ED460AD0F8080100F02C
:1011D00027FB0198B0EE401A9DED020A30EE410A5D
:1011E00080ED450A04B080BD0000008000000000D2
:1011F00081B00090009890ED450A01B07047000062
:1012000080B588B007900798059090F8F1000146E6
:101210000691052804D0FFE7069806286FD06FE0F6
:10122000059890ED3F0A00F0F7FE0598D0F8080108
:1012300000F0FEFAE0B1FFE7059890ED450A01F0F5
:101240009BF8059800F000FF059801F08DF80599CE
:1012500081ED400A01F15000049091ED400A00F048
:10126000DBFE0599049891ED350A01F085F81FE041
:10127000059890ED340A01F07FF8059800F0E4FE3F
:10128000059801F071F8059981ED400A01F15000CF
:10129000039091ED400A00F0BFFE0599039891ED8F
:1012A000350A9FED1D1A20EE010A01F065F8FFE7EF
:1012B00005985030019000F0C7FE019801F054F8F5
:1012C000059880ED410A90ED410A8DED020A90EDFE
:1012D000440A02F037FB40F23840C2F2004090ED81
:1012E000001A20EE010AF6F70FFC0598B0EE401A3E
:1012F0009DED020A30EE010AFEF71EFF06E0FFE751
:1013000005989FED060AFEF717FFFFE70598FEF721
:101310006BFE08B080BD00BFED2E654200000000EE
:1013200080B582B00190019800900621FEF70CFB79
:1013300000989FED040AFEF7FFFE0098FEF754FEAA
:1013400002B080BD0000000080B582B0019001981D
:101350000090FEF731FF00980021C0F80C11C0F892
:101360001011C0F81411C0F8181102B080BD0000AF
:1013700080B5A2B021902198039011A8019000F0AF
:10138000E7F80199039800F1080219A8009001F00C
:1013900017F800990398103000F04AF9009800F00F
:1013A0003FF9019800F03CF90BA8029000F088F892
:1013B00002990398303000F0BFF8029800F0B4F8BA
:1013C00005A8049000F07CF803980499483000F0D8
:1013D000B3F8049800F0A8F822B080BD0000000027
:1013E00080B584B003908DED020ACDED010A03981B
:1013F0000090022101600199416002998160002101
:10140000C160103000F0FCF80098303000F07CF83B
:101410000098483000F078F80098603000F050F8FC
:101420000098FFF7A5FF009804B080BD0000000001
:1014300080B582B0019001980090603000F074F89F
:101440000098483000F070F80098303000F06CF8E8
:101450000098103000F0E4F8009802B080BD000061
:1014600081B00090009840F20111018001B07047F6
:1014700081B0009000984FF48171018001B07047F5
:1014800081B00090009840F20311018001B07047D4
:1014900081B0009000984FF48271018001B07047D4
:1014A00081B0009000984FF48071018001B07047C6
:1014B00081B0009000984FF48871018001B07047AE
:1014C00080B584B0039000210291019101A900F040
:1014D00003F804B080BD000080B584B00390029191
:1014E0000398019000F010F80198029A1168526870
:1014F0004261034643F8101F0221012201F000F966
:10150000019804B080BD000080B582B001900198C0
:101510000090022181600122C26000F1100301F0FD
:10152000EFF8009802B080BD81B00090009801B043
:10153000704700000000000082B00A46019000924F
:101540000198116952694261016102B0704700005F
:1015500080B58AB00390099000200890079006900B
:1015600005900490FFE79DED040AB8EEC00B8DEDE9
:10157000000B0221084600F063FFB0EE401B9DED1A
:10158000000BB4EE410BF1EE10FA0DDAFFE7049810
:1015900000EB400205A94FF07E5041F82200FFE722
:1015A000049801300490DEE7039805A900F004F8E0
:1015B0000AB080BD0000000080B584B003900291A5
:1015C0000398019000F01CF80198DDF808C0DCF8E1
:1015D0000010DCF80420DCF80830DCF80CC0C0F89F
:1015E0001CC083614261034643F8101F022211466A
:1015F00001F086F8019804B080BD000000000000F2
:1016000080B582B001900198009002228260C26091
:1016100000F11003114601F073F8009802B080BD8C
:1016200081B00090009801B07047000000000000F9
:1016300082B08C460190CDF800C00198DCF8101003
:10164000DCF81420DCF81830DCF81CC0C0F81CC032
:1016500083614261016102B0704700000000000038
:1016600082B001908DF80310019991F8512000206B
:1016700001F8320091F8512001EBC20250609DF850
:101680000320012001F832009DF8030081F8510089
:1016900002B070470000000084B003908DF80B107A
:1016A0008DF80A20039900919DF80B0081F85000F5
:1016B0009DF80A0081F8510000200190FFE7009991
:1016C000019891F8501088420EDAFFE70099019ACC
:1016D000002001F83200019A01EBC2014860FFE7E7
:1016E000019801300190EAE700999DF80A20012055
:1016F00001F8320004B0704781B0009000980021DA
:1017000080F8511001B0704781B00090009890EDC2
:10171000410A9FED051A80EE010A9FED041A20EEA2
:10172000010A01B0704700BF00003443DB0F49409D
:1017300084B0039002918DF80720ADF80430BDF815
:10174000040002990968C96A884206D9FFE702982D
:101750000068C06AADF80400FFE7BDF80400B0F10E
:10176000FF3F04DCFFE70020ADF80400FFE79DF831
:101770000700014600910C2821D80099DFE801F00C
:10178000071F1F1F0D1F1F1F131F1F1F1900BDF84D
:10179000040002990968486311E0BDF80400029949
:1017A000096888630BE0BDF8040002990968C86302
:1017B00005E0BDF80400029909680864FFE704B079
:1017C000704700000000000081B00090009890ED8C
:1017D000290A01B07047000081B00090009890ED98
:1017E0003F0A9FED051A80EE010A9FED041A20EED4
:1017F000010A01B0704700BF00003443DB0F4940CD
:1018000081B00090009890ED410A01B0704700004F
:1018100081B00090009890ED280A01B07047000058
:1018200081B00090009890ED3F0A01B07047000031
:1018300081B00090009890F8880001B070470000D7
:1018400081B00090009890ED400A01B07047000010
:1018500084B00390029101920093009890ED002AC9
:1018600090ED014A90ED026A90ED035AB6EE001A2F
:10187000B0EE417AA6EE467AA5EE457A029822EEBF
:10188000050A94EE060AD0ED000AD0ED011A90ED9B
:10189000023A20EE210AA7EE200A22EE062AA4EE42
:1018A000052AA2EE030A30EE000A019880ED000A34
:1018B000009890ED002A90ED016A90ED024A90EDBB
:1018C000035A22EE057AA6EE047A0298B0EE410A97
:1018D000A6EE460AA5EE450AD0ED000AD0ED011AA3
:1018E00090ED023A20EE210AA7EE200A22EE062A07
:1018F00094EE052AA2EE030A30EE000A019880ED6C
:10190000010A009890ED000A90ED014A90ED023A2C
:1019100090ED032A20EE035A94EE025A029820EE2C
:10192000040AA3EE020A90ED006A90ED017A90EDB0
:10193000022A20EE070AA5EE060AA4EE441AA3EE38
:10194000431AA1EE020A30EE000A019880ED020A65
:1019500004B070470000000084B00390029101922F
:101960000093009890ED002A90ED014A90ED026AF4
:1019700090ED035AB6EE001AB0EE417AA6EE467A22
:10198000A5EE457A029822EE050AA4EE060AD0EDED
:10199000000AD0ED011A90ED023A20EE210AA7EEDE
:1019A000200A22EE062A94EE052AA2EE030A30EE61
:1019B000000A019880ED000A009890ED002A90ED51
:1019C000016A90ED024A90ED035A22EE057A96EEF6
:1019D000047A0298B0EE410AA6EE460AA5EE450A40
:1019E000D0ED000AD0ED011A90ED023A20EE210A66
:1019F000A7EE200A22EE062AA4EE052AA2EE030A8A
:101A000030EE000A019880ED010A009890ED000A7E
:101A100090ED014A90ED023A90ED032A20EE035A30
:101A2000A4EE025A029820EE040A93EE020A90ED08
:101A3000006A90ED017A90ED022A20EE070AA5EEE9
:101A4000060AA4EE441AA3EE431AA1EE020A30EEEF
:101A5000000A019880ED020A04B0704700000000FF
:101A600080B586B005900598029042F64602C2F213
:101A7000004211780131117000F56F70F5F714FA1A
:101A8000029981EDED0A91EDED1A91EDEE0A30EE3D
:101A9000010A81EDEE0A01F1280001F53C71FCF725
:101AA00053F90298D0F8F012C0F8A810D0F8F41248
:101AB000C0F8AC10D0F8F812C0F8B010D0F8FC1292
:101AC000C0F89C10D0F80013C0F8A010D0F8041390
:101AD000C0F8A41090ED270AD0ED280A90ED291A3D
:101AE000D0ED2A1A90ED2B2AD0ED2C2A90EDED3A6C
:101AF00000F58870ECF714FC0298D0F86012D0F86A
:101B00006422D0F86832D0F86CC2C0F898C0C0F82F
:101B10009430C0F89020034643F88C1F039300F5DF
:101B2000567100F1D002FFF793FE0298039B00F577
:101B3000597100F1DC02FFF78BFE0298039B00F560
:101B40005C7100F1E802FFF783FE0298039B00F549
:101B5000697142F2AC72C2F20042FFF7FDFE002052
:101B60008DF81300FFE79DF8130002282CDCFFE737
:101B700002999DF8133001EB830042F2AC72C2F27D
:101B8000004202EB830292ED002A90ED2A0A90EDCA
:101B90002D1A30EE420A91ED333A91EDED2A20EE06
:101BA000020A33EE022A80EE020A21EE031A81EEC7
:101BB000021A30EE010A80ED2D0AFFE79DF81300AE
:101BC00001308DF81300CEE7029800F18C0300F18C
:101BD000B40100F1C002FFF73BFE029800F030F9BB
:101BE00042F64600C2F2004000784BF65001C0F2C7
:101BF0001E5145F62942CCF28F2200FB02104FEA1B
:101C00007000884235D8FFE7029901F13800019051
:101C100091EDC30A00F0B0FB01989FED190A00F0A6
:101C2000FBF9019800F010FA019800F09DFBB5EE69
:101C3000400AF1EE10FA0ADCFFE7029845F6884107
:101C4000C2F200410C220023FFF772FD10E002985F
:101C5000383000F089FB0298BCEEC00A10EE103A52
:101C600045F68841C2F200410C22FFF761FDFFE713
:101C7000FFE70299012081F8C40306B080BD00BFD0
:101C8000000020420000000010B582B001900198D1
:101C9000009090F8C403002861D0FFE7009890ED11
:101CA000BC1A90EDC90AB4EE410AF1EE10FA1BD14C
:101CB000FFE7009890EDBD1A90EDCA0AB4EE410A14
:101CC000F1EE10FA10D1FFE7009890EDBE1A90EDFA
:101CD000CB0AB4EE410AF1EE10FA05D1FFE7009904
:101CE000002081F8880004E00099012081F8880034
:101CF000FFE70099D1F8F002D1F8F422D1F8F832D8
:101D0000D1F8FCC2D1F800E3D1F80443C1F838435C
:101D1000C1F834E3C1F830C3C1F82C33C1F828232B
:101D2000C1F82403D1F80803D1F80C23D1F81033FB
:101D3000D1F814C3D1F818E3D1F81C43C1F85043CB
:101D4000C1F84CE3C1F848C3C1F84433C1F840239B
:101D5000C1F83C03D1F82003C1F85403FFE702B0F7
:101D600010BD00000000000080B584B0039003990E
:101D7000019101F1280001F53C7245F6B431C2F23F
:101D80000041FDF7A9F86420E2F7D2FE019800F5C2
:101D90005F71FDF79DF9019840F2EC11C2F200412C
:101DA000D1ED002A00F58870B2EE040ADFED1A0AC0
:101DB000CDED020A9FED191ADFED191A9FED192AD0
:101DC000ECF702FA0198DDED024A4CF6CD41C3F67C
:101DD0004C51C0F8CC1038309FED130ADFED130AD8
:101DE0009FED132ADFED132A9FED135A0021B0EE69
:101DF000451AF0EE451AB0EE453AF0EE453AB0EE2F
:101E0000454A00F075FA45F68840C2F200400C21C0
:101E1000EAF7C6FA04B080BD6F12833A8096184B79
:101E2000C9E57F3FCDCC4C3D0000484300009643C0
:101E300000007A430000FA430000000000000000A8
:101E400080B586B005900598039044F65042C2F2E2
:101E5000004213685168013341F100011360516081
:101E6000D0F8B812C0F80411D0F8B412C0F80011BC
:101E7000D0F8B012C0F8FC10D0F8C012C0F80811A9
:101E800090EDDF2A90EDE01A90EDE10A90EDE23A54
:101E900021EE000AA2EE030A30EE000A21EE011A3A
:101EA000A2EE021AB0EE002A8DED022AFFEE000A21
:101EB000CDED010AE1EE020A01F0EEFB039880EDA0
:101EC000E30A90EDDF0A90EDE01A90EDE13A90ED33
:101ED000E22A20EE030A91EE020AB8EE001A20EE82
:101EE000010A01F043FBDDED010A9DED022A039892
:101EF00080EDE40A90EDDF3A90EDE04A90EDE10AE2
:101F000090EDE21A20EE010AA3EE040A30EE000A78
:101F100021EE011AA3EE031AE1EE020A01F0BCFB66
:101F2000039880EDE50A00200490FFE7049802285A
:101F300015DCFFE70398049900EB810090EDE30ABC
:101F40009FED081A20EE010A9FED071A80EE010AA4
:101F500080EDE60AFFE7049801300490E6E706B05A
:101F600080BD00BF00003443DA0F4940000000008C
:101F700080B582B0019001980090FDF7B9F8009803
:101F80002830FDF799F80098383000F001FA0098F1
:101F90004FF07E52C0F858230021C0F85C13C0F8FF
:101FA0006013C0F86413C0F86823C0F86C13C0F85D
:101FB0007013C0F87413C0F87823C0F87C13C0F80D
:101FC0008013C0F88413C0F88813C0F88C13C0F8CD
:101FD0009013C0F89413C0F89813C0F89C13C0F87D
:101FE000A013C0F8A413C0F8A8134FF2C352C4F250
:101FF0001C12C0F8AC230022C4F22022C0F8B02387
:1020000080F8C01380F8C11380F8C21380F8C3139E
:1020100080F8C41302B080BD82B001908DED000A3B
:1020200001990098486402B0704700000000000069
:1020300082B001908DED000A01990098C86402B049
:10204000704700000000000080B58AB00990099830
:1020500001900021089107910691059190ED110AD8
:1020600090ED121A30EE410A8DED040A9DED040A3E
:10207000F5F756FD01988DED030A9DED030A90EDED
:10208000011AB4EE410AF1EE10FA07DAFFE70199FE
:10209000886C4864002004900390FFE7019890ED5D
:1020A000080A9DED041A20EE010A8DED080A90ED54
:1020B0000E0AB5EE400AF1EE10FA0DD1FFE70198D5
:1020C00090ED0F0AB5EE400AF1EE10FA04D1FFE7E9
:1020D0004FF07E50029044E001989DED030A90ED90
:1020E0000E1AB4EE410AF1EE10FA04DCFFE74FF0ED
:1020F0007E50029026E0019890ED0E0A9DED031AA5
:10210000B4EE410AF1EE10FA1BDAFFE701989DEDFB
:10211000030A90ED0F1AB4EE410AF1EE10FA10DA4C
:10212000FFE7019890ED0E2A90ED0F1A9DED030A3E
:1021300031EE400A31EE421A80EE010A8DED020ABC
:10214000FFE7FFE701989DED030A90ED0F1AB4EE4B
:10215000410AF1EE10FA03DBFFE700200290FFE7EF
:10216000FFE7019890ED0C0AB5EE400AF1EE10FA87
:1021700010D0FFE7019901F14C0091ED092A91ED92
:102180000C1AB1EE410A80EE020AC1EE020AF4F71F
:10219000B3FEFFE7019890ED100AB5EE400AF1EEAC
:1021A00010FA18D1FFE701989DED021A90ED002A70
:1021B00090ED130A21EE021A9DED042AA1EE020A07
:1021C00080ED130A90ED090A90ED131A20EE010A32
:1021D0008DED070A28E001989DED030A90ED101A95
:1021E000B4EE410AF1EE10FA18DAFFE701989DED1E
:1021F000021A90ED002A90ED130A21EE021A9DEDCD
:10220000042AA1EE020A80ED130A90ED090A90ED6E
:10221000131A20EE010A8DED070A04E0019900204F
:10222000C8640790FFE7FFE70198007A90B9FFE7DD
:10223000019890ED001A90ED063A90ED0A0A9DED96
:10224000042A32EE432A20EE020A80EE010A8DEDC6
:10225000060A11E0019890ED001A90ED053A90ED14
:10226000072A90ED0A0A32EE432A20EE020A80EE97
:10227000010A8DED060AFFE7019890ED042A90ED22
:102280000B1A90ED110A30EE420A20EE010A8DED94
:10229000050A9DED080A9DED071A30EE010A9DED35
:1022A000061A30EE010A9DED051A30EE010A80EDA6
:1022B000070A90ED0D0AB5EE400AF1EE10FA0AD0C9
:1022C000FFE7019901F11C00D1ED0D0AB1EE600AA2
:1022D000F4F712FEFFE70199886CC860486C08614A
:1022E000C8694861049888610AB080BD0000000098
:1022F0008EB002AA0092024600980D9280ED0A0A62
:10230000C0ED090A80ED081AC0ED071A80ED062A13
:10231000C0ED052A80ED043AC0ED033A80ED024A93
:10232000C0ED014A80ED005A8DF807100D990C9808
:1023300008620B9848620A9888620998C8620898EF
:1023400008630798486303980860029848600698F5
:1023500088630598C863049808649DF807000872AC
:102360000EB070470000000081B00090009890ED22
:10237000070A01B07047000082B001908DED000A9D
:1023800001990098886402B07047000000000000C6
:1023900081B0009000980021C160016141618161BC
:1023A000C161016241628162C16201634163816313
:1023B000C163016441648164C16401B0704700007D
:1023C00080B586B001900590049103920499009124
:1023D00000218DF80B10FFF713F900980199039A6B
:1023E00092ED000A00F008FD01208DF80B009DF829
:1023F0000B0020B9FFE70198FFF712F9FFE706B0DD
:1024000080BD00000000000080B582B08DED010AA3
:102410009DED010A01F03EFB02B080BD000000000E
:1024200084B08DED020B8DED001B9DED020B9DED3B
:10243000001B80FE410B04B070470000000000004C
:1024400080B582B0019000919DED010AB8EEC00BFD
:102450009DED001AB8EEC11BFFF7E2FF02B080BD90
:1024600080B582B08DED010A9DED010A02F06AF897
:1024700002B080BD0000000081B0ADF80200BDF9DF
:10248000020000280ED4FFE7BDF9021001F01F0280
:10249000012090404A094EF20011CEF2000141F8AD
:1024A0002200FFE701B070474EF60C50CEF200005C
:1024B0000068C0F30220704782B0ADF806000091BA
:1024C000BDF9060000280AD4FFE700980001BDF915
:1024D00006104EF20042CEF2000288540BE0009843
:1024E0000001BDF8061001F00F014EF61452CEF2B5
:1024F00000028854FFE702B07047000000000000AF
:1025000083B00290029800F0070000904EF60C5144
:10251000CEF200010868019001984FF6FF021040CA
:1025200001900198009A40EA02200022C0F2FA527B
:10253000104301900198086003B07047000000004C
:1025400080B582B042F67000C2F200400190FAF706
:102550008FFE01994DF22940C0F6010040F20002C1
:10256000C0F60002DDF73CFF02B080BD00000000B5
:102570004AF24000C4F20000006840F24C41C2F24E
:102580000041086070470000704700000000000034
:10259000704700000000000089B08DED080A9DED35
:1025A000081A9FED3A2AB5EE000AA1EE020A8DED57
:1025B000050A9DED050ABDEEC00A8DED010A9DEDEF
:1025C000050AB5EE400AF1EE10FA04DAFFE70198C9
:1025D00001380190FFE79DED050A9DED011AB8EE67
:1025E000C11A30EE410A8DED050A9DED050A9FEDF9
:1025F000281A20EE010A8DED000A9DED000ABCEEBE
:10260000C00A10EE100AADF81200BDF81200B0F5C5
:10261000007F0CDBFFE70020ADF812009DED000A03
:102620009FED1C1A30EE010A8DED000AFFE79DEDCB
:10263000000ABDF8120001EE100AB8EE411A30EEA1
:10264000410A8DED060ABDF8121044F66050C0F63E
:10265000020050F821100391BDF8121000EB810028
:10266000406802909DED060AB7EE001A31EE401A5E
:102670009DED032A9DED023A20EE030AA1EE020A27
:102680008DED070A9DED070A09B0704783F9223ED8
:1026900000000044000000C489B008900791069231
:1026A000089840680590079840680490069840682C
:1026B000039008990888498848430290029801903D
:1026C000FFE70198A8B1FFE70598011D059190ED7E
:1026D000000A0498011D049190ED001A30EE010AE1
:1026E0000398011D039180ED000A019801380190C3
:1026F000E7E700208DF803009DF9030009B070475B
:1027000083B00290ADF80610ADF804200093BDF838
:10271000060002990880BDF80400029948800098DC
:102720000299486003B07047BBB03990389139982E
:1027300040683790389840683690399800883490CF
:102740003998408833900020329031902B90369801
:10275000359034982C90FFE72C9858B3FFE73498C5
:102760002C99401A2A90FFE72A9848B1FFE735993B
:10277000081D3590002008602A9801382A90F3E758
:102780003599081D35904FF07E5008602C9801381F
:102790002A90FFE72A9848B1FFE73599081D359040
:1027A000002008602A9801382A90F3E72C98013815
:1027B0002C90D1E700202990FFE72998339988428F
:1027C00080F04D82FFE700202B9029982F903999B7
:1027D00048684988299A01FB022100EB8100359065
:1027E00035980068329029983090299801302D90C2
:1027F000FFE72D983499884225D2FFE73999486838
:1028000049882D9A299B01FB023100EB810035900C
:102810003598006831909DED310AB0EEC00A9DED0B
:10282000321AB0EEC11AB4EE410AF1EE10FA05DD2B
:10283000FFE72D98309031983290FFE7FFE72D9811
:1028400001302D90D5E79DED320AB5EE400AF1EE4C
:1028500010FA76D0FFE730982999884271D0FFE7C7
:102860003998406825903998406824903998408874
:10287000239023982999401A22902F982399299AD6
:1028800000FB0121259800EB8100259030982399C9
:10289000299A00FB0121249800EB8100249000205C
:1028A0002790FFE727982299884213DAFFE72598B7
:1028B000006826902498006825990A1D25920860D2
:1028C000269824990A1D24920860FFE72798013072
:1028D0002790E7E7389840681F90389840681E9026
:1028E000389840881D901D981C902F981D99414341
:1028F0001F9800EB81001F9030981D9941431E984E
:1029000000EB81001E9000202190FFE721981C9988
:10291000884213DAFFE71F98006820901E9800682D
:102920001F990A1D1F92086020981E990A1D1E9269
:102930000860FFE7219801302190E7E701202B9004
:10294000FFE72B9801280CD0FFE79DED320AB5EE8A
:10295000400AF1EE10FA04D1FFE7FB208DF8EB00FE
:10296000BCE19DED321AB7EE000A80EE010A8DED52
:10297000320A399840681A90399840881990199805
:102980002999401A18902F981999299A00FB01212A
:102990001A9800EB81001A9000201B90FFE71B980B
:1029A0001899884210DAFFE79DED321A1A98011D36
:1029B0001A9190ED000A20EE010A80ED000AFFE76F
:1029C0001B9801301B90EAE73898406816903898B9
:1029D00040881590159814902F9815994143169892
:1029E00000EB8100169000201790FFE717981499CC
:1029F000884210DAFFE79DED321A1698011D1691F4
:102A000090ED000A20EE010A80ED000AFFE717981A
:102A100001301790EAE700202D90FFE72D982F99BD
:102A2000884280F08780FFE73999486849882D9A65
:102A3000299B01FB023100EB81003590359800683D
:102A400032903998406812903998406811903998BE
:102A50004088109010982999401A0F9012982D993B
:102A6000109A514300EB8100299900EB81001290EC
:102A700011982F99109A514300EB8100299900EB8E
:102A80008100119000201390FFE713980F9988425E
:102A900015DAFFE79DED321A1198011D119190EDA5
:102AA000002A1298011D129190ED000AA1EE420A2F
:102AB00080ED000AFFE7139801301390E5E738989E
:102AC00040680D90389840680C90389840880B907A
:102AD0000B980A900D982D990B9A514300EB8100A9
:102AE0000D900C982F990B9A514300EB81000C909C
:102AF00000200E90FFE70E980A99884215DAFFE74A
:102B00009DED321A0C98011D0C9190ED002A0D9844
:102B1000011D0D9190ED000AA1EE420A80ED000A20
:102B2000FFE70E9801300E90E5E7FFE72D980130A2
:102B30002D9073E72F9801302D90FFE72D98349951
:102B4000884280F08780FFE73999486849882D9A44
:102B5000299B01FB023100EB81003590359800681C
:102B600032903998406808903998406807903998B1
:102B70004088069006982999401A059008982D9942
:102B8000069A514300EB8100299900EB81000890DF
:102B900007982F99069A514300EB8100299900EB81
:102BA0008100079000200990FFE709980599884265
:102BB00015DAFFE79DED321A0798011D079190ED98
:102BC000002A0898011D089190ED000AA1EE420A22
:102BD00080ED000AFFE7099801300990E5E7389891
:102BE0004068039038984068029038984088019077
:102BF0000198009003982D99019A514300EB8100B0
:102C0000039002982F99019A514300EB81000290A2
:102C100000200490FFE704980099884215DAFFE746
:102C20009DED321A0298011D029190ED002A039841
:102C3000011D039190ED000AA1EE420A80ED000A09
:102C4000FFE7049801300490E5E7FFE72D98013095
:102C50002D9073E7FFE7299801302990ADE500201A
:102C60008DF8A3002B98012833D0FFE79DED320AA1
:102C7000B5EE400AF1EE10FA2BD1FFE73998406823
:102C8000379000202E90FFE72E983499339A5143C5
:102C9000884212D2FFE737982E9900EB810090ED21
:102CA000000AB5EE400AF1EE10FA01D0FFE704E0A9
:102CB000FFE72E9801302E90E6E72E983499339A4C
:102CC0005143884204D1FFE7FB208DF8A300FFE7C2
:102CD000FFE79DF8A3008DF8EB00FFE79DF9EB00FF
:102CE0003BB070470000000092B008AB0093119019
:102CF00010910F92119840680E90109840680D90B6
:102D0000119840680C90109840680B900F9840689C
:102D10000A9011980088ADF81E0010984088ADF810
:102D20001C0011984088ADF81A0000200490BDF8EE
:102D30001E000390FFE70A98049900EB81000990B8
:102D4000BDF81C000590109840680D90FFE700202A
:102D500008900C980E90BDF81A000290FFE70298B8
:102D6000C8B1FFE700980E990A1D0E9291ED001A66
:102D70000D9991ED002A90ED000AA1EE020A80ED76
:102D8000000ABDF81C100D9800EB81000D90029810
:102D900001380290E3E7089809990A1D0992086032
:102DA0000598013805900B98BDF81C10059A891AF2
:102DB00000EB81000D90FFE705980028C7D1FFE7E1
:102DC0000498BDF81C10084404900C98BDF81A1023
:102DD00000EB81000C90039801380390FFE7039803
:102DE0000028A8D1FFE700208DF807009DF9070013
:102DF00012B070470000000089B007AA0092024696
:102E00000098089280ED000A0691089840680590A5
:102E100006984068049008990888498848430390B8
:102E200003980290FFE7029898B1FFE70098059990
:102E30000A1D059291ED000A90ED001A20EE010A9C
:102E40000498011D049180ED000A02980138029057
:102E5000E9E700208DF807009DF9070009B07047E9
:102E600089B00890079106920898406805900798E5
:102E7000406804900698406803900899088849883B
:102E80004843029002980190FFE70198A8B1FFE73C
:102E90000598011D059190ED000A0498011D04910B
:102EA00090ED001A30EE410A0398011D039180ED68
:102EB000000A019801380190E7E700208DF803002F
:102EC0009DF9030009B070478AB0099008910998EC
:102ED0004068079008984068069009980088ADF807
:102EE000120009984088ADF81000BDF81200029059
:102EF00000200190FFE70698019900EB8100059002
:102F0000BDF810000390FFE7039880B1FFE7079832
:102F1000011D0791006805990860BDF81210059819
:102F200000EB81000590039801380390ECE70198CD
:102F300001300190029801380290FFE702980028C2
:102F4000D9D1FFE700208DF803009DF903000AB0F6
:102F5000704700000000000089B08DED080A9DED6B
:102F6000080A9FED391A20EE010A8DED050A9DED44
:102F7000050ABDEEC00A8DED010A9DED050AB5EE0C
:102F8000400AF1EE10FA04DAFFE7019801380190E7
:102F9000FFE79DED050A9DED011AB8EEC11A30EE6E
:102FA000410A8DED050A9DED050A9FED281A20EED8
:102FB000010A8DED000A9DED000ABCEEC00A10EE7C
:102FC000100AADF81200BDF81200B0F5007F0CDB5E
:102FD000FFE70020ADF812009DED000A9FED1C1ADE
:102FE00030EE010A8DED000AFFE79DED000ABDF805
:102FF000120001EE100AB8EE411A30EE410A8DEDD2
:10300000060ABDF8121044F66050C0F6020050F8EF
:1030100021100391BDF8121000EB8100406802906E
:103020009DED060AB7EE001A31EE401A9DED032A17
:103030009DED023A20EE030AA1EE020A8DED070A89
:103040009DED070A09B0704783F9223E0000004455
:10305000000000C40000000070B589B0109D0F9CF6
:10306000DDF838E0DDF834C007950694CDF814E0BB
:10307000CDF810C00393029201910090009901983D
:10308000029A039BDDF810C0DDF814E0069C4C6149
:10309000C1F810E0C1F80CC08B604A600860079866
:1030A0008861009940204877009943F25120C0F68A
:1030B00002000861009943F26920C0F60200C8606E
:1030C000009943F2A930C0F6020088609DF8230001
:1030D00009B070BD00000000B0B58EB045F63C40B0
:1030E000C2F200400B9004200C90E6F70DFB40006C
:1030F0000690069845F6D441C2F200410968896AF3
:10310000B0FBF1F0C00842F29501C0F64F11A0FBF0
:103110000110400800EE100AB8EE400B8DED040BD4
:103120009FED210BBAEE061B00F0AAFDB0EE401B8E
:103130009DED040B80EE010B9FED1D1BB4EE410BCA
:10314000F1EE10FA08DAFFE745F6D440C2F200408B
:103150000168F0208862FFE745F6D440C2F20040E3
:103160000168896AADF81C100068C06AADF81E00DD
:103170000699079A089B0998DDF828E00B9C0C9D9E
:10318000EC46CCF80C50CCF80840CCF804E0CCF875
:10319000000042F64800C2F20040FFF75DFF9DF8D4
:1031A00037000EB0B0BD00BF6379D9928FF3F03F06
:1031B00000000000E0FFEF4083B001908DF80310A5
:1031C0009DF803000199497F884208DAFFE79DF8DE
:1031D00003000199487700208DF80B0003E00120DF
:1031E0008DF80B00FFE79DF80B0003B0704700005F
:1031F00080B582B000200190E3F776FAEDF788FD04
:10320000ECF7D6FAECF780F9ECF712FAECF750FA93
:10321000ECF78EFAECF790FBECF73AFCECF780FD5C
:10322000ECF7A2FEECF754FEECF7E6FEECF728FD17
:10323000ECF7E2FCECF79CFCECF7BAFDECF700FED7
:10324000ECF7B6FBEEF7B4FCFFE7EEF725FDFCE785
:1032500080B582B00090E3F72FFA009908609DF8DE
:10326000070002B080BD00008BB009900891ADF856
:103270001E2009980590BDF81E00002806D4FFE71F
:10328000BDF81E00B0F5803F04DBFFE702208DF89B
:103290002B0083E0BDF81E0005990968C8620898F4
:1032A00078B9FFE7BDF81E0045F25651C5F25551F9
:1032B000A0FB011041000846059A12685163049072
:1032C00066E0089804280FD1FFE7BDF81E0045F21C
:1032D0005651C5F25551A0FB011041000846059A10
:1032E00012689163039050E0089808280FD1FFE717
:1032F000BDF81E0045F25651C5F25551A0FB011014
:1033000041000846059A1268D16302903AE0089895
:103310000C280FD1FFE7BDF81E0045F25651C5F24B
:103320005551A0FB011041000846059A126811642E
:10333000019024E0089810280FD1FFE7BDF81E0087
:1033400045F25651C5F25551A0FB01104100084607
:10335000059A1268916500900EE0BDF81E0045F2D6
:103360005651C5F25551A0FB011041000846059A7F
:103370001268D1650090FFE700980190FFE701987F
:103380000290FFE702980390FFE703980490FFE79D
:103390000498069006988DF82B00FFE79DF82B0007
:1033A0000BB070470000000080B588B00690059112
:1033B0008DF81320069802909DF8130001460191A4
:1033C00020B1FFE70198012806D00BE0029805998B
:1033D000E8F7E6FF039009E002980599E9F734F968
:1033E000039003E002208DF81F0003E003988DF89E
:1033F0001F00FFE79DF81F0008B080BD03B40198CF
:103400004100009850EAC12018BF04204A0D18BF9F
:1034100040F0010040F2FF72B2EB515F08BF40F094
:103420000200012808BF052002B0704741000802D1
:1034300018BF04200A0E18BF40F001004FF07F4271
:1034400032EA010108BF40F00200012808BF052050
:103450007047000010B510EE104A4FF01A402DEDE5
:10346000028B00EB4400B0F1C85F4AD84FF0FC403B
:10347000B0EB440F22D2B0EEC00AF7EE000A30EEF5
:10348000C00AF6EE000A20EE208A18EE100A01F0BB
:1034900038FA00EE100A14F0004F1DBF9FED281AF5
:1034A000DFED280AB1EE400A9FED271A08BFF0EEC3
:1034B000410AF8EE001A20EE210A05E020EE008A0B
:1034C0009FED221ADFED220ADFED221A9FED222A5C
:1034D00070EEC00A20EE080A08EE212ADFED1F1A5E
:1034E00048EE021A9FED1E2A08EE212ADFED1D1A72
:1034F00048EE021ABDEC028B40EE610A30EE810A02
:1035000010BD4FF0CC40B0EB440F82BF9FED160AC8
:10351000BDEC028B10BD4FF07F40B0EB440F05D2E5
:10352000BDEC028BBDE8104001F096B8012001F01F
:103530006BF9BDEC028BBDE8104001F093B80000C0
:103540000000494022AA7D3A000000000000C93F67
:1035500022AAFD3924FE1C3DC78AD83C1E67383D8F
:103560001B93993DAFAA2A3EDB0FC93F10B54FF020
:103570000E402DED028BB0EE408A18EE104A00EBA3
:103580004400B0F1506F4AD84FF0FC40B0EB440F0C
:1035900022D2B0EEC80AF7EE000A30EEC00AF6EE0C
:1035A000000A60EE208A18EE900A01F0AAF901EEF6
:1035B000100A14F0004F1DBFDFED2D0A9FED2D0AFC
:1035C000B1EE411ADFED2C0A08BF9FED2C0AF8EE90
:1035D000001A21EE218A05E0DFED290A68EE088A4B
:1035E000B0EE600A9FED271ADFED271A30EE080AC9
:1035F00048EE811A9FED251A08EEA11ADFED241A74
:1036000048EE811A9FED231A08EEA11A68EE281AD7
:10361000BDEC028B01EE810A30EE200A10BD4FF0A6
:10362000E440B0EB440F0CD918EE100AFFF7FEFE91
:10363000042808BF01F026F8B0EE480ABDEC028B62
:1036400010BD4FF07F40B0EB440F07D2B0EE480AF8
:10365000BDEC028BBDE8104000F0FEBF012001F080
:10366000D3F8BDEC028BBDE8104000F0FBBF0000BA
:103670000000C9BF22AAFDB90000C93F22AAFD3936
:103680000000000024FE1C3DC78AD83C1E67383D60
:103690001B93993DAFAA2A3E70B54FF068422DEDBD
:1036A000048BF0EE408A18EE900AB0EE608A18EEB5
:1036B000101A02EB4003B3F1654F3CBF02EB41022D
:1036C000B2F1654F7DD200BFC0F3C753C1F3C752FB
:1036D0009A1A1B2A09DD10F0004F14BF9FED830AD0
:1036E0009FED830ABDEC048B70BD12F11A0F36DA20
:1036F00011F0004F09D010F0004F0CBF9FED7D0A74
:103700009FED7D0ABDEC048B70BD88EE889A19EEA2
:10371000100AFFF78BFE042808BF00F0B3FF18EE75
:10372000900AFFF783FE054618EE100AFFF77EFEAB
:10373000044619EE100AFFF779FE042D18BF052D77
:1037400008D1042C18BF052C04D1002804BF022086
:1037500001F05AF8B0EE490ABDEC048B70BD42008E
:10376000B2EB410F3AD910F0004F19BFDFED630AF9
:103770009FED630ADFED630A9FED630AB0EE481A1E
:103780000A46B1EE688A80F00041F0EE418A1046A8
:103790000A1A5200B2F1807F34D2484010F0004F34
:1037A000DFED5A1A9FED5A2A1DBFBEEE001A70EEC9
:1037B000E10A30EE420AB6EE001A08BF70EEA10A26
:1037C00000E040E008BF30EE020AB0EE682A01EEE9
:1037D000482A08EE818AC2EE081A15E011F0004F5F
:1037E00004BF9FED4C0AF0EE400AD1D010F0004F1C
:1037F00019BFDFED490A9FED490ADFED490A9FED48
:10380000490AC5E7C8EE881A21EEA11A9FED462A9B
:10381000DFED462A41EE022A9FED452A01EE222ADB
:10382000DFED442A41EE022A9FED432ABDEC048BD2
:1038300001EE222A21EE811A01EE020A30EE210A5F
:1038400030EE200A70BD4FF07F42B2EB400F28BF30
:10385000B2EB410F09D2F0EE480AB0EE680ABDECB7
:10386000048BBDE8704000F0FABE40EA01035B0043
:1038700008BF41F0FF410BD0B2EB400F08BFB2EBE5
:10388000410F08D120F0804008EE900A21F08041DD
:1038900008EE101A18E7B2EB400F12BF5FEA4103BF
:1038A00040F0FF4001F000413FF40EAFB2EB410F9A
:1038B00012BF5FEA400200F0004041F0FF413FF4D8
:1038C00003AF4A0092EA40033FF5FEAE002AACBFC8
:1038D0009FED1A0A9FED1A0A68EE808A28EE008A88
:1038E00018EE900A18EE101AEEE60000DB0FC9BFC2
:1038F000DB0FC93FDB0F4940DB0F49C00000C9BFE8
:1039000022AAFDB90000C93F22AAFD390060ED3EA0
:10391000C30ACE3700000000000049C022AA7DBAC9
:103920000000494022AA7D3A2DAD65BD8FB8D53D36
:103930000FB511BE61C84C3EA8AAAABE0000804FB8
:103940000000802F10EE101A08B5444A6846B2EB0A
:10395000410F28D94FF0E640B0EB410F94BF002053
:103960004FF0FF3000900098002861DB60EE000A05
:1039700010F0010F45D010F0020FDFED391A9FED66
:10398000391A00EEA11ADFED381A40EE811A21EE45
:10399000A01AF0EE400A40EE010A08BFF1EE600AFC
:1039A000B0EE600A08BD314B21F0004293423CD991
:1039B00011F0004FDFED2E0A20EE201ADFED2D0A68
:1039C00019BF31EE601A71EE200A31EE201A71EE45
:1039D000600ABDEEE01A11EE100A9FED271A00F002
:1039E000030000EEC10A9FED251A009000EEC10A07
:1039F0009FED231A00EEC10A9FED221A00EEC10AC4
:103A0000B1E79FED211A9FED210A10F0020F00EEA1
:103A1000810A9FED1F1A00EE801AB7EE000A00EE31
:103A2000810A18BFB1EE400A08BD00F033FE9AE7E4
:103A300010EE100A4000B0F17F4F3CBFB7EE000A15
:103A400008BD07D14FF0010000F0DEFEBDE80840E0
:103A500000F008BEBDE8084000F0FEBDB61F927E33
:103A6000336D4CB9DA82083CA0AA2ABE490E4946F9
:103A700083F9223F0000004B0000C93F00A0FD3940
:103A80000020A2331A61342CB93AB2BACA9F2A3D37
:103A9000DDFFFFBE10B510EE104A4FF01940694926
:103AA000002200EB44002DED028B884257D8DFED59
:103AB000660A14F0004F60EE200A14BFBEEE001A32
:103AC000B6EE001A71EE200AFDEEE00A10EE900A42
:103AD00000EE900AF8EEE00A9FED5C1A00EEC10AD3
:103AE0009FED5B1A00EEC10ADFED5A0A9FED5A1AEC
:103AF00000EE201ADFED590A40EE010A9FED581A38
:103B0000584B00F0030100EE201A21EE000A7B441E
:103B100003EB8103D3ED000A534B7B4403EB81039A
:103B200093ED001A514B41EE000A7B4403EB8101F7
:103B3000801091ED000A70EE800AEABB00EE100AD8
:103B4000B8EEC01ADFED4A1A9FED4A0ABDEC028BAF
:103B500001EE210ABCEEC00A20EE200A10BD4FF093
:103B6000FF40A0431DD04FF0CE40B0EB440F81BFCB
:103B7000F7EE000A30EE200ABDEC028B10BD3E4885
:103B8000B0EB440F28BF012291D2022000F03CFE8E
:103B900014F0004F15D0BDEC028BBDE8104000F0D2
:103BA00071BD14F5000F02BF9FED340ABDEC028B0E
:103BB00010BDBDEC028B00E009E0BDE8104000F054
:103BC0004BBDBDEC028BBDE8104000F053BD00EBD7
:103BD000D07359104FF07E5202EBC15100EE101A13
:103BE000A0EB630002EBC05060EE200A00EE100A6A
:103BF00020EE208A18EE100A88B118EE100AB0F1F3
:103C0000FF4F15D018EE100AFFF710FC042808BF6C
:103C100000F038FDB0EE480ABDEC028B10BD02206A
:103C200000F0F2FDBDEC028BBDE8104000F02ABDB3
:103C3000022000F0E9FDBDEC028BBDE8104000F071
:103C400019BD00000000501E3BAAB8400070313E74
:103C5000F4FD053712BB2A3D12BB2A3EFFFFFF3E93
:103C6000FFFF7F3F3E0E0000420E0000120E0000DC
:103C70000000004B00007E4E0000A0850000000008
:103C80002DE9F04D2DED040B2DED0A8B9AB0DDE9F9
:103C90002550279CDDF890A025F0004624F0004830
:103CA000BAF1000F14BF0121002101EB4502F849D0
:103CB00053184A10934228D3002814BF012300232D
:103CC00003EB44030B44F3498B421ED358EA000133
:103CD00072D0DFF8C4B35D4503D1BAF1000F05D14E
:103CE00086E0BAF1000F08BF002100D0012101EBEE
:103CF000450111F5001F08D8002814BF012100213B
:103D000001EB440111F5001F0BD99DED261B9DED24
:103D1000240B1AB0BDEC0A8B04B0BDE8F04D00F0E6
:103D200073BC0027002DBCBFDC49884521DADC4983
:103D30008845A8BF02271CDAC3451ADCD94901EB24
:103D40002851142908DDC1F1340220FA02F101FAE8
:103D500002F282420DD108E058B9C1F1140228FAEA
:103D600002F101FA02F2424503D101F00101C1F171
:103D7000020756EA0A0120D1002C1EDA002D18BFD6
:103D8000022F01D0012F0AD0022000F03DFD1AB011
:103D9000BDEC0A8B04B0BDE8F04D00F029BC022058
:103DA00000F032FD00F024FCB1EE400B1AB0BDEC87
:103DB0000A8B04B0BDE8F08D1AE09FEDBB9B9FED30
:103DC000BC8BB7EE00AB00287DD1B44880451CD138
:103DD00005F1804010F5801008BFBAF1000F07D040
:103DE000B34508DC002CA8BF9DED260BDEDA07E00A
:103DF000B7EE000BDAE7002CB8BF9DED260BD3DB46
:103E0000AD48784490ED000BD0E7D84548D1002C60
:103E100043DA2EB186423AD1BAF1000F3DD126E005
:103E2000BAF1000F13D0022000F0EEFC00F0FCFB12
:103E30008DED020B9DED240B8DED000B10EE900A25
:103E4000039961F31E0003909DED020BAEE78DED2B
:103E5000029B9DED240B19EE901A10EE900A8DED49
:103E6000000B61F31E0003909DED020B9EE78DEDAC
:103E7000028B9DED240B18EE901A10EE900A8DED3A
:103E8000000B61F31E0003909DED020B8EE704DA38
:103E90009DED241B8AEE010B88E79DED240B85E741
:103EA00086421ADAB4F1804F04BF9DED240B20EE58
:103EB000000B3FF47BAFA4F10050B0F1FF500CD1E8
:103EC000002D0ADB00E008E09DED240B51EC100B07
:103ED00000F0E2FC41EC100B68E79DED240B51EC87
:103EE000100B00F097FCBAF1000FCDE90E0140D1A4
:103EF0009FED730B46B3A6F1E040B0F17F600ED0AA
:103F00005E4536D1002D00DA97B3022F0CBF012099
:103F10004FF0FF3000EE100AB8EEC00B46E7002D60
:103F200001DD002C0DDA002D01DD002C1DDB002D44
:103F300014DA002C12DB012F08BF9FED630B3FF456
:103F400035AFB0EE490B31E7022F18BF002D0CD072
:103F5000012F0AD1002DFFF629AF06E0002DB8BFD2
:103F6000002C06DA012F3FF421AFB0EE480B1DE71D
:103F700019E0012000EBE57050EA070113D0B0EE24
:103F80004A8B791E084308BFBFEE008B50480025BE
:103F900080457ADD4F495048884514DDB0420DDB3D
:103FA000002C19DB2CE0012000F02EFC1AB0BDEC37
:103FB0000A8B04B0BDE8F04D00F02ABBB34502DC2B
:103FC000002C09DC1CE0864202DA002C18DA03E03F
:103FD0005E4528DD002C13DD022000F015FC00F00A
:103FE00023FB8DED020B28EE090B8DED000B10EE7F
:103FF000900A039961F31E0003909DED020BD5E634
:10400000022000F001FC00F01BFB10EE901A18EEED
:10401000900A8DED020B8DED008B61F31E00039075
:104020009DED020BC2E69DED0E0B30EE4A0B8DEDC1
:10403000040B20EE002B9DED041B9FED290BB5EE2C
:10404000003B01EE430B9DED043BB6EE001B03EE7F
:10405000401B22EE012B9DED040B9FED231B20EE58
:10406000011B9FED233B20EE030B9FED233B02EE54
:10407000430B31EE002B8DED022B02959DED022BB3
:1040800032EE411B30EE411B11E139E0000000002F
:10409000FFFF1F00FFFF0F000000F03F0000F07F58
:1040A0000000404301FCFFFF000000000000F07F23
:1040B0000000000000000000F20B00000000000003
:1040C0000000000000000080000000000000F0FF81
:1040D0000000E0410000F043FFFFEF3F0000000060
:1040E000555555555555D53F000000604715F73FCC
:1040F00044DF5DF80BAE543EFE822B654715F73F5B
:104100000020B6F5801F0BDA9DED0E0B9FEDEC1B2A
:1041100020EE010B10EE906A8DED0E0B6FF0340067
:1041200000EB2650C6F31301A0F2FF37E64A41F038
:104130007F6040F040509142D8BF002408DDE34A40
:104140008A42C8BF012403DC0024A0F580107F1C34
:10415000DF49794401EBC4010F9091ED001B9DED07
:104160000E0B30EE410B9DED0E2B31EE023B8AEE35
:10417000032B20EE029BD7498DED029B79440295DB
:1041800091ED003B4FF0005141EA600000EB8440AC
:104190008DED043B00F5002005909DED043B33EED2
:1041A000411B9DED0E3B33EE411B9DED023B9DED12
:1041B000044B03EE440B03EE410B20EE02BB29EE51
:1041C00009CBB0EE4C0BC4480621784400F0D7F977
:1041D0002CEE0C1B20EE010B9DED021B31EE091B9A
:1041E0000BEE010B9DED021B21EE011BB0EE082B27
:1041F00031EE023B33EE003B8DED043B04959DED2B
:10420000043B33EE422B32EE411B30EE412B9DED51
:10421000020B9DED041B20EE011B9DED040B2BEE0C
:10422000000B02EE090B31EE002B8DED022B0295F7
:104230009DED022B32EE411B30EE411B9DED020B3A
:104240009FEDA72B20EE020B9DED022B9FEDA63BD1
:1042500022EE032B9FEDA63B01EE032BA6487844EC
:1042600000EBC40090ED001B32EE011B02EE107A51
:10427000B8EEC22B8DED042B30EE013B9F48784405
:1042800000EBC40090ED002B33EE023B9DED044BA0
:1042900033EE043B8DED023B02959DED023B33EE88
:1042A000443B33EE422B32EE400B31EE401B9DED92
:1042B000260B8DED000B00959DED260B9DED002B43
:1042C00030EE420B9DED022B20EE020B9DED262BD6
:1042D00002EE010B9DED001B9DED022B21EE021B5A
:1042E0008DED021B30EE011B11EE900A11EE101A3B
:1042F000834A8DED001B904224DB821A11430ED1BC
:104300009FED811B30EE011B9DED002B9DED023BCF
:1043100032EE432BB4EEC21BF1EE10FA26DD022082
:1043200000F072FA00F080F910EE901A18EE900A80
:104330008DED020B8DED008B61F31E0003909DED62
:10434000020B33E5724B20F000429A420ED3714AC1
:10435000024411437FF454AE9DED022B31EE421B1B
:10436000B4EEC01BF1EE10FABFF64AAE20F00041E9
:10437000694A6A4B002402EB21529942D8BF9DED55
:10438000021B27DD511C4FF4801222FA01F1014477
:10439000634BC1F30A527B44A2F2FF3293ED001B40
:1043A000604B8DED041BD34021EA0303C1F31301DD
:1043B00041F48011C2F1140221FA02F4059300289D
:1043C000B8BF64429DED021B9DED042B31EE421BF4
:1043D0008DED021B30EE011B8DED041B04959DED50
:1043E000041B9FED512B21EE021B9DED042B9DED37
:1043F000023B32EE432B30EE420B9FED4D2B20EE75
:10440000020B9DED042B9FED4C3B02EE030B31EEB6
:10441000002B8DED002B32EE411B30EE419B9DEDCC
:10442000000B20EE000B46488DED040B052178446F
:1044300000F0A5F89DED001B9DED042B02EE401B46
:104440008DED021B9DED000B20EE010BB0EE002B5D
:1044500031EE422B80EE021B9DED002BB0EE490B9E
:1044600002EE090B31EE400B9DED001B30EE410BCF
:104470003AEE400B10EE900A8DED000B00EB04506D
:1044800001150029C8BF019013DC224651EC100B26
:10449000DBF7EEFFFEF7B2FF042808BF00F0D0F80C
:1044A00022469DED000B51EC100BDBF7E1FFCDE94F
:1044B00000019DED000B28EE000B77E400000000EA
:1044C00000000000000040438E9803007AB60B0005
:1044D0001A08000078080000D20700000000000061
:1044E000000000E009C7EE3FF5015B14E02F3EBE7F
:1044F000FD033ADC09C7EE3F2E070000FE06000070
:104500000000904000000000FE822B654715973C9C
:1045100000CC904000346F3F01FCFFFF0000E03F03
:104520005E060000FFFF0F0000000000432EE63F84
:10453000EF39FAFE422EE63F396CA80C615C20BED2
:104540009E05000010B52DED028BB1EEC08A18EE6D
:10455000100A20F00040C0F1FF40C00F0AD010EE5A
:10456000100A20F00040C0F1FF40C00F04BF01203E
:1045700000F04AF9B0EE480ABDEC028B10BDB0EE77
:10458000401B491E00EBC10292ED000B31F0060208
:104590000DD0491E00EBC10292ED002BB0EE403B66
:1045A000B0EE420B03EE010B31F00602F1D102290D
:1045B00014D004290AD0062918BF704790ED0A2BA1
:1045C00000EE012B90ED080B02EE010B90ED062B97
:1045D00000EE012B90ED040B02EE010B90ED022B8F
:1045E00000EE012B90ED000B02EE010B7047000076
:1045F0009FED031BB7EE002B82EE010B704700000E
:10460000000000000000000030EE010B70470000C9
:104610009FED031B81EE010B7047000000000000BE
:1046200000000000000000009FED030B20EE000BD7
:104630007047000000000000000000000000007053
:104640009FED030B20EE000B704700000000000000
:10465000000000000000001030EE000A704730EE4D
:10466000200A7047DFED020A80EEA00A70470000C2
:10467000000000009FED020A20EE000A70470000D3
:10468000000000709FED020A20EE000A7047000053
:10469000000000102DE9F0014FF07F42B2EB410F16
:1046A0009FBF4FF0FF310160BDE8F00170474FF050
:1046B000004242EA0123C1F3C752783A551112F081
:1046C0001F0C434CCCF120067C44C1F3C752A2F12D
:1046D00078024FEA621204EB820254F8254008BFC8
:1046E000D2E9015612D0556804FA0CF425FA06F7FF
:1046F0003C43976805FA0CF527FA06F8D26807FAE2
:104700000CFCF24045EA08054CEA0206A4FB034C07
:10471000A5FB0352A6FB03631D449D4234BF012643
:1047200000261319334416B1934202D903E0934291
:1047300001D2012200E00022624402F1200C920624
:10474000DC0C42EA443200EE102A5B03DFED210A62
:10475000F8EEC01A00EE103A4FEA9C1C11F0004F20
:10476000B8EE400AC0F800C020EE201A00EE105A41
:10477000DFED190AB8EE400A20EE200A71EE810A38
:1047800070EE800A10EE902A02F500626FF30B02C1
:1047900000EE902A70EEE11A31EEC11ADFED101A28
:1047A00030EE411A9FED0D0A20EE800A01EE210A3B
:1047B0009FED0C1A00EE810A04BFBDE8F0017047BE
:1047C000CCF180510160BDE8F001B1EE400A7047C4
:1047D00034030000000000360000802C22AAFD29CE
:1047E000DB0FC92F0000C92F02E008C8121F08C143
:1047F000002AFAD170477047002001E001C1121F62
:10480000002AFBD170470000014908607047000092
:104810000800002482B0CDE9000121F000400190A1
:104820009DED000B02B051EC100B7047F0B50B3052
:10483000154D20F007010024144A0FE003688B4255
:104840000BD38B4205D95E1A43184768C3E900674A
:1048500000E04368136002C004E0021D10680028F5
:10486000ECD12046002802D1286808B10020F0BD14
:10487000064A07481060074A121A22F00702C0E9E8
:10488000002401202860D7E7040000240000002451
:104890001461002410C1002400B541EC100B2DED73
:1048A000028B83B0B1EEC08B18EE100A18EE901A8E
:1048B0008DED008B002818BF0120084320F0004038
:1048C000C0F17F6000F1E040C00F14D010EE101A6C
:1048D00010EE900A8DED000B002918BF012108434E
:1048E00020F00040C0F17F6000F1E040C00F04BF45
:1048F0000120FFF789FF51EC180B03B0BDEC028BD0
:1049000000BD10B500EE100A2DED028BB1EEC08A8D
:1049100018EE100A20F00040C0F1FF40C00F0AD08E
:1049200010EE100A20F00040C0F1FF40C00F04BF9D
:104930000120FFF769FF18EE100ABDEC028B10BDD5
:104940000000803F0030983F0000B53F0040D73F57
:1049500000000000320A7E397F661E395B991F39DC
:104960000000803FF037983FF304B53FFD44D73F48
:10497000000000000000F03F000000000000F83FD1
:1049800000000000000000000000004003B8E23F0B
:10499000000000000000000006D0CF43EBFD4C3EBD
:1049A000033333333333E33FFFAB6FDBB66DDB3FB2
:1049B0004D268F515555D53F01411DA96074D13FFA
:1049C00065DBC9934A86CD3FEF4E454A287ECA3FF4
:1049D0003E5555555555C53F93BDBE166CC166BF76
:1049E0002CDE25AF6A56113FF16BD2C541BDBBBE6F
:1049F000D0A4BE726937663E0000000000000000CF
:104A0000000000006E83F9A22915444ED15727FCFF
:104A1000C0DD34F5999562DB4190433CAB6351FEB8
:104A20000000000000000000000000000000000086
:104A30000000000001000000020000000300000070
:104A4000040000000000000005000000000000005D
:104A50000000000000000000060000000000000050
:104A6000000000000000000007000000000000003F
:104A700001020304010203040607080900010203FE
:104A800004050607080C1014182030400006101604
:104A900000061016080402040801010101010103C7
:104AA00007010000010002000400060008000A00DF
:104AB0000C00100020004000800000010000803F3A
:104AC00000000000000000000000000000000000E6
:104AD00000000000000000000000803F0000000017
:104AE00000000000000000000000000000000000C6
:104AF000000000000000803F0000000000000000F7
:104B000000000000000000000000000000000000A5
:104B10000000803F000000000000000000000000D6
:104B20000000000000000000000000000000803FC6
:104B30000000000000000000000000000000000075
:104B400000000000000000000000803F000089110C
:104B500012239B322446AD573665BF74488CC19DE5
:104B60005AAFD3BE6CCAE5DB7EE9F7F881100801C5
:104B700093331A22A5562C47B7753E64C99C408DC5
:104B8000DBBF52AEEDDA64CBFFF976E802218B3061
:104B9000100299132667AF763444BD554AADC3BCA5
:104BA000588ED19F6EEBE7FA7CC8F5D983310A2085
:104BB00091121803A7772E66B5543C45CBBD42AC85
:104BC000D99E508FEFFB66EAFDD874C904428D531D
:104BD00016619F702004A9153227BB364CCEC5DF65
:104BE0005EEDD7FC6888E1997AABF3BA85520C4345
:104BF00097711E60A1142805B3373A26CDDE44CF45
:104C0000DFFD56ECE9986089FBBB72AA06638F72E0
:104C100014409D512225AB343006B9174EEFC7FE24
:104C20005CCCD5DD6AA9E3B8788AF19B87730E6204
:104C300095501C41A3352A24B1163807CFFF46EE04
:104C4000DDDC54CDEBB962A8F99A708B08848195AC
:104C50001AA793B62CC2A5D33EE1B7F04008C919F4
:104C6000522BDB3A644EED5F766DFF7C89940085B4
:104C70009BB712A6ADD224C3BFF136E0C1184809D4
:104C8000D33B5A2AE55E6C4FF77D7E6C0AA583B450
:104C9000188691972EE3A7F23CC0B5D14229CB38B4
:104CA000500AD91B666FEF7E744CFD5D8BB502A474
:104CB00099961087AFF326E2BDD034C1C3394A2894
:104CC000D11A580BE77F6E6EF55C7C4D0CC685D70C
:104CD0001EE597F42880A1913AA3B3B2444ACD5B74
:104CE0005669DF78600CE91D722FFB3E8DD604C734
:104CF0009FF516E4A9902081BBB332A2C55A4C4B54
:104D0000D7795E68E11C680DF33F7A2E0EE787F6CF
:104D10001CC495D52AA1A3B03882B193466BCF7A33
:104D20005448DD59622DEB3C700EF91F8FF706E6F3
:104D30009DD414C5ABB122A0B9923083C77B4E6A13
:104D4000D5585C49E33D6A2CF11E780F40AC037DD9
:104D500004014103057C00026D0D026D0902000093
:104D600000000000900E493CB00AC93C2CC3163D1F
:104D70002FFB483D742B7B3D05A9963D80B6AF3D8A
:104D800036BDC83D2EBCE13D73B2FA3D86CF093E2B
:104D90008340163EB6AB223EA2102F3ECF6E3B3E66
:104DA000C2C5473E0115543E135C603E7F9A6C3E7F
:104DB000CCCF783EC07D823E938E883E229A8E3E36
:104DC00031A0943E86A09A3EE59AA03E128FA63E60
:104DD000D47CAC3EEF63B23E2A44B83E4A1DBE3E90
:104DE00015EFC33E53B9C93ECA7BCF3E4136D53ECF
:104DF00080E8DA3E4F92E03E7533E63EBBCBEB3EB9
:104E0000EA5AF13ECBE0F63E275DFC3EE4E7003F88
:104E10003D9C033F824B063F9BF5083F6B9A0B3F3F
:104E2000DA390E3FCDD3103F2A68133FD9F6153F2C
:104E3000C07F183FC6021B3FD17F1D3FCBF61F3FEF
:104E40009967223F25D2243F5636273F1594293FA4
:104E50004AEB2B3FDE3B2E3FBB85303FC9C8323F7C
:104E6000F304353F233A373F4268393F3B8F3B3F9E
:104E7000F9AE3D3F67C73F3F70D8413F00E2433F37
:104E800003E4453F65DE473F12D1493FF8BB4B3F46
:104E9000029F4D3F1F7A4F3F3D4D513F4918533FB1
:104EA00031DB543FE595563F5348583F6AF2593F2E
:104EB0001A945B3F532D5D3F05BE5E3F2146603F28
:104EC00098C5613F5A3C633F59AA643F880F663FCB
:104ED000D86B673F3CBF683FA7096A3F0C4B6B3FED
:104EE0005E836C3F93B26D3F9ED86E3F73F56F3F0C
:104EF0000809713F5213723F4714733FDD0B743F33
:104F00000BFA743FC6DE753F07BA763FC58B773F15
:104F1000F853783F9812793F9DC7793F02737A3FE3
:104F2000BE147B3FCDAC7B3F283B7C3FC9BF7C3F61
:104F3000AC3A7D3FCCAB7D3F24137E3FB0707E3FCB
:104F40006DC47E3F580E7F3F6D4E7F3FAB847F3FE9
:104F50000FB17F3F98D37F3F43EC7F3F11FB7F3FF3
:104F60000000803F11FB7F3F43EC7F3F98D37F3FA2
:104F70000FB17F3FAB847F3F6D4E7F3F580E7F3F29
:104F80006DC47E3FB0707E3F24137E3FCCAB7D3F2F
:104F9000AC3A7D3FC9BF7C3F283B7C3FCDAC7B3FDB
:104FA000BE147B3F02737A3F9DC7793F9812793FC9
:104FB000F853783FC58B773F07BA763FC6DE753F1B
:104FC0000BFA743FDD0B743F4714733F5213723F6B
:104FD0000809713F73F56F3F9ED86E3F93B26D3FE6
:104FE0005E836C3F0C4B6B3FA7096A3F3CBF683F39
:104FF000D86B673F880F663F59AA643F5A3C633FAE
:1050000098C5613F2146603F05BE5E3F532D5D3F21
:105010001A945B3F6AF2593F5348583FE595563F13
:1050200031DB543F4918533F3D4D513F1F7A4F3FAD
:10503000029F4D3FF8BB4B3F12D1493F65DE473FD2
:1050400003E4453F00E2433F70D8413F67C73F3F1D
:10505000F9AE3D3F3B8F3B3F4268393F233A373FF4
:10506000F304353FC9C8323FBB85303FDE3B2E3F9E
:105070004AEB2B3F1594293F5636273F25D2243F34
:105080009967223FCBF61F3FD17F1D3FC6021B3FD2
:10509000C07F183FD9F6153F2A68133FCDD3103F84
:1050A000DA390E3F6B9A0B3F9BF5083F824B063F68
:1050B0003D9C033FE4E7003F275DFC3ECBE0F63E2E
:1050C000EA5AF13EBBCBEB3E7533E63E4F92E03EF3
:1050D00080E8DA3E4136D53ECA7BCF3E53B9C93E61
:1050E00015EFC33E4A1DBE3E2A44B83EEF63B23EB2
:1050F000D47CAC3E128FA63EE59AA03E86A09A3E96
:1051000031A0943E229A8E3E938E883EC07D823E90
:10511000CCCF783E7F9A6C3E135C603E0115543EC6
:10512000C2C5473ECF6E3B3EA2102F3EB6AB223EDD
:105130008340163E86CF093E73B2FA3D2EBCE13D58
:1051400036BDC83D80B6AF3D05A9963D742B7B3D6D
:105150002FFB483D2CC3163DB00AC93C900E493C7C
:1051600000000000900E49BCB00AC9BC2CC316BD9B
:105170002FFB48BD742B7BBD05A996BD80B6AFBD86
:1051800036BDC8BD2EBCE1BD73B2FABD86CF09BE27
:10519000834016BEB6AB22BEA2102FBECF6E3BBE62
:1051A000C2C547BE011554BE135C60BE7F9A6CBE7B
:1051B000CCCF78BEC07D82BE938E88BE229A8EBE32
:1051C00031A094BE86A09ABEE59AA0BE128FA6BE5C
:1051D000D47CACBEEF63B2BE2A44B8BE4A1DBEBE8C
:1051E00015EFC3BE53B9C9BECA7BCFBE4136D5BECB
:1051F00080E8DABE4F92E0BE7533E6BEBBCBEBBEB5
:10520000EA5AF1BECBE0F6BE275DFCBEE4E700BF84
:105210003D9C03BF824B06BF9BF508BF6B9A0BBF3B
:10522000DA390EBFCDD310BF2A6813BFD9F615BF28
:10523000C07F18BFC6021BBFD17F1DBFCBF61FBFEB
:10524000996722BF25D224BF563627BF159429BFA0
:105250004AEB2BBFDE3B2EBFBB8530BFC9C832BF78
:10526000F30435BF233A37BF426839BF3B8F3BBF9A
:10527000F9AE3DBF67C73FBF70D841BF00E243BF33
:1052800003E445BF65DE47BF12D149BFF8BB4BBF42
:10529000029F4DBF1F7A4FBF3D4D51BF491853BFAD
:1052A00031DB54BFE59556BF534858BF6AF259BF2A
:1052B0001A945BBF532D5DBF05BE5EBF214660BF24
:1052C00098C561BF5A3C63BF59AA64BF880F66BFC7
:1052D000D86B67BF3CBF68BFA7096ABF0C4B6BBFE9
:1052E0005E836CBF93B26DBF9ED86EBF73F56FBF08
:1052F000080971BF521372BF471473BFDD0B74BF2F
:105300000BFA74BFC6DE75BF07BA76BFC58B77BF11
:10531000F85378BF981279BF9DC779BF02737ABFDF
:10532000BE147BBFCDAC7BBF283B7CBFC9BF7CBF5D
:10533000AC3A7DBFCCAB7DBF24137EBFB0707EBFC7
:105340006DC47EBF580E7FBF6D4E7FBFAB847FBFE5
:105350000FB17FBF98D37FBF43EC7FBF11FB7FBFEF
:10536000000080BF11FB7FBF43EC7FBF98D37FBF9E
:105370000FB17FBFAB847FBF6D4E7FBF580E7FBF25
:105380006DC47EBFB0707EBF24137EBFCCAB7DBF2B
:10539000AC3A7DBFC9BF7CBF283B7CBFCDAC7BBFD7
:1053A000BE147BBF02737ABF9DC779BF981279BFC5
:1053B000F85378BFC58B77BF07BA76BFC6DE75BF17
:1053C0000BFA74BFDD0B74BF471473BF521372BF67
:1053D000080971BF73F56FBF9ED86EBF93B26DBFE2
:1053E0005E836CBF0C4B6BBFA7096ABF3CBF68BF35
:1053F000D86B67BF880F66BF59AA64BF5A3C63BFAA
:1054000098C561BF214660BF05BE5EBF532D5DBF1D
:105410001A945BBF6AF259BF534858BFE59556BF0F
:1054200031DB54BF491853BF3D4D51BF1F7A4FBFA9
:10543000029F4DBFF8BB4BBF12D149BF65DE47BFCE
:1054400003E445BF00E243BF70D841BF67C73FBF19
:10545000F9AE3DBF3B8F3BBF426839BF233A37BFF0
:10546000F30435BFC9C832BFBB8530BFDE3B2EBF9A
:105470004AEB2BBF159429BF563627BF25D224BF30
:10548000996722BFCBF61FBFD17F1DBFC6021BBFCE
:10549000C07F18BFD9F615BF2A6813BFCDD310BF80
:1054A000DA390EBF6B9A0BBF9BF508BF824B06BF64
:1054B0003D9C03BFE4E700BF275DFCBECBE0F6BE2A
:1054C000EA5AF1BEBBCBEBBE7533E6BE4F92E0BEEF
:1054D00080E8DABE4136D5BECA7BCFBE53B9C9BE5D
:1054E00015EFC3BE4A1DBEBE2A44B8BEEF63B2BEAE
:1054F000D47CACBE128FA6BEE59AA0BE86A09ABE92
:1055000031A094BE229A8EBE938E88BEC07D82BE8C
:10551000CCCF78BE7F9A6CBE135C60BE011554BEC2
:10552000C2C547BECF6E3BBEA2102FBEB6AB22BED9
:10553000834016BE86CF09BE73B2FABD2EBCE1BD54
:1055400036BDC8BD80B6AFBD05A996BD742B7BBD69
:105550002FFB48BD2CC316BDB00AC9BC900E49BC78
:105560000000008043444320496E746572666163A5
:10557000650043444320436F6E6669670053544D92
:105580006963726F656C656374726F6E69637300D3
:1055900053544D3332205669727475616C20436FD9
:1055A0006D506F7274000000D05502080000002496
:1055B000000200003E050008F05602080002002428
:1055C000103F0100F8470208D918FFFFCD18FFFF70
:1055D0000114480AE7416B3A58A08B3AFF015DFB82
:1055E0008281010B5AFC0812FD180AF9450108696D
:1055F00046010889041AB1041E01470108A9141ABA
:10560000190C5108081250C347CDCCCC3D040953A6
:105610001C110B1AC8421C112C90D00304480BE13A
:1056200038010811360108413CA81B0137B85E3427
:105630000108A135B8711A01281A911C1A71081AAB
:105640007908140902431302011DC03209041D1A0E
:10565000020B13052416100105240110090104246E
:105660000202052406170107058203081510090424
:105670000133020A2E0705010240072A8107111390
:105680000A0632023340011A12231302021E40831B
:10569000044057591B0203151311081B0809041372
:1056A000A9071B0849081A99040718040309041AD2
:1056B0000314FFFF0F160810820911160A15800B3C
:1056C0001610090C18010D7D04017C160240AB0375
:1056D00041200A055308065804077017280D48E1B1
:1056E000DA3FE02D103BF62851C280721000000016
:04000005080002CD20
:00000001FF
